<?xml version="1.0" encoding="UTF-8"?>
<osm version="0.6" generator="Overpass API 0.7.62.11 87bfad18">
<note>The data included in this document is from www.openstreetmap.org. The data is made available under ODbL.</note>
<meta osm_base="2026-09-03T06:14:17Z"/>

  <node id="430817471" lat="29.6237860" lon="78.3696282" version="1" timestamp="2009-06-29T17:03:50Z" changeset="1679201" uid="96850" user="Alok sharma"/>
  <node id="968682990" lat="29.6079190" lon="78.3152470" version="1" timestamp="2010-10-29T13:05:57Z" changeset="6218409" uid="96850" user="Alok sharma"/>
  <node id="968683084" lat="29.6077250" lon="78.3109130" version="1" timestamp="2010-10-29T13:06:00Z" changeset="6218409" uid="96850" user="Alok sharma"/>
  <node id="968683117" lat="29.6045710" lon="78.3045180" version="1" timestamp="2010-10-29T13:06:01Z" changeset="6218409" uid="96850" user="Alok sharma"/>
  <node id="968683223" lat="29.6077470" lon="78.3146680" version="1" timestamp="2010-10-29T13:06:03Z" changeset="6218409" uid="96850" user="Alok sharma"/>
  <node id="968683359" lat="29.6074250" lon="78.3099900" version="1" timestamp="2010-10-29T13:06:07Z" changeset="6218409" uid="96850" user="Alok sharma"/>
  <node id="968683423" lat="29.6083214" lon="78.3263840" version="2" timestamp="2011-03-20T17:03:23Z" changeset="7617681" uid="56597" user="Oberaffe"/>
  <node id="968683528" lat="29.6086134" lon="78.3236925" version="2" timestamp="2011-03-20T17:01:38Z" changeset="7617681" uid="56597" user="Oberaffe"/>
  <node id="968683684" lat="29.6077470" lon="78.3159120" version="1" timestamp="2010-10-29T13:06:16Z" changeset="6218409" uid="96850" user="Alok sharma"/>
  <node id="968683820" lat="29.6080470" lon="78.3132730" version="1" timestamp="2010-10-29T13:06:19Z" changeset="6218409" uid="96850" user="Alok sharma"/>
  <node id="968683856" lat="29.6057510" lon="78.3056130" version="1" timestamp="2010-10-29T13:06:20Z" changeset="6218409" uid="96850" user="Alok sharma"/>
  <node id="968683997" lat="29.6056010" lon="78.3069640" version="1" timestamp="2010-10-29T13:06:24Z" changeset="6218409" uid="96850" user="Alok sharma"/>
  <node id="968684073" lat="29.6094046" lon="78.3256549" version="2" timestamp="2011-03-20T17:03:53Z" changeset="7617681" uid="56597" user="Oberaffe"/>
  <node id="968684185" lat="29.6072750" lon="78.3095610" version="1" timestamp="2010-10-29T13:06:28Z" changeset="6218409" uid="96850" user="Alok sharma"/>
  <node id="968684235" lat="29.6044026" lon="78.3256535" version="2" timestamp="2011-03-20T17:03:55Z" changeset="7617681" uid="56597" user="Oberaffe"/>
  <node id="968684335" lat="29.6091385" lon="78.3247225" version="2" timestamp="2011-03-20T17:04:18Z" changeset="7617681" uid="56597" user="Oberaffe"/>
  <node id="968684485" lat="29.6079830" lon="78.3176720" version="1" timestamp="2010-10-29T13:06:36Z" changeset="6218409" uid="96850" user="Alok sharma"/>
  <node id="968684580" lat="29.6077040" lon="78.3140670" version="1" timestamp="2010-10-29T13:06:39Z" changeset="6218409" uid="96850" user="Alok sharma"/>
  <node id="968684614" lat="29.6058590" lon="78.3066420" version="1" timestamp="2010-10-29T13:06:39Z" changeset="6218409" uid="96850" user="Alok sharma"/>
  <node id="968684743" lat="29.6061380" lon="78.3079510" version="1" timestamp="2010-10-29T13:06:42Z" changeset="6218409" uid="96850" user="Alok sharma"/>
  <node id="968684786" lat="29.6093535" lon="78.3253235" version="2" timestamp="2011-03-20T17:03:56Z" changeset="7617681" uid="56597" user="Oberaffe"/>
  <node id="968684923" lat="29.6082400" lon="78.3197320" version="1" timestamp="2010-10-29T13:06:47Z" changeset="6218409" uid="96850" user="Alok sharma"/>
  <node id="968685118" lat="29.6088385" lon="78.3241425" version="2" timestamp="2011-03-20T17:04:47Z" changeset="7617681" uid="56597" user="Oberaffe"/>
  <node id="968685316" lat="29.6081330" lon="78.3185090" version="1" timestamp="2010-10-29T13:06:59Z" changeset="6218409" uid="96850" user="Alok sharma"/>
  <node id="968685428" lat="29.6078540" lon="78.3136810" version="1" timestamp="2010-10-29T13:07:02Z" changeset="6218409" uid="96850" user="Alok sharma"/>
  <node id="968685456" lat="29.6058800" lon="78.3066000" version="1" timestamp="2010-10-29T13:07:03Z" changeset="6218409" uid="96850" user="Alok sharma"/>
  <node id="968685599" lat="29.6067810" lon="78.3085950" version="1" timestamp="2010-10-29T13:07:07Z" changeset="6218409" uid="96850" user="Alok sharma"/>
  <node id="968685644" lat="29.6093077" lon="78.3261314" version="2" timestamp="2011-03-20T17:03:21Z" changeset="7617681" uid="56597" user="Oberaffe"/>
  <node id="968685725" lat="29.6088840" lon="78.3223500" version="1" timestamp="2010-10-29T13:07:12Z" changeset="6218409" uid="96850" user="Alok sharma"/>
  <node id="968685844" lat="29.6079400" lon="78.3150750" version="1" timestamp="2010-10-29T13:07:17Z" changeset="6218409" uid="96850" user="Alok sharma"/>
  <node id="968685903" lat="29.6079830" lon="78.3122640" version="1" timestamp="2010-10-29T13:07:21Z" changeset="6218409" uid="96850" user="Alok sharma"/>
  <node id="968685922" lat="29.6051080" lon="78.3048400" version="1" timestamp="2010-10-29T13:07:22Z" changeset="6218409" uid="96850" user="Alok sharma"/>
  <node id="968685935" lat="29.6081120" lon="78.3182510" version="1" timestamp="2010-10-29T13:07:23Z" changeset="6218409" uid="96850" user="Alok sharma"/>
  <node id="968685992" lat="29.6077040" lon="78.3145390" version="1" timestamp="2010-10-29T13:07:27Z" changeset="6218409" uid="96850" user="Alok sharma"/>
  <node id="968686090" lat="29.6063740" lon="78.3082090" version="1" timestamp="2010-10-29T13:07:32Z" changeset="6218409" uid="96850" user="Alok sharma"/>
  <node id="968686125" lat="29.6062569" lon="78.3249338" version="2" timestamp="2011-03-20T17:03:46Z" changeset="7617681" uid="56597" user="Oberaffe"/>
  <node id="968686182" lat="29.6085704" lon="78.3234995" version="2" timestamp="2011-03-20T17:04:36Z" changeset="7617681" uid="56597" user="Oberaffe"/>
  <node id="968686268" lat="29.6077250" lon="78.3164490" version="1" timestamp="2010-10-29T13:07:43Z" changeset="6218409" uid="96850" user="Alok sharma"/>
  <node id="968686325" lat="29.6081120" lon="78.3130800" version="1" timestamp="2010-10-29T13:07:47Z" changeset="6218409" uid="96850" user="Alok sharma"/>
  <node id="968686342" lat="29.6056870" lon="78.3053760" version="1" timestamp="2010-10-29T13:07:49Z" changeset="6218409" uid="96850" user="Alok sharma"/>
  <node id="968686405" lat="29.6056440" lon="78.3073720" version="1" timestamp="2010-10-29T13:07:53Z" changeset="6218409" uid="96850" user="Alok sharma"/>
  <node id="968686482" lat="29.6071890" lon="78.3093680" version="1" timestamp="2010-10-29T13:07:57Z" changeset="6218409" uid="96850" user="Alok sharma"/>
  <node id="968686507" lat="29.6050000" lon="78.3249303" version="2" timestamp="2011-03-20T17:04:44Z" changeset="7617681" uid="56597" user="Oberaffe"/>
  <node id="968686554" lat="29.6085704" lon="78.3233705" version="2" timestamp="2011-03-20T17:04:27Z" changeset="7617681" uid="56597" user="Oberaffe"/>
  <node id="968686633" lat="29.6079400" lon="78.3174140" version="1" timestamp="2010-10-29T13:08:05Z" changeset="6218409" uid="96850" user="Alok sharma"/>
  <node id="968686686" lat="29.6081330" lon="78.3130150" version="1" timestamp="2010-10-29T13:08:08Z" changeset="6218409" uid="96850" user="Alok sharma"/>
  <node id="968686700" lat="29.6055150" lon="78.3052050" version="1" timestamp="2010-10-29T13:08:09Z" changeset="6218409" uid="96850" user="Alok sharma"/>
  <node id="968686764" lat="29.6060730" lon="78.3079080" version="1" timestamp="2010-10-29T13:08:13Z" changeset="6218409" uid="96850" user="Alok sharma"/>
  <node id="968686804" lat="29.6093315" lon="78.3252375" version="2" timestamp="2011-03-20T17:01:27Z" changeset="7617681" uid="56597" user="Oberaffe"/>
  <node id="968686854" lat="29.6085190" lon="78.3203970" version="1" timestamp="2010-10-29T13:08:18Z" changeset="6218409" uid="96850" user="Alok sharma"/>
  <node id="968686884" lat="29.6053220" lon="78.3247718" version="2" timestamp="2011-03-20T17:05:20Z" changeset="7617681" uid="56597" user="Oberaffe"/>
  <node id="968686945" lat="29.6086344" lon="78.3237355" version="2" timestamp="2011-03-20T17:03:45Z" changeset="7617681" uid="56597" user="Oberaffe"/>
  <node id="968687107" lat="29.6045280" lon="78.3045830" version="1" timestamp="2010-10-29T13:08:29Z" changeset="6218409" uid="96850" user="Alok sharma"/>
  <node id="968687126" lat="29.6078760" lon="78.3171780" version="1" timestamp="2010-10-29T13:08:30Z" changeset="6218409" uid="96850" user="Alok sharma"/>
  <node id="968687223" lat="29.6079400" lon="78.3135300" version="1" timestamp="2010-10-29T13:08:33Z" changeset="6218409" uid="96850" user="Alok sharma"/>
  <node id="968687248" lat="29.6059020" lon="78.3063420" version="1" timestamp="2010-10-29T13:08:33Z" changeset="6218409" uid="96850" user="Alok sharma"/>
  <node id="968687329" lat="29.6058800" lon="78.3076510" version="1" timestamp="2010-10-29T13:08:37Z" changeset="6218409" uid="96850" user="Alok sharma"/>
  <node id="968687364" lat="29.6086431" lon="78.3267455" version="2" timestamp="2011-03-20T17:03:37Z" changeset="7617681" uid="56597" user="Oberaffe"/>
  <node id="968687415" lat="29.6089060" lon="78.3214700" version="1" timestamp="2010-10-29T13:08:42Z" changeset="6218409" uid="96850" user="Alok sharma"/>
  <node id="968687499" lat="29.6078110" lon="78.3156980" version="1" timestamp="2010-10-29T13:08:47Z" changeset="6218409" uid="96850" user="Alok sharma"/>
  <node id="968687609" lat="29.6079400" lon="78.3120930" version="1" timestamp="2010-10-29T13:08:50Z" changeset="6218409" uid="96850" user="Alok sharma"/>
  <node id="968687646" lat="29.6048070" lon="78.3046040" version="1" timestamp="2010-10-29T13:08:51Z" changeset="6218409" uid="96850" user="Alok sharma"/>
  <node id="968687662" lat="29.6080470" lon="78.3179720" version="1" timestamp="2010-10-29T13:08:52Z" changeset="6218409" uid="96850" user="Alok sharma"/>
  <node id="968687728" lat="29.6079400" lon="78.3150320" version="1" timestamp="2010-10-29T13:08:55Z" changeset="6218409" uid="96850" user="Alok sharma"/>
  <node id="968687819" lat="29.6062660" lon="78.3080800" version="1" timestamp="2010-10-29T13:09:00Z" changeset="6218409" uid="96850" user="Alok sharma"/>
  <node id="968687850" lat="29.6070505" lon="78.3255285" version="2" timestamp="2011-03-20T17:01:42Z" changeset="7617681" uid="56597" user="Oberaffe"/>
  <node id="968687909" lat="29.6089270" lon="78.3209760" version="1" timestamp="2010-10-29T13:09:05Z" changeset="6218409" uid="96850" user="Alok sharma"/>
  <node id="968688056" lat="29.6077040" lon="78.3161910" version="1" timestamp="2010-10-29T13:09:10Z" changeset="6218409" uid="96850" user="Alok sharma"/>
  <node id="968688251" lat="29.6078760" lon="78.3115350" version="1" timestamp="2010-10-29T13:09:13Z" changeset="6218409" uid="96850" user="Alok sharma"/>
  <node id="968688285" lat="29.6046360" lon="78.3044970" version="1" timestamp="2010-10-29T13:09:14Z" changeset="6218409" uid="96850" user="Alok sharma"/>
  <node id="968688401" lat="29.6055370" lon="78.3072000" version="1" timestamp="2010-10-29T13:09:17Z" changeset="6218409" uid="96850" user="Alok sharma"/>
  <node id="968688494" lat="29.6076180" lon="78.3105480" version="1" timestamp="2010-10-29T13:09:22Z" changeset="6218409" uid="96850" user="Alok sharma"/>
  <node id="968688530" lat="29.6077741" lon="78.3258655" version="2" timestamp="2011-03-20T17:04:37Z" changeset="7617681" uid="56597" user="Oberaffe"/>
  <node id="968688593" lat="29.6087340" lon="78.3228860" version="1" timestamp="2010-10-29T13:09:26Z" changeset="6218409" uid="96850" user="Alok sharma"/>
  <node id="968688703" lat="29.6077250" lon="78.3160410" version="1" timestamp="2010-10-29T13:09:32Z" changeset="6218409" uid="96850" user="Alok sharma"/>
  <node id="968688789" lat="29.6080900" lon="78.3127580" version="1" timestamp="2010-10-29T13:09:35Z" changeset="6218409" uid="96850" user="Alok sharma"/>
  <node id="968688819" lat="29.6051930" lon="78.3049260" version="1" timestamp="2010-10-29T13:09:36Z" changeset="6218409" uid="96850" user="Alok sharma"/>
  <node id="968688904" lat="29.6055150" lon="78.3071570" version="1" timestamp="2010-10-29T13:09:40Z" changeset="6218409" uid="96850" user="Alok sharma"/>
  <node id="968688940" lat="29.6093780" lon="78.3260190" version="1" timestamp="2010-10-29T13:09:42Z" changeset="6218409" uid="96850" user="Alok sharma"/>
  <node id="968689038" lat="29.6083480" lon="78.3202250" version="1" timestamp="2010-10-29T13:09:45Z" changeset="6218409" uid="96850" user="Alok sharma"/>
  <node id="968689099" lat="29.6058024" lon="78.3246952" version="2" timestamp="2011-03-20T17:05:21Z" changeset="7617681" uid="56597" user="Oberaffe"/>
  <node id="968689171" lat="29.6092675" lon="78.3250015" version="2" timestamp="2011-03-20T17:04:28Z" changeset="7617681" uid="56597" user="Oberaffe"/>
  <node id="968689277" lat="29.6043350" lon="78.3049900" version="1" timestamp="2010-10-29T13:09:54Z" changeset="6218409" uid="96850" user="Alok sharma"/>
  <node id="968689300" lat="29.6078330" lon="78.3169210" version="1" timestamp="2010-10-29T13:09:55Z" changeset="6218409" uid="96850" user="Alok sharma"/>
  <node id="968689380" lat="29.6077040" lon="78.3144100" version="1" timestamp="2010-10-29T13:09:59Z" changeset="6218409" uid="96850" user="Alok sharma"/>
  <node id="968689397" lat="29.6057730" lon="78.3067500" version="1" timestamp="2010-10-29T13:10:00Z" changeset="6218409" uid="96850" user="Alok sharma"/>
  <node id="968689496" lat="29.6056660" lon="78.3074150" version="1" timestamp="2010-10-29T13:10:04Z" changeset="6218409" uid="96850" user="Alok sharma"/>
  <node id="968689529" lat="29.6088151" lon="78.3268742" version="2" timestamp="2011-03-20T17:01:39Z" changeset="7617681" uid="56597" user="Oberaffe"/>
  <node id="968689593" lat="29.6083260" lon="78.3201390" version="1" timestamp="2010-10-29T13:10:10Z" changeset="6218409" uid="96850" user="Alok sharma"/>
  <node id="968689701" lat="29.6078760" lon="78.3155470" version="1" timestamp="2010-10-29T13:10:15Z" changeset="6218409" uid="96850" user="Alok sharma"/>
  <node id="968689835" lat="29.6081760" lon="78.3190450" version="1" timestamp="2010-10-29T13:10:21Z" changeset="6218409" uid="96850" user="Alok sharma"/>
  <node id="968689900" lat="29.6079190" lon="78.3149680" version="1" timestamp="2010-10-29T13:10:25Z" changeset="6218409" uid="96850" user="Alok sharma"/>
  <node id="968690005" lat="29.6069530" lon="78.3088530" version="1" timestamp="2010-10-29T13:10:30Z" changeset="6218409" uid="96850" user="Alok sharma"/>
  <node id="968690042" lat="29.6090340" lon="78.3265752" version="2" timestamp="2011-03-20T17:04:19Z" changeset="7617681" uid="56597" user="Oberaffe"/>
  <node id="968690121" lat="29.6087980" lon="78.3206970" version="1" timestamp="2010-10-29T13:10:34Z" changeset="6218409" uid="96850" user="Alok sharma"/>
  <node id="1210119235" lat="29.6030236" lon="78.3437643" version="3" timestamp="2022-09-01T09:10:16Z" changeset="125645574" uid="12250792" user="mglsj"/>
  <node id="1210119427" lat="29.6067413" lon="78.3458366" version="2" timestamp="2022-09-01T09:10:16Z" changeset="125645574" uid="12250792" user="mglsj"/>
  <node id="1210119455" lat="29.6052473" lon="78.3432779" version="3" timestamp="2022-09-01T09:10:16Z" changeset="125645574" uid="12250792" user="mglsj"/>
  <node id="1210119925" lat="29.6094851" lon="78.3511046" version="2" timestamp="2021-01-14T16:56:56Z" changeset="97507299" uid="1306" user="PlaneMad"/>
  <node id="1210120153" lat="29.6086269" lon="78.3494684" version="2" timestamp="2021-01-14T16:56:56Z" changeset="97507299" uid="1306" user="PlaneMad"/>
  <node id="1210120339" lat="29.6173408" lon="78.3593255" version="1" timestamp="2011-03-20T08:19:58Z" changeset="7613471" uid="56597" user="Oberaffe"/>
  <node id="1210120514" lat="29.6147430" lon="78.3575850" version="1" timestamp="2011-03-20T08:20:05Z" changeset="7613471" uid="56597" user="Oberaffe"/>
  <node id="1210121226" lat="29.6028563" lon="78.3273555" version="2" timestamp="2022-09-01T09:45:23Z" changeset="125647203" uid="12250792" user="mglsj"/>
  <node id="1210121517" lat="29.6203148" lon="78.3635615" version="1" timestamp="2011-03-20T08:20:37Z" changeset="7613471" uid="56597" user="Oberaffe"/>
  <node id="1210121636" lat="29.6051962" lon="78.3399956" version="1" timestamp="2011-03-20T08:21:03Z" changeset="7613471" uid="56597" user="Oberaffe"/>
  <node id="1210121702" lat="29.6022469" lon="78.3426179" version="1" timestamp="2011-03-20T08:21:15Z" changeset="7613471" uid="56597" user="Oberaffe"/>
  <node id="1210121754" lat="29.6087342" lon="78.3481514" version="2" timestamp="2021-01-14T16:56:56Z" changeset="97507299" uid="1306" user="PlaneMad"/>
  <node id="1210121783" lat="29.6064677" lon="78.3453642" version="3" timestamp="2022-09-01T09:10:16Z" changeset="125645574" uid="12250792" user="mglsj"/>
  <node id="1210122736" lat="29.6087086" lon="78.3490393" version="2" timestamp="2021-01-14T16:56:56Z" changeset="97507299" uid="1306" user="PlaneMad"/>
  <node id="1210123059" lat="29.6166884" lon="78.3589065" version="1" timestamp="2011-03-20T08:22:20Z" changeset="7613471" uid="56597" user="Oberaffe"/>
  <node id="1210123330" lat="29.6138384" lon="78.3566964" version="1" timestamp="2011-03-20T08:22:29Z" changeset="7613471" uid="56597" user="Oberaffe"/>
  <node id="1210123708" lat="29.6085414" lon="78.3500082" version="2" timestamp="2022-09-01T09:10:16Z" changeset="125645574" uid="12250792" user="mglsj"/>
  <node id="1210123764" lat="29.6188419" lon="78.3611672" version="1" timestamp="2011-03-20T08:22:57Z" changeset="7613471" uid="56597" user="Oberaffe"/>
  <node id="1210124079" lat="29.6041828" lon="78.3341610" version="1" timestamp="2011-03-20T08:23:23Z" changeset="7613471" uid="56597" user="Oberaffe"/>
  <node id="1210124270" lat="29.6035145" lon="78.3266801" version="1" timestamp="2011-03-20T08:23:30Z" changeset="7613471" uid="56597" user="Oberaffe"/>
  <node id="1210124755" lat="29.6057772" lon="78.3439028" version="2" timestamp="2021-01-14T16:56:56Z" changeset="97507299" uid="1306" user="PlaneMad"/>
  <node id="1210125045" lat="29.6087715" lon="78.3486986" version="2" timestamp="2021-01-14T16:56:56Z" changeset="97507299" uid="1306" user="PlaneMad"/>
  <node id="1210125067" lat="29.6156877" lon="78.3583171" version="1" timestamp="2011-03-20T08:24:37Z" changeset="7613471" uid="56597" user="Oberaffe"/>
  <node id="1210125145" lat="29.6115847" lon="78.3538555" version="1" timestamp="2011-03-20T08:24:46Z" changeset="7613471" uid="56597" user="Oberaffe"/>
  <node id="1210125490" lat="29.6086083" lon="78.3497554" version="2" timestamp="2021-01-14T16:56:56Z" changeset="97507299" uid="1306" user="PlaneMad"/>
  <node id="1210125788" lat="29.6177972" lon="78.3597767" version="1" timestamp="2011-03-20T08:25:19Z" changeset="7613471" uid="56597" user="Oberaffe"/>
  <node id="1210126389" lat="29.6034823" lon="78.3306574" version="1" timestamp="2011-03-20T08:25:45Z" changeset="7613471" uid="56597" user="Oberaffe"/>
  <node id="1210126466" lat="29.6223762" lon="78.3671390" version="1" timestamp="2011-03-20T08:25:52Z" changeset="7613471" uid="56597" user="Oberaffe"/>
  <node id="1210127320" lat="29.6055656" lon="78.3429893" version="4" timestamp="2022-09-01T09:10:16Z" changeset="125645574" uid="12250792" user="mglsj"/>
  <node id="1210127343" lat="29.6039876" lon="78.3261646" version="3" timestamp="2022-09-01T09:45:23Z" changeset="125647203" uid="12250792" user="mglsj"/>
  <node id="1210639658" lat="29.6123401" lon="78.3342340" version="1" timestamp="2011-03-20T15:26:26Z" changeset="7617681" uid="56597" user="Oberaffe"/>
  <node id="1210649990" lat="29.6055490" lon="78.3247114" version="1" timestamp="2011-03-20T15:34:41Z" changeset="7617681" uid="56597" user="Oberaffe"/>
  <node id="1210650356" lat="29.6096893" lon="78.3356791" version="1" timestamp="2011-03-20T15:35:22Z" changeset="7617681" uid="56597" user="Oberaffe"/>
  <node id="1210651530" lat="29.6105513" lon="78.3355860" version="1" timestamp="2011-03-20T15:36:28Z" changeset="7617681" uid="56597" user="Oberaffe"/>
  <node id="1210655681" lat="29.6101424" lon="78.3285609" version="1" timestamp="2011-03-20T15:39:59Z" changeset="7617681" uid="56597" user="Oberaffe"/>
  <node id="1210658531" lat="29.6058714" lon="78.3388359" version="1" timestamp="2011-03-20T15:43:18Z" changeset="7617681" uid="56597" user="Oberaffe"/>
  <node id="1210658927" lat="29.6079243" lon="78.3368372" version="1" timestamp="2011-03-20T15:44:12Z" changeset="7617681" uid="56597" user="Oberaffe"/>
  <node id="1210660482" lat="29.6133579" lon="78.3320758" version="1" timestamp="2011-03-20T15:45:45Z" changeset="7617681" uid="56597" user="Oberaffe"/>
  <node id="1210661231" lat="29.6116117" lon="78.3310103" version="1" timestamp="2011-03-20T15:46:31Z" changeset="7617681" uid="56597" user="Oberaffe"/>
  <node id="1210668138" lat="29.6196009" lon="78.3308201" version="2" timestamp="2023-10-30T08:24:03Z" changeset="143351139" uid="19620700" user="jyotikatke"/>
  <node id="1210668262" lat="29.6153756" lon="78.3322044" version="1" timestamp="2011-03-20T15:53:49Z" changeset="7617681" uid="56597" user="Oberaffe"/>
  <node id="1210677928" lat="29.6131408" lon="78.3336363" version="1" timestamp="2011-03-20T15:59:40Z" changeset="7617681" uid="56597" user="Oberaffe"/>
  <node id="1210680705" lat="29.6060088" lon="78.3247553" version="1" timestamp="2011-03-20T16:03:38Z" changeset="7617681" uid="56597" user="Oberaffe"/>
  <node id="1210681123" lat="29.6098460" lon="78.3357379" version="1" timestamp="2011-03-20T16:04:14Z" changeset="7617681" uid="56597" user="Oberaffe"/>
  <node id="1210681647" lat="29.6109347" lon="78.3354342" version="1" timestamp="2011-03-20T16:05:03Z" changeset="7617681" uid="56597" user="Oberaffe"/>
  <node id="1210683798" lat="29.6098229" lon="78.3280282" version="1" timestamp="2011-03-20T16:07:44Z" changeset="7617681" uid="56597" user="Oberaffe"/>
  <node id="1210685426" lat="29.6093247" lon="78.3357967" version="1" timestamp="2011-03-20T16:09:16Z" changeset="7617681" uid="56597" user="Oberaffe"/>
  <node id="1210687599" lat="29.6223866" lon="78.3309762" version="1" timestamp="2011-03-20T16:11:30Z" changeset="7617681" uid="56597" user="Oberaffe"/>
  <node id="1210688241" lat="29.6111326" lon="78.3305021" version="1" timestamp="2011-03-20T16:12:27Z" changeset="7617681" uid="56597" user="Oberaffe"/>
  <node id="1210691558" lat="29.6070980" lon="78.3374447" version="1" timestamp="2011-03-20T16:16:23Z" changeset="7617681" uid="56597" user="Oberaffe"/>
  <node id="1210692104" lat="29.6150881" lon="78.3321432" version="1" timestamp="2011-03-20T16:17:26Z" changeset="7617681" uid="56597" user="Oberaffe"/>
  <node id="1210692993" lat="29.6126818" lon="78.3317452" version="1" timestamp="2011-03-20T16:19:56Z" changeset="7617681" uid="56597" user="Oberaffe"/>
  <node id="1210703112" lat="29.6101425" lon="78.3357281" version="1" timestamp="2011-03-20T16:32:12Z" changeset="7617681" uid="56597" user="Oberaffe"/>
  <node id="1210707517" lat="29.6112072" lon="78.3352480" version="1" timestamp="2011-03-20T16:35:06Z" changeset="7617681" uid="56597" user="Oberaffe"/>
  <node id="1210709165" lat="29.6093864" lon="78.3273791" version="1" timestamp="2011-03-20T16:35:56Z" changeset="7617681" uid="56597" user="Oberaffe"/>
  <node id="1210711306" lat="29.6047094" lon="78.3252444" version="1" timestamp="2011-03-20T16:38:39Z" changeset="7617681" uid="56597" user="Oberaffe"/>
  <node id="1210711472" lat="29.6095394" lon="78.3356360" version="1" timestamp="2011-03-20T16:39:10Z" changeset="7617681" uid="56597" user="Oberaffe"/>
  <node id="1210712802" lat="29.6143588" lon="78.3329454" version="1" timestamp="2011-03-20T16:41:18Z" changeset="7617681" uid="56597" user="Oberaffe"/>
  <node id="1210716211" lat="29.6107280" lon="78.3299142" version="1" timestamp="2011-03-20T16:43:11Z" changeset="7617681" uid="56597" user="Oberaffe"/>
  <node id="1210719812" lat="29.6051438" lon="78.3397354" version="3" timestamp="2022-09-01T09:45:23Z" changeset="125647203" uid="12250792" user="mglsj"/>
  <node id="1210721189" lat="29.6075665" lon="78.3371018" version="1" timestamp="2011-03-20T16:47:03Z" changeset="7617681" uid="56597" user="Oberaffe"/>
  <node id="1210722118" lat="29.6142044" lon="78.3321371" version="1" timestamp="2011-03-20T16:47:51Z" changeset="7617681" uid="56597" user="Oberaffe"/>
  <node id="1210722709" lat="29.6121974" lon="78.3314819" version="1" timestamp="2011-03-20T16:48:30Z" changeset="7617681" uid="56597" user="Oberaffe"/>
  <node id="1210731832" lat="29.6155619" lon="78.3323155" version="1" timestamp="2011-03-20T16:54:19Z" changeset="7617681" uid="56597" user="Oberaffe"/>
  <node id="1336893466" lat="29.6016263" lon="78.3399267" version="2" timestamp="2021-01-14T16:56:56Z" changeset="97507299" uid="1306" user="PlaneMad"/>
  <node id="1336893502" lat="29.6034364" lon="78.3408083" version="2" timestamp="2023-10-10T12:09:10Z" changeset="142390419" uid="19620700" user="jyotikatke"/>
  <node id="1336893510" lat="29.6039426" lon="78.3401530" version="2" timestamp="2023-10-10T12:09:10Z" changeset="142390419" uid="19620700" user="jyotikatke"/>
  <node id="1336893511" lat="29.6040446" lon="78.3403439" version="1" timestamp="2011-06-24T13:49:28Z" changeset="8533107" uid="1306" user="PlaneMad"/>
  <node id="1336893514" lat="29.6041569" lon="78.3265186" version="1" timestamp="2011-06-24T13:49:28Z" changeset="8533107" uid="1306" user="PlaneMad"/>
  <node id="1336893515" lat="29.6041608" lon="78.3259565" version="1" timestamp="2011-06-24T13:49:28Z" changeset="8533107" uid="1306" user="PlaneMad"/>
  <node id="1336893516" lat="29.6041951" lon="78.3362209" version="1" timestamp="2011-06-24T13:49:28Z" changeset="8533107" uid="1306" user="PlaneMad"/>
  <node id="1336893517" lat="29.6042533" lon="78.3362097" version="1" timestamp="2011-06-24T13:49:28Z" changeset="8533107" uid="1306" user="PlaneMad"/>
  <node id="1336893518" lat="29.6042695" lon="78.3366562" version="1" timestamp="2011-06-24T13:49:28Z" changeset="8533107" uid="1306" user="PlaneMad"/>
  <node id="1336893520" lat="29.6043665" lon="78.3366079" version="1" timestamp="2011-06-24T13:49:28Z" changeset="8533107" uid="1306" user="PlaneMad"/>
  <node id="1336893521" lat="29.6043698" lon="78.3363065" version="1" timestamp="2011-06-24T13:49:28Z" changeset="8533107" uid="1306" user="PlaneMad"/>
  <node id="1336893522" lat="29.6044215" lon="78.3364627" version="1" timestamp="2011-06-24T13:49:28Z" changeset="8533107" uid="1306" user="PlaneMad"/>
  <node id="1336893526" lat="29.6045790" lon="78.3364420" version="1" timestamp="2011-06-24T13:49:28Z" changeset="8533107" uid="1306" user="PlaneMad"/>
  <node id="1336893529" lat="29.6047185" lon="78.3467134" version="1" timestamp="2011-06-24T13:49:28Z" changeset="8533107" uid="1306" user="PlaneMad"/>
  <node id="1336893535" lat="29.6050948" lon="78.3368036" version="1" timestamp="2011-06-24T13:49:29Z" changeset="8533107" uid="1306" user="PlaneMad"/>
  <node id="1336893536" lat="29.6052026" lon="78.3473040" version="2" timestamp="2022-09-01T09:10:16Z" changeset="125645574" uid="12250792" user="mglsj"/>
  <node id="1336893539" lat="29.6055301" lon="78.3291806" version="1" timestamp="2011-06-24T13:49:29Z" changeset="8533107" uid="1306" user="PlaneMad"/>
  <node id="1336893540" lat="29.6057563" lon="78.3434802" version="2" timestamp="2021-01-14T16:56:56Z" changeset="97507299" uid="1306" user="PlaneMad"/>
  <node id="1336893543" lat="29.6059645" lon="78.3374133" version="1" timestamp="2011-06-24T13:49:29Z" changeset="8533107" uid="1306" user="PlaneMad"/>
  <node id="1336893545" lat="29.6064482" lon="78.3307931" version="1" timestamp="2011-06-24T13:49:29Z" changeset="8533107" uid="1306" user="PlaneMad"/>
  <node id="1336893547" lat="29.6066702" lon="78.3379300" version="1" timestamp="2011-06-24T13:49:29Z" changeset="8533107" uid="1306" user="PlaneMad"/>
  <node id="1336893549" lat="29.6070683" lon="78.3433181" version="1" timestamp="2011-06-24T13:49:30Z" changeset="8533107" uid="1306" user="PlaneMad"/>
  <node id="1336893550" lat="29.6072208" lon="78.3346304" version="1" timestamp="2011-06-24T13:49:30Z" changeset="8533107" uid="1306" user="PlaneMad"/>
  <node id="1336893552" lat="29.6076448" lon="78.3430819" version="1" timestamp="2011-06-24T13:49:30Z" changeset="8533107" uid="1306" user="PlaneMad"/>
  <node id="1336893554" lat="29.6077705" lon="78.3340054" version="1" timestamp="2011-06-24T13:49:30Z" changeset="8533107" uid="1306" user="PlaneMad"/>
  <node id="1336893555" lat="29.6078084" lon="78.3290635" version="1" timestamp="2011-06-24T13:49:30Z" changeset="8533107" uid="1306" user="PlaneMad"/>
  <node id="1336893556" lat="29.6078273" lon="78.3285184" version="1" timestamp="2011-06-24T13:49:30Z" changeset="8533107" uid="1306" user="PlaneMad"/>
  <node id="1336893557" lat="29.6079457" lon="78.3510425" version="2" timestamp="2022-09-01T09:10:16Z" changeset="125645574" uid="12250792" user="mglsj"/>
  <node id="1336893558" lat="29.6079726" lon="78.3492933" version="1" timestamp="2011-06-24T13:49:30Z" changeset="8533107" uid="1306" user="PlaneMad"/>
  <node id="1336893559" lat="29.6079785" lon="78.3388668" version="1" timestamp="2011-06-24T13:49:30Z" changeset="8533107" uid="1306" user="PlaneMad"/>
  <node id="1336893560" lat="29.6080169" lon="78.3279370" version="1" timestamp="2011-06-24T13:49:30Z" changeset="8533107" uid="1306" user="PlaneMad"/>
  <node id="1336893561" lat="29.6081992" lon="78.3332118" version="1" timestamp="2011-06-24T13:49:30Z" changeset="8533107" uid="1306" user="PlaneMad"/>
  <node id="1336893562" lat="29.6082507" lon="78.3310911" version="1" timestamp="2011-06-24T13:49:30Z" changeset="8533107" uid="1306" user="PlaneMad"/>
  <node id="1336893563" lat="29.6084718" lon="78.3325810" version="1" timestamp="2011-06-24T13:49:30Z" changeset="8533107" uid="1306" user="PlaneMad"/>
  <node id="1336893564" lat="29.6084515" lon="78.3502535" version="2" timestamp="2022-09-01T09:10:16Z" changeset="125645574" uid="12250792" user="mglsj"/>
  <node id="1336893565" lat="29.6084908" lon="78.3321594" version="1" timestamp="2011-06-24T13:49:31Z" changeset="8533107" uid="1306" user="PlaneMad"/>
  <node id="1336893566" lat="29.6085373" lon="78.3421735" version="1" timestamp="2011-06-24T13:49:31Z" changeset="8533107" uid="1306" user="PlaneMad"/>
  <node id="1336893568" lat="29.6088863" lon="78.3342020" version="1" timestamp="2011-06-24T13:49:31Z" changeset="8533107" uid="1306" user="PlaneMad"/>
  <node id="1336893569" lat="29.6089874" lon="78.3480890" version="2" timestamp="2022-09-01T09:10:16Z" changeset="125645574" uid="12250792" user="mglsj"/>
  <node id="1336893570" lat="29.6090152" lon="78.3393097" version="1" timestamp="2011-06-24T13:49:32Z" changeset="8533107" uid="1306" user="PlaneMad"/>
  <node id="1336893575" lat="29.6093839" lon="78.3354102" version="1" timestamp="2011-06-24T13:49:32Z" changeset="8533107" uid="1306" user="PlaneMad"/>
  <node id="1336893577" lat="29.6095615" lon="78.3474019" version="1" timestamp="2011-06-24T13:49:32Z" changeset="8533107" uid="1306" user="PlaneMad"/>
  <node id="1336893578" lat="29.6097753" lon="78.3396730" version="1" timestamp="2011-06-24T13:49:32Z" changeset="8533107" uid="1306" user="PlaneMad"/>
  <node id="1336893579" lat="29.6098484" lon="78.3407836" version="1" timestamp="2011-06-24T13:49:32Z" changeset="8533107" uid="1306" user="PlaneMad"/>
  <node id="1336893581" lat="29.6101604" lon="78.3395935" version="1" timestamp="2011-06-24T13:49:32Z" changeset="8533107" uid="1306" user="PlaneMad"/>
  <node id="1336893582" lat="29.6104208" lon="78.3460646" version="1" timestamp="2011-06-24T13:49:32Z" changeset="8533107" uid="1306" user="PlaneMad"/>
  <node id="1336893583" lat="29.6105059" lon="78.3397185" version="1" timestamp="2011-06-24T13:49:32Z" changeset="8533107" uid="1306" user="PlaneMad"/>
  <node id="1336893585" lat="29.6105819" lon="78.3396080" version="1" timestamp="2011-06-24T13:49:32Z" changeset="8533107" uid="1306" user="PlaneMad"/>
  <node id="1336893588" lat="29.6109422" lon="78.3400698" version="1" timestamp="2011-06-24T13:49:33Z" changeset="8533107" uid="1306" user="PlaneMad"/>
  <node id="1336893590" lat="29.6110779" lon="78.3454542" version="1" timestamp="2011-06-24T13:49:33Z" changeset="8533107" uid="1306" user="PlaneMad"/>
  <node id="1336893595" lat="29.6113061" lon="78.3402616" version="1" timestamp="2011-06-24T13:49:33Z" changeset="8533107" uid="1306" user="PlaneMad"/>
  <node id="1336893596" lat="29.6113490" lon="78.3384925" version="1" timestamp="2011-06-24T13:49:33Z" changeset="8533107" uid="1306" user="PlaneMad"/>
  <node id="1336893597" lat="29.6114182" lon="78.3384222" version="1" timestamp="2011-06-24T13:49:33Z" changeset="8533107" uid="1306" user="PlaneMad"/>
  <node id="1336893598" lat="29.6114831" lon="78.3428082" version="1" timestamp="2011-06-24T13:49:33Z" changeset="8533107" uid="1306" user="PlaneMad"/>
  <node id="1336893599" lat="29.6114932" lon="78.3403779" version="1" timestamp="2011-06-24T13:49:33Z" changeset="8533107" uid="1306" user="PlaneMad"/>
  <node id="1336893600" lat="29.6114982" lon="78.3411628" version="1" timestamp="2011-06-24T13:49:33Z" changeset="8533107" uid="1306" user="PlaneMad"/>
  <node id="1336893601" lat="29.6115286" lon="78.3430349" version="1" timestamp="2011-06-24T13:49:33Z" changeset="8533107" uid="1306" user="PlaneMad"/>
  <node id="1336893602" lat="29.6115397" lon="78.3393848" version="1" timestamp="2011-06-24T13:49:33Z" changeset="8533107" uid="1306" user="PlaneMad"/>
  <node id="1336893603" lat="29.6115488" lon="78.3421454" version="1" timestamp="2011-06-24T13:49:33Z" changeset="8533107" uid="1306" user="PlaneMad"/>
  <node id="1336893604" lat="29.6115791" lon="78.3406337" version="1" timestamp="2011-06-24T13:49:33Z" changeset="8533107" uid="1306" user="PlaneMad"/>
  <node id="1336893605" lat="29.6115791" lon="78.3414768" version="1" timestamp="2011-06-24T13:49:33Z" changeset="8533107" uid="1306" user="PlaneMad"/>
  <node id="1336893606" lat="29.6115842" lon="78.3417093" version="1" timestamp="2011-06-24T13:49:33Z" changeset="8533107" uid="1306" user="PlaneMad"/>
  <node id="1336893607" lat="29.6115852" lon="78.3387394" version="1" timestamp="2011-06-24T13:49:33Z" changeset="8533107" uid="1306" user="PlaneMad"/>
  <node id="1336893608" lat="29.6116205" lon="78.3390418" version="1" timestamp="2011-06-24T13:49:33Z" changeset="8533107" uid="1306" user="PlaneMad"/>
  <node id="1336893610" lat="29.6117518" lon="78.3381855" version="1" timestamp="2011-06-24T13:49:33Z" changeset="8533107" uid="1306" user="PlaneMad"/>
  <node id="1336893615" lat="29.6120300" lon="78.3401290" version="1" timestamp="2011-06-24T13:49:34Z" changeset="8533107" uid="1306" user="PlaneMad"/>
  <node id="1336893616" lat="29.6120502" lon="78.3402743" version="1" timestamp="2011-06-24T13:49:34Z" changeset="8533107" uid="1306" user="PlaneMad"/>
  <node id="1336893620" lat="29.6123162" lon="78.3441199" version="2" timestamp="2021-01-14T16:56:56Z" changeset="97507299" uid="1306" user="PlaneMad"/>
  <node id="1336893621" lat="29.6124231" lon="78.3377585" version="1" timestamp="2011-06-24T13:49:34Z" changeset="8533107" uid="1306" user="PlaneMad"/>
  <node id="1336893624" lat="29.6126355" lon="78.3449884" version="1" timestamp="2011-06-24T13:49:34Z" changeset="8533107" uid="1306" user="PlaneMad"/>
  <node id="1336893625" lat="29.6126777" lon="78.3453708" version="2" timestamp="2023-11-22T06:26:22Z" changeset="144312174" uid="19795114" user="kunalchhapre"/>
  <node id="1336893626" lat="29.6128941" lon="78.3516800" version="1" timestamp="2011-06-24T13:49:34Z" changeset="8533107" uid="1306" user="PlaneMad"/>
  <node id="1336893627" lat="29.6128770" lon="78.3512739" version="2" timestamp="2021-01-14T16:56:56Z" changeset="97507299" uid="1306" user="PlaneMad"/>
  <node id="1336893628" lat="29.6129540" lon="78.3460931" version="1" timestamp="2011-06-24T13:49:34Z" changeset="8533107" uid="1306" user="PlaneMad"/>
  <node id="1336893630" lat="29.6130113" lon="78.3528311" version="2" timestamp="2019-04-12T11:15:32Z" changeset="69145675" uid="9304126" user="ejont">
    <tag k="railway" v="level_crossing"/>
  </node>
  <node id="1336893632" lat="29.6130507" lon="78.3543021" version="1" timestamp="2011-06-24T13:49:35Z" changeset="8533107" uid="1306" user="PlaneMad"/>
  <node id="1336893633" lat="29.6131013" lon="78.3538137" version="1" timestamp="2011-06-24T13:49:35Z" changeset="8533107" uid="1306" user="PlaneMad"/>
  <node id="1336893634" lat="29.6131127" lon="78.3551030" version="1" timestamp="2011-06-24T13:49:35Z" changeset="8533107" uid="1306" user="PlaneMad"/>
  <node id="1336893637" lat="29.6131677" lon="78.3558509" version="1" timestamp="2011-06-24T13:49:35Z" changeset="8533107" uid="1306" user="PlaneMad"/>
  <node id="1336893639" lat="29.6133773" lon="78.3497928" version="1" timestamp="2011-06-24T13:49:35Z" changeset="8533107" uid="1306" user="PlaneMad"/>
  <node id="1336893640" lat="29.6133857" lon="78.3561257" version="1" timestamp="2011-06-24T13:49:35Z" changeset="8533107" uid="1306" user="PlaneMad"/>
  <node id="1336893643" lat="29.6135869" lon="78.3492991" version="2" timestamp="2021-01-14T16:56:56Z" changeset="97507299" uid="1306" user="PlaneMad"/>
  <node id="1336893644" lat="29.6138094" lon="78.3426457" version="2" timestamp="2021-01-14T16:56:56Z" changeset="97507299" uid="1306" user="PlaneMad"/>
  <node id="1336893645" lat="29.6139039" lon="78.3488909" version="2" timestamp="2021-01-14T16:56:56Z" changeset="97507299" uid="1306" user="PlaneMad"/>
  <node id="1336893646" lat="29.6139879" lon="78.3488625" version="1" timestamp="2011-06-24T13:49:35Z" changeset="8533107" uid="1306" user="PlaneMad"/>
  <node id="1336893651" lat="29.6141011" lon="78.3487277" version="1" timestamp="2011-06-24T13:49:36Z" changeset="8533107" uid="1306" user="PlaneMad"/>
  <node id="1336893653" lat="29.6141981" lon="78.3483602" version="1" timestamp="2011-06-24T13:49:36Z" changeset="8533107" uid="1306" user="PlaneMad"/>
  <node id="1336893655" lat="29.6142467" lon="78.3478997" version="1" timestamp="2011-06-24T13:49:36Z" changeset="8533107" uid="1306" user="PlaneMad"/>
  <node id="1336893656" lat="29.6144084" lon="78.3476381" version="1" timestamp="2011-06-24T13:49:36Z" changeset="8533107" uid="1306" user="PlaneMad"/>
  <node id="1336893657" lat="29.6146029" lon="78.3357327" version="1" timestamp="2011-06-24T13:49:36Z" changeset="8533107" uid="1306" user="PlaneMad"/>
  <node id="1336893659" lat="29.6146914" lon="78.3474986" version="1" timestamp="2011-06-24T13:49:36Z" changeset="8533107" uid="1306" user="PlaneMad"/>
  <node id="1336893660" lat="29.6148229" lon="78.3473067" version="1" timestamp="2011-06-24T13:49:36Z" changeset="8533107" uid="1306" user="PlaneMad"/>
  <node id="1336893661" lat="29.6150453" lon="78.3462021" version="1" timestamp="2011-06-24T13:49:36Z" changeset="8533107" uid="1306" user="PlaneMad"/>
  <node id="1336893663" lat="29.6153048" lon="78.3412608" version="1" timestamp="2011-06-24T13:49:36Z" changeset="8533107" uid="1306" user="PlaneMad"/>
  <node id="1336893664" lat="29.6155252" lon="78.3450287" version="1" timestamp="2011-06-24T13:49:36Z" changeset="8533107" uid="1306" user="PlaneMad"/>
  <node id="1336893665" lat="29.6155664" lon="78.3344881" version="1" timestamp="2011-06-24T13:49:37Z" changeset="8533107" uid="1306" user="PlaneMad"/>
  <node id="1336893666" lat="29.6156520" lon="78.3322672" version="1" timestamp="2011-06-24T13:49:37Z" changeset="8533107" uid="1306" user="PlaneMad"/>
  <node id="1336893667" lat="29.6156523" lon="78.3405632" version="1" timestamp="2011-06-24T13:49:37Z" changeset="8533107" uid="1306" user="PlaneMad"/>
  <node id="1336893669" lat="29.6157392" lon="78.3454226" version="1" timestamp="2011-06-24T13:49:38Z" changeset="8533107" uid="1306" user="PlaneMad"/>
  <node id="1336893670" lat="29.6157717" lon="78.3325895" version="1" timestamp="2011-06-24T13:49:38Z" changeset="8533107" uid="1306" user="PlaneMad"/>
  <node id="1336893671" lat="29.6161621" lon="78.3461827" version="2" timestamp="2021-01-14T16:56:56Z" changeset="97507299" uid="1306" user="PlaneMad"/>
  <node id="1336893672" lat="29.6160639" lon="78.3340884" version="1" timestamp="2011-06-24T13:49:38Z" changeset="8533107" uid="1306" user="PlaneMad"/>
  <node id="1336893673" lat="29.6162693" lon="78.3332618" version="1" timestamp="2011-06-24T13:49:38Z" changeset="8533107" uid="1306" user="PlaneMad"/>
  <node id="1336893674" lat="29.6162930" lon="78.3338795" version="1" timestamp="2011-06-24T13:49:38Z" changeset="8533107" uid="1306" user="PlaneMad"/>
  <node id="1336893675" lat="29.6163562" lon="78.3336251" version="1" timestamp="2011-06-24T13:49:38Z" changeset="8533107" uid="1306" user="PlaneMad"/>
  <node id="1336893676" lat="29.6163662" lon="78.3396620" version="1" timestamp="2011-06-24T13:49:38Z" changeset="8533107" uid="1306" user="PlaneMad"/>
  <node id="1336893678" lat="29.6166079" lon="78.3473153" version="2" timestamp="2021-01-14T16:56:56Z" changeset="97507299" uid="1306" user="PlaneMad"/>
  <node id="1336893680" lat="29.6167809" lon="78.3476087" version="1" timestamp="2011-06-24T13:49:39Z" changeset="8533107" uid="1306" user="PlaneMad"/>
  <node id="1336893681" lat="29.6169286" lon="78.3389861" version="1" timestamp="2011-06-24T13:49:39Z" changeset="8533107" uid="1306" user="PlaneMad"/>
  <node id="1336893682" lat="29.6170099" lon="78.3477540" version="1" timestamp="2011-06-24T13:49:39Z" changeset="8533107" uid="1306" user="PlaneMad"/>
  <node id="1336893683" lat="29.6177120" lon="78.3369658" version="1" timestamp="2011-06-24T13:49:39Z" changeset="8533107" uid="1306" user="PlaneMad"/>
  <node id="1336893685" lat="29.6182300" lon="78.3358560" version="2" timestamp="2021-01-14T16:56:56Z" changeset="97507299" uid="1306" user="PlaneMad"/>
  <node id="1336893687" lat="29.6184442" lon="78.3354916" version="2" timestamp="2021-01-14T16:56:56Z" changeset="97507299" uid="1306" user="PlaneMad"/>
  <node id="1336893689" lat="29.6187078" lon="78.3483717" version="1" timestamp="2011-06-24T13:49:39Z" changeset="8533107" uid="1306" user="PlaneMad"/>
  <node id="1336893691" lat="29.6190158" lon="78.3483354" version="1" timestamp="2011-06-24T13:49:39Z" changeset="8533107" uid="1306" user="PlaneMad"/>
  <node id="1336893692" lat="29.6192528" lon="78.3488078" version="1" timestamp="2011-06-24T13:49:39Z" changeset="8533107" uid="1306" user="PlaneMad"/>
  <node id="1336893693" lat="29.6197898" lon="78.3493619" version="1" timestamp="2011-06-24T13:49:39Z" changeset="8533107" uid="1306" user="PlaneMad"/>
  <node id="1336893696" lat="29.6203947" lon="78.3498616" version="2" timestamp="2023-11-22T06:22:48Z" changeset="144312074" uid="19795114" user="kunalchhapre"/>
  <node id="1336893697" lat="29.6205479" lon="78.3502613" version="1" timestamp="2011-06-24T13:49:40Z" changeset="8533107" uid="1306" user="PlaneMad"/>
  <node id="1336893698" lat="29.6206743" lon="78.3507882" version="1" timestamp="2011-06-24T13:49:40Z" changeset="8533107" uid="1306" user="PlaneMad"/>
  <node id="1336893699" lat="29.6214166" lon="78.3321017" version="1" timestamp="2011-06-24T13:49:40Z" changeset="8533107" uid="1306" user="PlaneMad"/>
  <node id="1864582843" lat="29.6040572" lon="78.3054720" version="1" timestamp="2012-08-13T17:34:47Z" changeset="12716985" uid="96850" user="Alok sharma"/>
  <node id="1864582845" lat="29.6041975" lon="78.3052286" version="1" timestamp="2012-08-13T17:34:47Z" changeset="12716985" uid="96850" user="Alok sharma"/>
  <node id="2480890324" lat="29.4336208" lon="78.0578157" version="3" timestamp="2023-01-03T17:22:55Z" changeset="130835596" uid="1306" user="PlaneMad"/>
  <node id="2480890328" lat="29.4432685" lon="78.0636321" version="4" timestamp="2021-04-16T09:34:17Z" changeset="103047709" uid="11387827" user="WebiShabeelle"/>
  <node id="3220071057" lat="29.6249009" lon="78.3507746" version="1" timestamp="2014-12-05T11:14:56Z" changeset="27259761" uid="52766" user="sakudo"/>
  <node id="3220074772" lat="29.4790219" lon="78.1609857" version="1" timestamp="2014-12-05T11:14:58Z" changeset="27259761" uid="52766" user="sakudo"/>
  <node id="3368717994" lat="29.4365469" lon="78.0788861" version="1" timestamp="2015-02-23T18:46:16Z" changeset="29051163" uid="91490" user="Heinz_V"/>
  <node id="3368717995" lat="29.4365534" lon="78.0787585" version="1" timestamp="2015-02-23T18:46:16Z" changeset="29051163" uid="91490" user="Heinz_V"/>
  <node id="3368717996" lat="29.4365632" lon="78.0784920" version="1" timestamp="2015-02-23T18:46:16Z" changeset="29051163" uid="91490" user="Heinz_V"/>
  <node id="3368717997" lat="29.4366384" lon="78.0792427" version="1" timestamp="2015-02-23T18:46:16Z" changeset="29051163" uid="91490" user="Heinz_V"/>
  <node id="3368717998" lat="29.4366678" lon="78.0783006" version="1" timestamp="2015-02-23T18:46:16Z" changeset="29051163" uid="91490" user="Heinz_V"/>
  <node id="3368717999" lat="29.4367921" lon="78.0782180" version="1" timestamp="2015-02-23T18:46:16Z" changeset="29051163" uid="91490" user="Heinz_V"/>
  <node id="3368718000" lat="29.4369293" lon="78.0781767" version="1" timestamp="2015-02-23T18:46:16Z" changeset="29051163" uid="91490" user="Heinz_V"/>
  <node id="3368718001" lat="29.4369947" lon="78.0801435" version="1" timestamp="2015-02-23T18:46:16Z" changeset="29051163" uid="91490" user="Heinz_V"/>
  <node id="3368718002" lat="29.4370797" lon="78.0781580" version="1" timestamp="2015-02-23T18:46:16Z" changeset="29051163" uid="91490" user="Heinz_V"/>
  <node id="3368718003" lat="29.4372628" lon="78.0781204" version="1" timestamp="2015-02-23T18:46:16Z" changeset="29051163" uid="91490" user="Heinz_V"/>
  <node id="3368718004" lat="29.4373379" lon="78.0807064" version="1" timestamp="2015-02-23T18:46:16Z" changeset="29051163" uid="91490" user="Heinz_V"/>
  <node id="3368718005" lat="29.4374164" lon="78.0780679" version="1" timestamp="2015-02-23T18:46:16Z" changeset="29051163" uid="91490" user="Heinz_V"/>
  <node id="3368718006" lat="29.4376746" lon="78.0812206" version="1" timestamp="2015-02-23T18:46:16Z" changeset="29051163" uid="91490" user="Heinz_V"/>
  <node id="3368718007" lat="29.4377236" lon="78.0779027" version="1" timestamp="2015-02-23T18:46:16Z" changeset="29051163" uid="91490" user="Heinz_V"/>
  <node id="3368718008" lat="29.4379590" lon="78.0778314" version="1" timestamp="2015-02-23T18:46:16Z" changeset="29051163" uid="91490" user="Heinz_V"/>
  <node id="3368718009" lat="29.4381093" lon="78.0817198" version="1" timestamp="2015-02-23T18:46:16Z" changeset="29051163" uid="91490" user="Heinz_V"/>
  <node id="3368718010" lat="29.4383447" lon="78.0777001" version="1" timestamp="2015-02-23T18:46:16Z" changeset="29051163" uid="91490" user="Heinz_V"/>
  <node id="3368718011" lat="29.4385375" lon="78.0776325" version="1" timestamp="2015-02-23T18:46:16Z" changeset="29051163" uid="91490" user="Heinz_V"/>
  <node id="3368718012" lat="29.4385768" lon="78.0820839" version="1" timestamp="2015-02-23T18:46:16Z" changeset="29051163" uid="91490" user="Heinz_V"/>
  <node id="3368718013" lat="29.4387958" lon="78.0774448" version="1" timestamp="2015-02-23T18:46:16Z" changeset="29051163" uid="91490" user="Heinz_V"/>
  <node id="3368718014" lat="29.4391324" lon="78.0823241" version="1" timestamp="2015-02-23T18:46:16Z" changeset="29051163" uid="91490" user="Heinz_V"/>
  <node id="3368718015" lat="29.4391815" lon="78.0771333" version="1" timestamp="2015-02-23T18:46:16Z" changeset="29051163" uid="91490" user="Heinz_V"/>
  <node id="3368718016" lat="29.4394658" lon="78.0825568" version="1" timestamp="2015-02-23T18:46:16Z" changeset="29051163" uid="91490" user="Heinz_V"/>
  <node id="3368718017" lat="29.4396848" lon="78.0766304" version="1" timestamp="2015-02-23T18:46:16Z" changeset="29051163" uid="91490" user="Heinz_V"/>
  <node id="3368718018" lat="29.4399594" lon="78.0764427" version="1" timestamp="2015-02-23T18:46:16Z" changeset="29051163" uid="91490" user="Heinz_V"/>
  <node id="3368718019" lat="29.4401882" lon="78.0763977" version="1" timestamp="2015-02-23T18:46:16Z" changeset="29051163" uid="91490" user="Heinz_V"/>
  <node id="3368718020" lat="29.4404236" lon="78.0764089" version="1" timestamp="2015-02-23T18:46:16Z" changeset="29051163" uid="91490" user="Heinz_V"/>
  <node id="3368718021" lat="29.4406033" lon="78.0765253" version="1" timestamp="2015-02-23T18:46:16Z" changeset="29051163" uid="91490" user="Heinz_V"/>
  <node id="3368718022" lat="29.4408027" lon="78.0837879" version="1" timestamp="2015-02-23T18:46:16Z" changeset="29051163" uid="91490" user="Heinz_V"/>
  <node id="3368718023" lat="29.4408125" lon="78.0766191" version="1" timestamp="2015-02-23T18:46:16Z" changeset="29051163" uid="91490" user="Heinz_V"/>
  <node id="3368718024" lat="29.4409178" lon="78.1004323" version="1" timestamp="2015-02-23T18:46:16Z" changeset="29051163" uid="91490" user="Heinz_V"/>
  <node id="3368718025" lat="29.4409363" lon="78.1000183" version="1" timestamp="2015-02-23T18:46:16Z" changeset="29051163" uid="91490" user="Heinz_V"/>
  <node id="3368718026" lat="29.4410148" lon="78.0997688" version="1" timestamp="2015-02-23T18:46:16Z" changeset="29051163" uid="91490" user="Heinz_V"/>
  <node id="3368718027" lat="29.4410287" lon="78.1008676" version="1" timestamp="2015-02-23T18:46:16Z" changeset="29051163" uid="91490" user="Heinz_V"/>
  <node id="3368718028" lat="29.4410703" lon="78.1011489" version="1" timestamp="2015-02-23T18:46:16Z" changeset="29051163" uid="91490" user="Heinz_V"/>
  <node id="3368718029" lat="29.4410707" lon="78.0767017" version="1" timestamp="2015-02-23T18:46:16Z" changeset="29051163" uid="91490" user="Heinz_V"/>
  <node id="3368718030" lat="29.4411443" lon="78.1014780" version="1" timestamp="2015-02-23T18:46:16Z" changeset="29051163" uid="91490" user="Heinz_V"/>
  <node id="3368718031" lat="29.4411581" lon="78.1017752" version="1" timestamp="2015-02-23T18:46:16Z" changeset="29051163" uid="91490" user="Heinz_V"/>
  <node id="3368718032" lat="29.4411905" lon="78.0996945" version="1" timestamp="2015-02-23T18:46:16Z" changeset="29051163" uid="91490" user="Heinz_V"/>
  <node id="3368718033" lat="29.4411905" lon="78.1020672" version="1" timestamp="2015-02-23T18:46:16Z" changeset="29051163" uid="91490" user="Heinz_V"/>
  <node id="3368718034" lat="29.4414170" lon="78.1027413" version="1" timestamp="2015-02-23T18:46:16Z" changeset="29051163" uid="91490" user="Heinz_V"/>
  <node id="3368718035" lat="29.4415793" lon="78.0997253" version="1" timestamp="2015-02-23T18:46:16Z" changeset="29051163" uid="91490" user="Heinz_V"/>
  <node id="3368718036" lat="29.4416620" lon="78.1034366" version="1" timestamp="2015-02-23T18:46:16Z" changeset="29051163" uid="91490" user="Heinz_V"/>
  <node id="3368718037" lat="29.4417016" lon="78.0767280" version="1" timestamp="2015-02-23T18:46:16Z" changeset="29051163" uid="91490" user="Heinz_V"/>
  <node id="3368718038" lat="29.4417571" lon="78.0848501" version="1" timestamp="2015-02-23T18:46:16Z" changeset="29051163" uid="91490" user="Heinz_V"/>
  <node id="3368718039" lat="29.4418313" lon="78.0996801" version="1" timestamp="2015-02-23T18:46:16Z" changeset="29051163" uid="91490" user="Heinz_V"/>
  <node id="3368718040" lat="29.4419393" lon="78.1038453" version="1" timestamp="2015-02-23T18:46:16Z" changeset="29051163" uid="91490" user="Heinz_V"/>
  <node id="3368718041" lat="29.4422427" lon="78.0996244" version="1" timestamp="2015-02-23T18:46:16Z" changeset="29051163" uid="91490" user="Heinz_V"/>
  <node id="3368718042" lat="29.4422537" lon="78.1043814" version="1" timestamp="2015-02-23T18:46:16Z" changeset="29051163" uid="91490" user="Heinz_V"/>
  <node id="3368718043" lat="29.4423193" lon="78.0855482" version="1" timestamp="2015-02-23T18:46:16Z" changeset="29051163" uid="91490" user="Heinz_V"/>
  <node id="3368718044" lat="29.4425874" lon="78.0855219" version="1" timestamp="2015-02-23T18:46:16Z" changeset="29051163" uid="91490" user="Heinz_V"/>
  <node id="3368718045" lat="29.4426171" lon="78.0996271" version="1" timestamp="2015-02-23T18:46:16Z" changeset="29051163" uid="91490" user="Heinz_V"/>
  <node id="3368718046" lat="29.4427116" lon="78.0769532" version="1" timestamp="2015-02-23T18:46:16Z" changeset="29051163" uid="91490" user="Heinz_V"/>
  <node id="3368718047" lat="29.4427667" lon="78.1049971" version="1" timestamp="2015-02-23T18:46:16Z" changeset="29051163" uid="91490" user="Heinz_V"/>
  <node id="3368718048" lat="29.4427933" lon="78.0854468" version="1" timestamp="2015-02-23T18:46:16Z" changeset="29051163" uid="91490" user="Heinz_V"/>
  <node id="3368718049" lat="29.4429075" lon="78.1184019" version="1" timestamp="2015-02-23T18:46:16Z" changeset="29051163" uid="91490" user="Heinz_V"/>
  <node id="3368718050" lat="29.4430252" lon="78.1186383" version="1" timestamp="2015-02-23T18:46:16Z" changeset="29051163" uid="91490" user="Heinz_V"/>
  <node id="3368718051" lat="29.4432411" lon="78.0997332" version="1" timestamp="2015-02-23T18:46:16Z" changeset="29051163" uid="91490" user="Heinz_V"/>
  <node id="3368718052" lat="29.4433095" lon="78.1188485" version="1" timestamp="2015-02-23T18:46:16Z" changeset="29051163" uid="91490" user="Heinz_V"/>
  <node id="3368718053" lat="29.4433195" lon="78.0770770" version="1" timestamp="2015-02-23T18:46:16Z" changeset="29051163" uid="91490" user="Heinz_V"/>
  <node id="3368718054" lat="29.4433520" lon="78.1175574" version="1" timestamp="2015-02-23T18:46:16Z" changeset="29051163" uid="91490" user="Heinz_V"/>
  <node id="3368718055" lat="29.4434470" lon="78.0852967" version="1" timestamp="2015-02-23T18:46:16Z" changeset="29051163" uid="91490" user="Heinz_V"/>
  <node id="3368718056" lat="29.4435433" lon="78.1117913" version="1" timestamp="2015-02-23T18:46:16Z" changeset="29051163" uid="91490" user="Heinz_V"/>
  <node id="3368718057" lat="29.4435479" lon="78.1056235" version="1" timestamp="2015-02-23T18:46:16Z" changeset="29051163" uid="91490" user="Heinz_V"/>
  <node id="3368718058" lat="29.4435514" lon="78.1170094" version="1" timestamp="2015-02-23T18:46:16Z" changeset="29051163" uid="91490" user="Heinz_V"/>
  <node id="3368718059" lat="29.4435572" lon="78.1114516" version="1" timestamp="2015-02-23T18:46:16Z" changeset="29051163" uid="91490" user="Heinz_V"/>
  <node id="3368718060" lat="29.4436126" lon="78.1122425" version="1" timestamp="2015-02-23T18:46:16Z" changeset="29051163" uid="91490" user="Heinz_V"/>
  <node id="3368718061" lat="29.4436589" lon="78.1126618" version="1" timestamp="2015-02-23T18:46:16Z" changeset="29051163" uid="91490" user="Heinz_V"/>
  <node id="3368718062" lat="29.4436985" lon="78.1163188" version="1" timestamp="2015-02-23T18:46:16Z" changeset="29051163" uid="91490" user="Heinz_V"/>
  <node id="3368718063" lat="29.4437150" lon="78.0852817" version="1" timestamp="2015-02-23T18:46:16Z" changeset="29051163" uid="91490" user="Heinz_V"/>
  <node id="3368718064" lat="29.4438031" lon="78.1153091" version="1" timestamp="2015-02-23T18:46:17Z" changeset="29051163" uid="91490" user="Heinz_V"/>
  <node id="3368718065" lat="29.4438391" lon="78.1106660" version="1" timestamp="2015-02-23T18:46:17Z" changeset="29051163" uid="91490" user="Heinz_V"/>
  <node id="3368718066" lat="29.4439109" lon="78.1134926" version="1" timestamp="2015-02-23T18:46:17Z" changeset="29051163" uid="91490" user="Heinz_V"/>
  <node id="3368718067" lat="29.4439208" lon="78.1190737" version="1" timestamp="2015-02-23T18:46:17Z" changeset="29051163" uid="91490" user="Heinz_V"/>
  <node id="3368718068" lat="29.4439273" lon="78.1145247" version="1" timestamp="2015-02-23T18:46:17Z" changeset="29051163" uid="91490" user="Heinz_V"/>
  <node id="3368718069" lat="29.4439593" lon="78.1101034" version="1" timestamp="2015-02-23T18:46:17Z" changeset="29051163" uid="91490" user="Heinz_V"/>
  <node id="3368718070" lat="29.4439714" lon="78.0998075" version="1" timestamp="2015-02-23T18:46:17Z" changeset="29051163" uid="91490" user="Heinz_V"/>
  <node id="3368718071" lat="29.4439778" lon="78.1059950" version="1" timestamp="2015-02-23T18:46:17Z" changeset="29051163" uid="91490" user="Heinz_V"/>
  <node id="3368718072" lat="29.4439824" lon="78.1094717" version="1" timestamp="2015-02-23T18:46:17Z" changeset="29051163" uid="91490" user="Heinz_V"/>
  <node id="3368718073" lat="29.4440353" lon="78.0772159" version="1" timestamp="2015-02-23T18:46:17Z" changeset="29051163" uid="91490" user="Heinz_V"/>
  <node id="3368718074" lat="29.4440471" lon="78.1080917" version="1" timestamp="2015-02-23T18:46:17Z" changeset="29051163" uid="91490" user="Heinz_V"/>
  <node id="3368718075" lat="29.4440713" lon="78.0854656" version="1" timestamp="2015-02-23T18:46:17Z" changeset="29051163" uid="91490" user="Heinz_V"/>
  <node id="3368718076" lat="29.4440934" lon="78.1073963" version="1" timestamp="2015-02-23T18:46:17Z" changeset="29051163" uid="91490" user="Heinz_V"/>
  <node id="3368718077" lat="29.4441812" lon="78.1066161" version="1" timestamp="2015-02-23T18:46:17Z" changeset="29051163" uid="91490" user="Heinz_V"/>
  <node id="3368718078" lat="29.4444891" lon="78.0997916" version="1" timestamp="2015-02-23T18:46:17Z" changeset="29051163" uid="91490" user="Heinz_V"/>
  <node id="3368718079" lat="29.4445844" lon="78.0859385" version="1" timestamp="2015-02-23T18:46:17Z" changeset="29051163" uid="91490" user="Heinz_V"/>
  <node id="3368718080" lat="29.4446496" lon="78.1194453" version="1" timestamp="2015-02-23T18:46:17Z" changeset="29051163" uid="91490" user="Heinz_V"/>
  <node id="3368718081" lat="29.4446825" lon="78.0773510" version="1" timestamp="2015-02-23T18:46:17Z" changeset="29051163" uid="91490" user="Heinz_V"/>
  <node id="3368718082" lat="29.4448196" lon="78.0997757" version="1" timestamp="2015-02-23T18:46:17Z" changeset="29051163" uid="91490" user="Heinz_V"/>
  <node id="3368718083" lat="29.4451366" lon="78.1198806" version="1" timestamp="2015-02-23T18:46:17Z" changeset="29051163" uid="91490" user="Heinz_V"/>
  <node id="3368718084" lat="29.4451386" lon="78.0998075" version="1" timestamp="2015-02-23T18:46:17Z" changeset="29051163" uid="91490" user="Heinz_V"/>
  <node id="3368718085" lat="29.4451989" lon="78.0865428" version="1" timestamp="2015-02-23T18:46:17Z" changeset="29051163" uid="91490" user="Heinz_V"/>
  <node id="3368718086" lat="29.4454308" lon="78.1200908" version="1" timestamp="2015-02-23T18:46:17Z" changeset="29051163" uid="91490" user="Heinz_V"/>
  <node id="3368718087" lat="29.4455435" lon="78.0772334" version="1" timestamp="2015-02-23T18:46:17Z" changeset="29051163" uid="91490" user="Heinz_V"/>
  <node id="3368718088" lat="29.4457025" lon="78.0997438" version="1" timestamp="2015-02-23T18:46:17Z" changeset="29051163" uid="91490" user="Heinz_V"/>
  <node id="3368718089" lat="29.4457447" lon="78.0869594" version="1" timestamp="2015-02-23T18:46:17Z" changeset="29051163" uid="91490" user="Heinz_V"/>
  <node id="3368718090" lat="29.4457939" lon="78.0771917" version="1" timestamp="2015-02-23T18:46:17Z" changeset="29051163" uid="91490" user="Heinz_V"/>
  <node id="3368718091" lat="29.4458157" lon="78.0997438" version="1" timestamp="2015-02-23T18:46:17Z" changeset="29051163" uid="91490" user="Heinz_V"/>
  <node id="3368718092" lat="29.4458916" lon="78.1204174" version="1" timestamp="2015-02-23T18:46:17Z" changeset="29051163" uid="91490" user="Heinz_V"/>
  <node id="3368718393" lat="29.4459498" lon="78.0997173" version="1" timestamp="2015-02-23T18:46:17Z" changeset="29051163" uid="91490" user="Heinz_V"/>
  <node id="3368718394" lat="29.4459589" lon="78.0771569" version="1" timestamp="2015-02-23T18:46:17Z" changeset="29051163" uid="91490" user="Heinz_V"/>
  <node id="3368718395" lat="29.4460977" lon="78.0996403" version="1" timestamp="2015-02-23T18:46:17Z" changeset="29051163" uid="91490" user="Heinz_V"/>
  <node id="3368718396" lat="29.4462006" lon="78.0771363" version="1" timestamp="2015-02-23T18:46:17Z" changeset="29051163" uid="91490" user="Heinz_V"/>
  <node id="3368718397" lat="29.4462446" lon="78.1207514" version="1" timestamp="2015-02-23T18:46:17Z" changeset="29051163" uid="91490" user="Heinz_V"/>
  <node id="3368718398" lat="29.4463404" lon="78.0996695" version="1" timestamp="2015-02-23T18:46:17Z" changeset="29051163" uid="91490" user="Heinz_V"/>
  <node id="3368718399" lat="29.4464289" lon="78.0771106" version="1" timestamp="2015-02-23T18:46:17Z" changeset="29051163" uid="91490" user="Heinz_V"/>
  <node id="3368718400" lat="29.4465811" lon="78.0769719" version="1" timestamp="2015-02-23T18:46:17Z" changeset="29051163" uid="91490" user="Heinz_V"/>
  <node id="3368718401" lat="29.4465945" lon="78.0763087" version="1" timestamp="2015-02-23T18:46:17Z" changeset="29051163" uid="91490" user="Heinz_V"/>
  <node id="3368718402" lat="29.4466043" lon="78.0875187" version="1" timestamp="2015-02-23T18:46:17Z" changeset="29051163" uid="91490" user="Heinz_V"/>
  <node id="3368718403" lat="29.4466431" lon="78.0997996" version="1" timestamp="2015-02-23T18:46:17Z" changeset="29051163" uid="91490" user="Heinz_V"/>
  <node id="3368718404" lat="29.4466617" lon="78.0756456" version="1" timestamp="2015-02-23T18:46:17Z" changeset="29051163" uid="91490" user="Heinz_V"/>
  <node id="3368718405" lat="29.4466617" lon="78.0767148" version="1" timestamp="2015-02-23T18:46:17Z" changeset="29051163" uid="91490" user="Heinz_V"/>
  <node id="3368718406" lat="29.4467382" lon="78.1211530" version="1" timestamp="2015-02-23T18:46:17Z" changeset="29051163" uid="91490" user="Heinz_V"/>
  <node id="3368718407" lat="29.4470337" lon="78.0997863" version="1" timestamp="2015-02-23T18:46:17Z" changeset="29051163" uid="91490" user="Heinz_V"/>
  <node id="3368718408" lat="29.4470977" lon="78.1216372" version="1" timestamp="2015-02-23T18:46:17Z" changeset="29051163" uid="91490" user="Heinz_V"/>
  <node id="3368718409" lat="29.4471496" lon="78.0745353" version="1" timestamp="2015-02-23T18:46:17Z" changeset="29051163" uid="91490" user="Heinz_V"/>
  <node id="3368718410" lat="29.4474018" lon="78.0879991" version="1" timestamp="2015-02-23T18:46:17Z" changeset="29051163" uid="91490" user="Heinz_V"/>
  <node id="3368718411" lat="29.4474092" lon="78.0735483" version="1" timestamp="2015-02-23T18:46:17Z" changeset="29051163" uid="91490" user="Heinz_V"/>
  <node id="3368718412" lat="29.4475346" lon="78.0706233" version="1" timestamp="2015-02-23T18:46:17Z" changeset="29051163" uid="91490" user="Heinz_V"/>
  <node id="3368718413" lat="29.4475480" lon="78.0716926" version="1" timestamp="2015-02-23T18:46:17Z" changeset="29051163" uid="91490" user="Heinz_V"/>
  <node id="3368718414" lat="29.4475749" lon="78.0726384" version="1" timestamp="2015-02-23T18:46:17Z" changeset="29051163" uid="91490" user="Heinz_V"/>
  <node id="3368718415" lat="29.4476092" lon="78.0996748" version="1" timestamp="2015-02-23T18:46:17Z" changeset="29051163" uid="91490" user="Heinz_V"/>
  <node id="3368718416" lat="29.4476599" lon="78.0697957" version="1" timestamp="2015-02-23T18:46:17Z" changeset="29051163" uid="91490" user="Heinz_V"/>
  <node id="3368718417" lat="29.4477123" lon="78.0882693" version="1" timestamp="2015-02-23T18:46:17Z" changeset="29051163" uid="91490" user="Heinz_V"/>
  <node id="3368718418" lat="29.4479017" lon="78.1222677" version="1" timestamp="2015-02-23T18:46:17Z" changeset="29051163" uid="91490" user="Heinz_V"/>
  <node id="3368718419" lat="29.4479476" lon="78.0886972" version="1" timestamp="2015-02-23T18:46:17Z" changeset="29051163" uid="91490" user="Heinz_V"/>
  <node id="3368718420" lat="29.4480899" lon="78.0995687" version="1" timestamp="2015-02-23T18:46:17Z" changeset="29051163" uid="91490" user="Heinz_V"/>
  <node id="3368718421" lat="29.4481152" lon="78.0672376" version="1" timestamp="2015-02-23T18:46:17Z" changeset="29051163" uid="91490" user="Heinz_V"/>
  <node id="3368718422" lat="29.4455078" lon="78.0651761" version="2" timestamp="2021-04-16T09:34:17Z" changeset="103047709" uid="11387827" user="WebiShabeelle"/>
  <node id="3368718423" lat="29.4474321" lon="78.0654044" version="2" timestamp="2021-04-16T09:34:17Z" changeset="103047709" uid="11387827" user="WebiShabeelle"/>
  <node id="3368718424" lat="29.4479820" lon="78.0656177" version="2" timestamp="2021-04-16T09:34:17Z" changeset="103047709" uid="11387827" user="WebiShabeelle"/>
  <node id="3368718425" lat="29.4482047" lon="78.0666310" version="1" timestamp="2015-02-23T18:46:17Z" changeset="29051163" uid="91490" user="Heinz_V"/>
  <node id="3368718426" lat="29.4482226" lon="78.0660553" version="1" timestamp="2015-02-23T18:46:17Z" changeset="29051163" uid="91490" user="Heinz_V"/>
  <node id="3368718427" lat="29.4484640" lon="78.0890950" version="1" timestamp="2015-02-23T18:46:18Z" changeset="29051163" uid="91490" user="Heinz_V"/>
  <node id="3368718428" lat="29.4485683" lon="78.0992422" version="1" timestamp="2015-02-23T18:46:18Z" changeset="29051163" uid="91490" user="Heinz_V"/>
  <node id="3368718429" lat="29.4486165" lon="78.1228217" version="1" timestamp="2015-02-23T18:46:18Z" changeset="29051163" uid="91490" user="Heinz_V"/>
  <node id="3368718430" lat="29.4450705" lon="78.0647943" version="2" timestamp="2021-04-16T09:34:17Z" changeset="103047709" uid="11387827" user="WebiShabeelle"/>
  <node id="3368718431" lat="29.4439490" lon="78.0640921" version="2" timestamp="2021-04-16T09:34:17Z" changeset="103047709" uid="11387827" user="WebiShabeelle"/>
  <node id="3368718432" lat="29.4489837" lon="78.0895267" version="1" timestamp="2015-02-23T18:46:18Z" changeset="29051163" uid="91490" user="Heinz_V"/>
  <node id="3368718433" lat="29.4489958" lon="78.0988919" version="1" timestamp="2015-02-23T18:46:18Z" changeset="29051163" uid="91490" user="Heinz_V"/>
  <node id="3368718434" lat="29.4490949" lon="78.1229862" version="1" timestamp="2015-02-23T18:46:18Z" changeset="29051163" uid="91490" user="Heinz_V"/>
  <node id="3368718435" lat="29.4491391" lon="78.0987990" version="1" timestamp="2015-02-23T18:46:18Z" changeset="29051163" uid="91490" user="Heinz_V"/>
  <node id="3368718436" lat="29.4494053" lon="78.0898832" version="1" timestamp="2015-02-23T18:46:18Z" changeset="29051163" uid="91490" user="Heinz_V"/>
  <node id="3368718437" lat="29.4494086" lon="78.0908628" version="1" timestamp="2015-02-23T18:46:18Z" changeset="29051163" uid="91490" user="Heinz_V"/>
  <node id="3368718438" lat="29.4494118" lon="78.0905626" version="1" timestamp="2015-02-23T18:46:18Z" changeset="29051163" uid="91490" user="Heinz_V"/>
  <node id="3368718439" lat="29.4494674" lon="78.0901872" version="1" timestamp="2015-02-23T18:46:18Z" changeset="29051163" uid="91490" user="Heinz_V"/>
  <node id="3368718440" lat="29.4495343" lon="78.0988096" version="1" timestamp="2015-02-23T18:46:18Z" changeset="29051163" uid="91490" user="Heinz_V"/>
  <node id="3368718441" lat="29.4495753" lon="78.0916961" version="1" timestamp="2015-02-23T18:46:18Z" changeset="29051163" uid="91490" user="Heinz_V"/>
  <node id="3368718442" lat="29.4496472" lon="78.1229809" version="1" timestamp="2015-02-23T18:46:18Z" changeset="29051163" uid="91490" user="Heinz_V"/>
  <node id="3368718443" lat="29.4499041" lon="78.0987751" version="1" timestamp="2015-02-23T18:46:18Z" changeset="29051163" uid="91490" user="Heinz_V"/>
  <node id="3368718444" lat="29.4501211" lon="78.0929046" version="1" timestamp="2015-02-23T18:46:18Z" changeset="29051163" uid="91490" user="Heinz_V"/>
  <node id="3368718445" lat="29.4503188" lon="78.1230232" version="1" timestamp="2015-02-23T18:46:18Z" changeset="29051163" uid="91490" user="Heinz_V"/>
  <node id="3368718446" lat="29.4504381" lon="78.0934226" version="1" timestamp="2015-02-23T18:46:18Z" changeset="29051163" uid="91490" user="Heinz_V"/>
  <node id="3368718447" lat="29.4506551" lon="78.0984567" version="1" timestamp="2015-02-23T18:46:18Z" changeset="29051163" uid="91490" user="Heinz_V"/>
  <node id="3368718448" lat="29.4507518" lon="78.0938655" version="1" timestamp="2015-02-23T18:46:18Z" changeset="29051163" uid="91490" user="Heinz_V"/>
  <node id="3368718449" lat="29.4512075" lon="78.0982523" version="1" timestamp="2015-02-23T18:46:18Z" changeset="29051163" uid="91490" user="Heinz_V"/>
  <node id="3368718450" lat="29.4512356" lon="78.0942483" version="1" timestamp="2015-02-23T18:46:18Z" changeset="29051163" uid="91490" user="Heinz_V"/>
  <node id="3368718451" lat="29.4513264" lon="78.1376041" version="1" timestamp="2015-02-23T18:46:18Z" changeset="29051163" uid="91490" user="Heinz_V"/>
  <node id="3368718452" lat="29.4513356" lon="78.1371211" version="1" timestamp="2015-02-23T18:46:18Z" changeset="29051163" uid="91490" user="Heinz_V"/>
  <node id="3368718453" lat="29.4513449" lon="78.1379863" version="1" timestamp="2015-02-23T18:46:18Z" changeset="29051163" uid="91490" user="Heinz_V"/>
  <node id="3368718454" lat="29.4514512" lon="78.1363833" version="1" timestamp="2015-02-23T18:46:18Z" changeset="29051163" uid="91490" user="Heinz_V"/>
  <node id="3368718455" lat="29.4515853" lon="78.0943459" version="1" timestamp="2015-02-23T18:46:18Z" changeset="29051163" uid="91490" user="Heinz_V"/>
  <node id="3368718456" lat="29.4515898" lon="78.1231665" version="1" timestamp="2015-02-23T18:46:18Z" changeset="29051163" uid="91490" user="Heinz_V"/>
  <node id="3368718457" lat="29.4516581" lon="78.0979604" version="1" timestamp="2015-02-23T18:46:18Z" changeset="29051163" uid="91490" user="Heinz_V"/>
  <node id="3368718458" lat="29.4516638" lon="78.1385702" version="1" timestamp="2015-02-23T18:46:18Z" changeset="29051163" uid="91490" user="Heinz_V"/>
  <node id="3368718459" lat="29.4517879" lon="78.0942633" version="1" timestamp="2015-02-23T18:46:18Z" changeset="29051163" uid="91490" user="Heinz_V"/>
  <node id="3368718460" lat="29.4520012" lon="78.1387029" version="1" timestamp="2015-02-23T18:46:18Z" changeset="29051163" uid="91490" user="Heinz_V"/>
  <node id="3368718461" lat="29.4520289" lon="78.1323333" version="1" timestamp="2015-02-23T18:46:18Z" changeset="29051163" uid="91490" user="Heinz_V"/>
  <node id="3368718462" lat="29.4520705" lon="78.1349077" version="1" timestamp="2015-02-23T18:46:18Z" changeset="29051163" uid="91490" user="Heinz_V"/>
  <node id="3368718463" lat="29.4520844" lon="78.1321157" version="1" timestamp="2015-02-23T18:46:18Z" changeset="29051163" uid="91490" user="Heinz_V"/>
  <node id="3368718464" lat="29.4521249" lon="78.0975410" version="1" timestamp="2015-02-23T18:46:18Z" changeset="29051163" uid="91490" user="Heinz_V"/>
  <node id="3368718465" lat="29.4521537" lon="78.1319034" version="1" timestamp="2015-02-23T18:46:18Z" changeset="29051163" uid="91490" user="Heinz_V"/>
  <node id="3368718466" lat="29.4522781" lon="78.0940231" version="1" timestamp="2015-02-23T18:46:18Z" changeset="29051163" uid="91490" user="Heinz_V"/>
  <node id="3368718467" lat="29.4522924" lon="78.1386073" version="1" timestamp="2015-02-23T18:46:18Z" changeset="29051163" uid="91490" user="Heinz_V"/>
  <node id="3368718468" lat="29.4523247" lon="78.1318344" version="1" timestamp="2015-02-23T18:46:18Z" changeset="29051163" uid="91490" user="Heinz_V"/>
  <node id="3368718469" lat="29.4523756" lon="78.1344194" version="1" timestamp="2015-02-23T18:46:18Z" changeset="29051163" uid="91490" user="Heinz_V"/>
  <node id="3368718470" lat="29.4523802" lon="78.1332357" version="1" timestamp="2015-02-23T18:46:18Z" changeset="29051163" uid="91490" user="Heinz_V"/>
  <node id="3368718471" lat="29.4525004" lon="78.1336444" version="1" timestamp="2015-02-23T18:46:18Z" changeset="29051163" uid="91490" user="Heinz_V"/>
  <node id="3368718472" lat="29.4525281" lon="78.1234903" version="1" timestamp="2015-02-23T18:46:18Z" changeset="29051163" uid="91490" user="Heinz_V"/>
  <node id="3368718473" lat="29.4525605" lon="78.1337452" version="1" timestamp="2015-02-23T18:46:18Z" changeset="29051163" uid="91490" user="Heinz_V"/>
  <node id="3368718474" lat="29.4527605" lon="78.0969173" version="1" timestamp="2015-02-23T18:46:18Z" changeset="29051163" uid="91490" user="Heinz_V"/>
  <node id="3368718475" lat="29.4527749" lon="78.0939931" version="1" timestamp="2015-02-23T18:46:18Z" changeset="29051163" uid="91490" user="Heinz_V"/>
  <node id="3368718476" lat="29.4528193" lon="78.1318397" version="1" timestamp="2015-02-23T18:46:18Z" changeset="29051163" uid="91490" user="Heinz_V"/>
  <node id="3368718477" lat="29.4529718" lon="78.1382039" version="1" timestamp="2015-02-23T18:46:18Z" changeset="29051163" uid="91490" user="Heinz_V"/>
  <node id="3368718478" lat="29.4530781" lon="78.1240742" version="1" timestamp="2015-02-23T18:46:18Z" changeset="29051163" uid="91490" user="Heinz_V"/>
  <node id="3368718479" lat="29.4531336" lon="78.1317548" version="1" timestamp="2015-02-23T18:46:18Z" changeset="29051163" uid="91490" user="Heinz_V"/>
  <node id="3368718480" lat="29.4532651" lon="78.0941057" version="1" timestamp="2015-02-23T18:46:19Z" changeset="29051163" uid="91490" user="Heinz_V"/>
  <node id="3368718481" lat="29.4534710" lon="78.1377952" version="1" timestamp="2015-02-23T18:46:19Z" changeset="29051163" uid="91490" user="Heinz_V"/>
  <node id="3368718482" lat="29.4534849" lon="78.1243873" version="1" timestamp="2015-02-23T18:46:19Z" changeset="29051163" uid="91490" user="Heinz_V"/>
  <node id="3368718483" lat="29.4535449" lon="78.1313514" version="1" timestamp="2015-02-23T18:46:19Z" changeset="29051163" uid="91490" user="Heinz_V"/>
  <node id="3368718484" lat="29.4536341" lon="78.0965203" version="1" timestamp="2015-02-23T18:46:19Z" changeset="29051163" uid="91490" user="Heinz_V"/>
  <node id="3368718485" lat="29.4536790" lon="78.1312080" version="1" timestamp="2015-02-23T18:46:19Z" changeset="29051163" uid="91490" user="Heinz_V"/>
  <node id="3368718486" lat="29.4537113" lon="78.1372591" version="1" timestamp="2015-02-23T18:46:19Z" changeset="29051163" uid="91490" user="Heinz_V"/>
  <node id="3368718487" lat="29.4537227" lon="78.0944022" version="1" timestamp="2015-02-23T18:46:19Z" changeset="29051163" uid="91490" user="Heinz_V"/>
  <node id="3368718488" lat="29.4537668" lon="78.1244351" version="1" timestamp="2015-02-23T18:46:19Z" changeset="29051163" uid="91490" user="Heinz_V"/>
  <node id="3368718489" lat="29.4539840" lon="78.1368185" version="1" timestamp="2015-02-23T18:46:19Z" changeset="29051163" uid="91490" user="Heinz_V"/>
  <node id="3368718490" lat="29.4540071" lon="78.1303747" version="1" timestamp="2015-02-23T18:46:19Z" changeset="29051163" uid="91490" user="Heinz_V"/>
  <node id="3368718491" lat="29.4540462" lon="78.0944960" version="1" timestamp="2015-02-23T18:46:19Z" changeset="29051163" uid="91490" user="Heinz_V"/>
  <node id="3368718492" lat="29.4540626" lon="78.0962225" version="1" timestamp="2015-02-23T18:46:19Z" changeset="29051163" uid="91490" user="Heinz_V"/>
  <node id="3368718693" lat="29.4541319" lon="78.1365744" version="1" timestamp="2015-02-23T18:46:19Z" changeset="29051163" uid="91490" user="Heinz_V"/>
  <node id="3368718694" lat="29.4542717" lon="78.0956408" version="1" timestamp="2015-02-23T18:46:19Z" changeset="29051163" uid="91490" user="Heinz_V"/>
  <node id="3368718695" lat="29.4542983" lon="78.1363249" version="1" timestamp="2015-02-23T18:46:19Z" changeset="29051163" uid="91490" user="Heinz_V"/>
  <node id="3368718696" lat="29.4543567" lon="78.0943909" version="1" timestamp="2015-02-23T18:46:19Z" changeset="29051163" uid="91490" user="Heinz_V"/>
  <node id="3368718697" lat="29.4544253" lon="78.0952542" version="1" timestamp="2015-02-23T18:46:19Z" changeset="29051163" uid="91490" user="Heinz_V"/>
  <node id="3368718698" lat="29.4544515" lon="78.0945486" version="1" timestamp="2015-02-23T18:46:19Z" changeset="29051163" uid="91490" user="Heinz_V"/>
  <node id="3368718699" lat="29.4544601" lon="78.1289999" version="1" timestamp="2015-02-23T18:46:19Z" changeset="29051163" uid="91490" user="Heinz_V"/>
  <node id="3368718700" lat="29.4544678" lon="78.0948638" version="1" timestamp="2015-02-23T18:46:19Z" changeset="29051163" uid="91490" user="Heinz_V"/>
  <node id="3368718701" lat="29.4545202" lon="78.1245890" version="1" timestamp="2015-02-23T18:46:19Z" changeset="29051163" uid="91490" user="Heinz_V"/>
  <node id="3368718702" lat="29.4545479" lon="78.1360648" version="1" timestamp="2015-02-23T18:46:19Z" changeset="29051163" uid="91490" user="Heinz_V"/>
  <node id="3368718703" lat="29.4547651" lon="78.1358047" version="1" timestamp="2015-02-23T18:46:19Z" changeset="29051163" uid="91490" user="Heinz_V"/>
  <node id="3368718704" lat="29.4549916" lon="78.1246952" version="1" timestamp="2015-02-23T18:46:19Z" changeset="29051163" uid="91490" user="Heinz_V"/>
  <node id="3368718705" lat="29.4550239" lon="78.1355234" version="1" timestamp="2015-02-23T18:46:19Z" changeset="29051163" uid="91490" user="Heinz_V"/>
  <node id="3368718706" lat="29.4550286" lon="78.1274500" version="1" timestamp="2015-02-23T18:46:19Z" changeset="29051163" uid="91490" user="Heinz_V"/>
  <node id="3368718707" lat="29.4551765" lon="78.1248491" version="1" timestamp="2015-02-23T18:46:19Z" changeset="29051163" uid="91490" user="Heinz_V"/>
  <node id="3368718708" lat="29.4551857" lon="78.1264097" version="1" timestamp="2015-02-23T18:46:19Z" changeset="29051163" uid="91490" user="Heinz_V"/>
  <node id="3368718709" lat="29.4552735" lon="78.1260434" version="1" timestamp="2015-02-23T18:46:19Z" changeset="29051163" uid="91490" user="Heinz_V"/>
  <node id="3368718710" lat="29.4553105" lon="78.1354279" version="1" timestamp="2015-02-23T18:46:19Z" changeset="29051163" uid="91490" user="Heinz_V"/>
  <node id="3368718711" lat="29.4553336" lon="78.1254011" version="1" timestamp="2015-02-23T18:46:19Z" changeset="29051163" uid="91490" user="Heinz_V"/>
  <node id="3368718712" lat="29.4557912" lon="78.1353642" version="1" timestamp="2015-02-23T18:46:19Z" changeset="29051163" uid="91490" user="Heinz_V"/>
  <node id="3368718713" lat="29.4563504" lon="78.1359268" version="1" timestamp="2015-02-23T18:46:19Z" changeset="29051163" uid="91490" user="Heinz_V"/>
  <node id="3368718714" lat="29.4566508" lon="78.1440374" version="1" timestamp="2015-02-23T18:46:19Z" changeset="29051163" uid="91490" user="Heinz_V"/>
  <node id="3368718715" lat="29.4566970" lon="78.1432730" version="1" timestamp="2015-02-23T18:46:19Z" changeset="29051163" uid="91490" user="Heinz_V"/>
  <node id="3368718716" lat="29.4567571" lon="78.1366115" version="1" timestamp="2015-02-23T18:46:19Z" changeset="29051163" uid="91490" user="Heinz_V"/>
  <node id="3368718717" lat="29.4567941" lon="78.1447486" version="1" timestamp="2015-02-23T18:46:19Z" changeset="29051163" uid="91490" user="Heinz_V"/>
  <node id="3368718718" lat="29.4568403" lon="78.1428112" version="1" timestamp="2015-02-23T18:46:19Z" changeset="29051163" uid="91490" user="Heinz_V"/>
  <node id="3368718719" lat="29.4569836" lon="78.1449875" version="1" timestamp="2015-02-23T18:46:19Z" changeset="29051163" uid="91490" user="Heinz_V"/>
  <node id="3368718720" lat="29.4571731" lon="78.1423123" version="1" timestamp="2015-02-23T18:46:19Z" changeset="29051163" uid="91490" user="Heinz_V"/>
  <node id="3368718721" lat="29.4572193" lon="78.1453537" version="1" timestamp="2015-02-23T18:46:19Z" changeset="29051163" uid="91490" user="Heinz_V"/>
  <node id="3368718722" lat="29.4576260" lon="78.1387984" version="1" timestamp="2015-02-23T18:46:19Z" changeset="29051163" uid="91490" user="Heinz_V"/>
  <node id="3368718723" lat="29.4577138" lon="78.1394407" version="1" timestamp="2015-02-23T18:46:19Z" changeset="29051163" uid="91490" user="Heinz_V"/>
  <node id="3368718724" lat="29.4577185" lon="78.1418611" version="1" timestamp="2015-02-23T18:46:19Z" changeset="29051163" uid="91490" user="Heinz_V"/>
  <node id="3368718725" lat="29.4577462" lon="78.1457890" version="1" timestamp="2015-02-23T18:46:19Z" changeset="29051163" uid="91490" user="Heinz_V"/>
  <node id="3368718726" lat="29.4578710" lon="78.1402156" version="1" timestamp="2015-02-23T18:46:19Z" changeset="29051163" uid="91490" user="Heinz_V"/>
  <node id="3368718727" lat="29.4579033" lon="78.1416488" version="1" timestamp="2015-02-23T18:46:19Z" changeset="29051163" uid="91490" user="Heinz_V"/>
  <node id="3368718728" lat="29.4579062" lon="78.1407956" version="1" timestamp="2015-02-23T18:46:19Z" changeset="29051163" uid="91490" user="Heinz_V"/>
  <node id="3368718729" lat="29.4584995" lon="78.1462030" version="1" timestamp="2015-02-23T18:46:19Z" changeset="29051163" uid="91490" user="Heinz_V"/>
  <node id="3368718730" lat="29.4594192" lon="78.1465215" version="1" timestamp="2015-02-23T18:46:19Z" changeset="29051163" uid="91490" user="Heinz_V"/>
  <node id="3368718731" lat="29.4603066" lon="78.1465852" version="1" timestamp="2015-02-23T18:46:19Z" changeset="29051163" uid="91490" user="Heinz_V"/>
  <node id="3368718732" lat="29.4612679" lon="78.1463039" version="1" timestamp="2015-02-23T18:46:19Z" changeset="29051163" uid="91490" user="Heinz_V"/>
  <node id="3368718733" lat="29.4625296" lon="78.1461446" version="1" timestamp="2015-02-23T18:46:19Z" changeset="29051163" uid="91490" user="Heinz_V"/>
  <node id="3368718734" lat="29.4632043" lon="78.1459376" version="1" timestamp="2015-02-23T18:46:19Z" changeset="29051163" uid="91490" user="Heinz_V"/>
  <node id="3368718735" lat="29.4634076" lon="78.1458155" version="1" timestamp="2015-02-23T18:46:19Z" changeset="29051163" uid="91490" user="Heinz_V"/>
  <node id="3368718736" lat="29.4635370" lon="78.1456191" version="1" timestamp="2015-02-23T18:46:19Z" changeset="29051163" uid="91490" user="Heinz_V"/>
  <node id="3368718737" lat="29.4636064" lon="78.1454864" version="1" timestamp="2015-02-23T18:46:19Z" changeset="29051163" uid="91490" user="Heinz_V"/>
  <node id="3368718738" lat="29.4638513" lon="78.1451308" version="1" timestamp="2015-02-23T18:46:19Z" changeset="29051163" uid="91490" user="Heinz_V"/>
  <node id="3368718739" lat="29.4640824" lon="78.1450353" version="1" timestamp="2015-02-23T18:46:19Z" changeset="29051163" uid="91490" user="Heinz_V"/>
  <node id="3368718740" lat="29.4644613" lon="78.1451626" version="1" timestamp="2015-02-23T18:46:19Z" changeset="29051163" uid="91490" user="Heinz_V"/>
  <node id="3368718741" lat="29.4650529" lon="78.1454174" version="1" timestamp="2015-02-23T18:46:19Z" changeset="29051163" uid="91490" user="Heinz_V"/>
  <node id="3368718742" lat="29.4654272" lon="78.1454068" version="1" timestamp="2015-02-23T18:46:19Z" changeset="29051163" uid="91490" user="Heinz_V"/>
  <node id="3368718743" lat="29.4657137" lon="78.1453643" version="1" timestamp="2015-02-23T18:46:19Z" changeset="29051163" uid="91490" user="Heinz_V"/>
  <node id="3368718744" lat="29.4660465" lon="78.1452104" version="1" timestamp="2015-02-23T18:46:19Z" changeset="29051163" uid="91490" user="Heinz_V"/>
  <node id="3368718745" lat="29.4663376" lon="78.1449079" version="1" timestamp="2015-02-23T18:46:19Z" changeset="29051163" uid="91490" user="Heinz_V"/>
  <node id="3368718746" lat="29.4666334" lon="78.1444885" version="1" timestamp="2015-02-23T18:46:19Z" changeset="29051163" uid="91490" user="Heinz_V"/>
  <node id="3368718747" lat="29.4667628" lon="78.1441807" version="1" timestamp="2015-02-23T18:46:19Z" changeset="29051163" uid="91490" user="Heinz_V"/>
  <node id="3368718748" lat="29.4668644" lon="78.1436976" version="1" timestamp="2015-02-23T18:46:20Z" changeset="29051163" uid="91490" user="Heinz_V"/>
  <node id="3368718749" lat="29.4670262" lon="78.1433579" version="1" timestamp="2015-02-23T18:46:20Z" changeset="29051163" uid="91490" user="Heinz_V"/>
  <node id="3368718750" lat="29.4673728" lon="78.1430235" version="1" timestamp="2015-02-23T18:46:20Z" changeset="29051163" uid="91490" user="Heinz_V"/>
  <node id="3368718751" lat="29.4677887" lon="78.1428218" version="1" timestamp="2015-02-23T18:46:20Z" changeset="29051163" uid="91490" user="Heinz_V"/>
  <node id="3368718752" lat="29.4680567" lon="78.1428218" version="1" timestamp="2015-02-23T18:46:20Z" changeset="29051163" uid="91490" user="Heinz_V"/>
  <node id="3368718753" lat="29.4683571" lon="78.1428059" version="1" timestamp="2015-02-23T18:46:20Z" changeset="29051163" uid="91490" user="Heinz_V"/>
  <node id="3368718754" lat="29.4685743" lon="78.1429015" version="1" timestamp="2015-02-23T18:46:20Z" changeset="29051163" uid="91490" user="Heinz_V"/>
  <node id="3368718755" lat="29.4687619" lon="78.1443118" version="1" timestamp="2015-02-23T18:46:20Z" changeset="29051163" uid="91490" user="Heinz_V"/>
  <node id="3368718756" lat="29.4687780" lon="78.1432555" version="1" timestamp="2015-02-23T18:46:20Z" changeset="29051163" uid="91490" user="Heinz_V"/>
  <node id="3368718757" lat="29.4687965" lon="78.1452646" version="1" timestamp="2015-02-23T18:46:20Z" changeset="29051163" uid="91490" user="Heinz_V"/>
  <node id="3368718758" lat="29.4688335" lon="78.1459440" version="1" timestamp="2015-02-23T18:46:20Z" changeset="29051163" uid="91490" user="Heinz_V"/>
  <node id="3368718759" lat="29.4689121" lon="78.1462519" version="1" timestamp="2015-02-23T18:46:20Z" changeset="29051163" uid="91490" user="Heinz_V"/>
  <node id="3368718760" lat="29.4691015" lon="78.1465491" version="1" timestamp="2015-02-23T18:46:20Z" changeset="29051163" uid="91490" user="Heinz_V"/>
  <node id="3368718761" lat="29.4691172" lon="78.1488581" version="1" timestamp="2015-02-23T18:46:20Z" changeset="29051163" uid="91490" user="Heinz_V"/>
  <node id="3368718762" lat="29.4691531" lon="78.1481412" version="1" timestamp="2015-02-23T18:46:20Z" changeset="29051163" uid="91490" user="Heinz_V"/>
  <node id="3368718763" lat="29.4692381" lon="78.1493122" version="1" timestamp="2015-02-23T18:46:20Z" changeset="29051163" uid="91490" user="Heinz_V"/>
  <node id="3368718764" lat="29.4693557" lon="78.1472629" version="1" timestamp="2015-02-23T18:46:20Z" changeset="29051163" uid="91490" user="Heinz_V"/>
  <node id="3368718765" lat="29.4693851" lon="78.1474994" version="1" timestamp="2015-02-23T18:46:20Z" changeset="29051163" uid="91490" user="Heinz_V"/>
  <node id="3368718766" lat="29.4694831" lon="78.1518457" version="1" timestamp="2015-02-23T18:46:20Z" changeset="29051163" uid="91490" user="Heinz_V"/>
  <node id="3368718767" lat="29.4695256" lon="78.1522435" version="1" timestamp="2015-02-23T18:46:20Z" changeset="29051163" uid="91490" user="Heinz_V"/>
  <node id="3368718768" lat="29.4695354" lon="78.1498039" version="1" timestamp="2015-02-23T18:46:20Z" changeset="29051163" uid="91490" user="Heinz_V"/>
  <node id="3368718769" lat="29.4695420" lon="78.1514103" version="1" timestamp="2015-02-23T18:46:20Z" changeset="29051163" uid="91490" user="Heinz_V"/>
  <node id="3368718770" lat="29.4697315" lon="78.1507948" version="1" timestamp="2015-02-23T18:46:20Z" changeset="29051163" uid="91490" user="Heinz_V"/>
  <node id="3368718771" lat="29.4697544" lon="78.1501379" version="1" timestamp="2015-02-23T18:46:20Z" changeset="29051163" uid="91490" user="Heinz_V"/>
  <node id="3368718772" lat="29.4698262" lon="78.1528028" version="1" timestamp="2015-02-23T18:46:20Z" changeset="29051163" uid="91490" user="Heinz_V"/>
  <node id="3368718773" lat="29.4705549" lon="78.1535797" version="1" timestamp="2015-02-23T18:46:20Z" changeset="29051163" uid="91490" user="Heinz_V"/>
  <node id="3368718774" lat="29.4709765" lon="78.1541915" version="1" timestamp="2015-02-23T18:46:20Z" changeset="29051163" uid="91490" user="Heinz_V"/>
  <node id="3368718775" lat="29.4714045" lon="78.1544092" version="1" timestamp="2015-02-23T18:46:20Z" changeset="29051163" uid="91490" user="Heinz_V"/>
  <node id="3368718776" lat="29.4718228" lon="78.1546081" version="1" timestamp="2015-02-23T18:46:20Z" changeset="29051163" uid="91490" user="Heinz_V"/>
  <node id="3368718777" lat="29.4718260" lon="78.1570627" version="1" timestamp="2015-02-23T18:46:20Z" changeset="29051163" uid="91490" user="Heinz_V"/>
  <node id="3368718778" lat="29.4718751" lon="78.1564059" version="1" timestamp="2015-02-23T18:46:20Z" changeset="29051163" uid="91490" user="Heinz_V"/>
  <node id="3368718779" lat="29.4719339" lon="78.1560456" version="1" timestamp="2015-02-23T18:46:20Z" changeset="29051163" uid="91490" user="Heinz_V"/>
  <node id="3368718780" lat="29.4719763" lon="78.1557003" version="1" timestamp="2015-02-23T18:46:20Z" changeset="29051163" uid="91490" user="Heinz_V"/>
  <node id="3368718781" lat="29.4720090" lon="78.1548108" version="1" timestamp="2015-02-23T18:46:20Z" changeset="29051163" uid="91490" user="Heinz_V"/>
  <node id="3368718782" lat="29.4720482" lon="78.1554301" version="1" timestamp="2015-02-23T18:46:20Z" changeset="29051163" uid="91490" user="Heinz_V"/>
  <node id="3368718783" lat="29.4720711" lon="78.1575694" version="1" timestamp="2015-02-23T18:46:20Z" changeset="29051163" uid="91490" user="Heinz_V"/>
  <node id="3368718784" lat="29.4720842" lon="78.1551373" version="1" timestamp="2015-02-23T18:46:20Z" changeset="29051163" uid="91490" user="Heinz_V"/>
  <node id="3368718785" lat="29.4723750" lon="78.1577909" version="1" timestamp="2015-02-23T18:46:20Z" changeset="29051163" uid="91490" user="Heinz_V"/>
  <node id="3368718786" lat="29.4729043" lon="78.1580499" version="1" timestamp="2015-02-23T18:46:20Z" changeset="29051163" uid="91490" user="Heinz_V"/>
  <node id="3368718787" lat="29.4734631" lon="78.1578660" version="1" timestamp="2015-02-23T18:46:20Z" changeset="29051163" uid="91490" user="Heinz_V"/>
  <node id="3368718788" lat="29.4742931" lon="78.1574944" version="1" timestamp="2015-02-23T18:46:20Z" changeset="29051163" uid="91490" user="Heinz_V"/>
  <node id="3368718789" lat="29.4748387" lon="78.1572879" version="1" timestamp="2015-02-23T18:46:20Z" changeset="29051163" uid="91490" user="Heinz_V"/>
  <node id="3368718790" lat="29.4751818" lon="78.1571979" version="1" timestamp="2015-02-23T18:46:20Z" changeset="29051163" uid="91490" user="Heinz_V"/>
  <node id="3368718791" lat="29.4752635" lon="78.1570815" version="1" timestamp="2015-02-23T18:46:20Z" changeset="29051163" uid="91490" user="Heinz_V"/>
  <node id="3368718792" lat="29.4752766" lon="78.1568976" version="1" timestamp="2015-02-23T18:46:20Z" changeset="29051163" uid="91490" user="Heinz_V"/>
  <node id="3368718893" lat="29.4753256" lon="78.1565223" version="1" timestamp="2015-02-23T18:46:20Z" changeset="29051163" uid="91490" user="Heinz_V"/>
  <node id="3368718894" lat="29.4755347" lon="78.1563309" version="1" timestamp="2015-02-23T18:46:20Z" changeset="29051163" uid="91490" user="Heinz_V"/>
  <node id="3368718895" lat="29.4761588" lon="78.1563046" version="1" timestamp="2015-02-23T18:46:20Z" changeset="29051163" uid="91490" user="Heinz_V"/>
  <node id="3368718896" lat="29.4768613" lon="78.1564097" version="1" timestamp="2015-02-23T18:46:20Z" changeset="29051163" uid="91490" user="Heinz_V"/>
  <node id="3368718897" lat="29.4777958" lon="78.1568225" version="1" timestamp="2015-02-23T18:46:20Z" changeset="29051163" uid="91490" user="Heinz_V"/>
  <node id="3368718898" lat="29.4782597" lon="78.1569689" version="1" timestamp="2015-02-23T18:46:20Z" changeset="29051163" uid="91490" user="Heinz_V"/>
  <node id="3368718899" lat="29.4784721" lon="78.1594273" version="1" timestamp="2015-02-23T18:46:20Z" changeset="29051163" uid="91490" user="Heinz_V"/>
  <node id="3368718900" lat="29.4784852" lon="78.1598702" version="1" timestamp="2015-02-23T18:46:20Z" changeset="29051163" uid="91490" user="Heinz_V"/>
  <node id="3368718901" lat="29.4784956" lon="78.1606922" version="1" timestamp="2015-02-23T18:46:20Z" changeset="29051163" uid="91490" user="Heinz_V"/>
  <node id="3368718902" lat="29.4785179" lon="78.1572054" version="1" timestamp="2015-02-23T18:46:20Z" changeset="29051163" uid="91490" user="Heinz_V"/>
  <node id="3368718903" lat="29.4785440" lon="78.1590032" version="1" timestamp="2015-02-23T18:46:20Z" changeset="29051163" uid="91490" user="Heinz_V"/>
  <node id="3368718904" lat="29.4785898" lon="78.1573480" version="1" timestamp="2015-02-23T18:46:20Z" changeset="29051163" uid="91490" user="Heinz_V"/>
  <node id="3368718905" lat="29.4786290" lon="78.1583088" version="1" timestamp="2015-02-23T18:46:20Z" changeset="29051163" uid="91490" user="Heinz_V"/>
  <node id="3368718906" lat="29.4793974" lon="78.1612026" version="1" timestamp="2015-02-23T18:46:20Z" changeset="29051163" uid="91490" user="Heinz_V"/>
  <node id="3368718907" lat="29.4798025" lon="78.1608123" version="1" timestamp="2015-02-23T18:46:20Z" changeset="29051163" uid="91490" user="Heinz_V"/>
  <node id="3368718908" lat="29.4800639" lon="78.1603319" version="1" timestamp="2015-02-23T18:46:20Z" changeset="29051163" uid="91490" user="Heinz_V"/>
  <node id="3368718909" lat="29.4803776" lon="78.1599265" version="1" timestamp="2015-02-23T18:46:20Z" changeset="29051163" uid="91490" user="Heinz_V"/>
  <node id="3368718910" lat="29.4807566" lon="78.1596413" version="1" timestamp="2015-02-23T18:46:20Z" changeset="29051163" uid="91490" user="Heinz_V"/>
  <node id="3368718911" lat="29.4810180" lon="78.1591308" version="1" timestamp="2015-02-23T18:46:20Z" changeset="29051163" uid="91490" user="Heinz_V"/>
  <node id="3368718912" lat="29.4816266" lon="78.1581109" version="1" timestamp="2015-02-23T18:46:20Z" changeset="29051163" uid="91490" user="Heinz_V"/>
  <node id="3368718913" lat="29.4828742" lon="78.1577978" version="1" timestamp="2015-02-23T18:46:20Z" changeset="29051163" uid="91490" user="Heinz_V"/>
  <node id="3368718914" lat="29.4840894" lon="78.1577447" version="1" timestamp="2015-02-23T18:46:20Z" changeset="29051163" uid="91490" user="Heinz_V"/>
  <node id="3368718915" lat="29.4851567" lon="78.1580260" version="1" timestamp="2015-02-23T18:46:21Z" changeset="29051163" uid="91490" user="Heinz_V"/>
  <node id="3368718916" lat="29.4861224" lon="78.1585143" version="1" timestamp="2015-02-23T18:46:21Z" changeset="29051163" uid="91490" user="Heinz_V"/>
  <node id="3368718917" lat="29.4867369" lon="78.1591725" version="1" timestamp="2015-02-23T18:46:21Z" changeset="29051163" uid="91490" user="Heinz_V"/>
  <node id="3368718918" lat="29.4869772" lon="78.1592256" version="1" timestamp="2015-02-23T18:46:21Z" changeset="29051163" uid="91490" user="Heinz_V"/>
  <node id="3368718919" lat="29.4877026" lon="78.1591778" version="1" timestamp="2015-02-23T18:46:21Z" changeset="29051163" uid="91490" user="Heinz_V"/>
  <node id="3368718920" lat="29.4879290" lon="78.1626598" version="1" timestamp="2015-02-23T18:46:21Z" changeset="29051163" uid="91490" user="Heinz_V"/>
  <node id="3368718921" lat="29.4880352" lon="78.1639550" version="1" timestamp="2015-02-23T18:46:21Z" changeset="29051163" uid="91490" user="Heinz_V"/>
  <node id="3368718922" lat="29.4881785" lon="78.1594804" version="1" timestamp="2015-02-23T18:46:21Z" changeset="29051163" uid="91490" user="Heinz_V"/>
  <node id="3368718923" lat="29.4883078" lon="78.1610303" version="1" timestamp="2015-02-23T18:46:21Z" changeset="29051163" uid="91490" user="Heinz_V"/>
  <node id="3368718924" lat="29.4884418" lon="78.1604358" version="1" timestamp="2015-02-23T18:46:21Z" changeset="29051163" uid="91490" user="Heinz_V"/>
  <node id="3368718925" lat="29.4889454" lon="78.1658605" version="1" timestamp="2015-02-23T18:46:21Z" changeset="29051163" uid="91490" user="Heinz_V"/>
  <node id="3368718926" lat="29.4894721" lon="78.1665665" version="1" timestamp="2015-02-23T18:46:21Z" changeset="29051163" uid="91490" user="Heinz_V"/>
  <node id="3368718927" lat="29.4905025" lon="78.1675856" version="1" timestamp="2015-02-23T18:46:21Z" changeset="29051163" uid="91490" user="Heinz_V"/>
  <node id="3368718928" lat="29.4914357" lon="78.1684243" version="1" timestamp="2015-02-23T18:46:21Z" changeset="29051163" uid="91490" user="Heinz_V"/>
  <node id="3368718929" lat="29.4925169" lon="78.1691515" version="1" timestamp="2015-02-23T18:46:21Z" changeset="29051163" uid="91490" user="Heinz_V"/>
  <node id="3368718930" lat="29.4939630" lon="78.1700060" version="1" timestamp="2015-02-23T18:46:21Z" changeset="29051163" uid="91490" user="Heinz_V"/>
  <node id="3368718931" lat="29.4959626" lon="78.1721665" version="1" timestamp="2015-02-23T18:46:21Z" changeset="29051163" uid="91490" user="Heinz_V"/>
  <node id="3368718932" lat="29.4967182" lon="78.1730502" version="1" timestamp="2015-02-23T18:46:21Z" changeset="29051163" uid="91490" user="Heinz_V"/>
  <node id="3368718933" lat="29.4973389" lon="78.1732362" version="1" timestamp="2015-02-23T18:46:21Z" changeset="29051163" uid="91490" user="Heinz_V"/>
  <node id="3368718934" lat="29.4981080" lon="78.1731897" version="1" timestamp="2015-02-23T18:46:21Z" changeset="29051163" uid="91490" user="Heinz_V"/>
  <node id="3368718935" lat="29.4988366" lon="78.1730502" version="1" timestamp="2015-02-23T18:46:21Z" changeset="29051163" uid="91490" user="Heinz_V"/>
  <node id="3368718936" lat="29.5007120" lon="78.1731742" version="1" timestamp="2015-02-23T18:46:21Z" changeset="29051163" uid="91490" user="Heinz_V"/>
  <node id="3368718937" lat="29.5017240" lon="78.1737012" version="1" timestamp="2015-02-23T18:46:21Z" changeset="29051163" uid="91490" user="Heinz_V"/>
  <node id="3368718938" lat="29.5026144" lon="78.1747864" version="1" timestamp="2015-02-23T18:46:21Z" changeset="29051163" uid="91490" user="Heinz_V"/>
  <node id="3368718939" lat="29.5035049" lon="78.1775458" version="1" timestamp="2015-02-23T18:46:21Z" changeset="29051163" uid="91490" user="Heinz_V"/>
  <node id="3368718940" lat="29.5048406" lon="78.1788945" version="1" timestamp="2015-02-23T18:46:21Z" changeset="29051163" uid="91490" user="Heinz_V"/>
  <node id="3368718941" lat="29.5064461" lon="78.1797936" version="1" timestamp="2015-02-23T18:46:21Z" changeset="29051163" uid="91490" user="Heinz_V"/>
  <node id="3368718942" lat="29.5088476" lon="78.1822429" version="1" timestamp="2015-02-23T18:46:21Z" changeset="29051163" uid="91490" user="Heinz_V"/>
  <node id="3368718943" lat="29.5094277" lon="78.1827545" version="1" timestamp="2015-02-23T18:46:21Z" changeset="29051163" uid="91490" user="Heinz_V"/>
  <node id="3368718944" lat="29.5099539" lon="78.1831576" version="1" timestamp="2015-02-23T18:46:21Z" changeset="29051163" uid="91490" user="Heinz_V"/>
  <node id="3368718945" lat="29.5119100" lon="78.1828320" version="1" timestamp="2015-02-23T18:46:21Z" changeset="29051163" uid="91490" user="Heinz_V"/>
  <node id="3368718946" lat="29.5131512" lon="78.1820724" version="1" timestamp="2015-02-23T18:46:21Z" changeset="29051163" uid="91490" user="Heinz_V"/>
  <node id="3368718947" lat="29.5162675" lon="78.1797781" version="1" timestamp="2015-02-23T18:46:21Z" changeset="29051163" uid="91490" user="Heinz_V"/>
  <node id="3368718948" lat="29.5171174" lon="78.1796541" version="1" timestamp="2015-02-23T18:46:21Z" changeset="29051163" uid="91490" user="Heinz_V"/>
  <node id="3368718949" lat="29.5180212" lon="78.1797626" version="1" timestamp="2015-02-23T18:46:21Z" changeset="29051163" uid="91490" user="Heinz_V"/>
  <node id="3368718950" lat="29.5202740" lon="78.1795766" version="1" timestamp="2015-02-23T18:46:21Z" changeset="29051163" uid="91490" user="Heinz_V"/>
  <node id="3368718951" lat="29.5216904" lon="78.1800881" version="1" timestamp="2015-02-23T18:46:21Z" changeset="29051163" uid="91490" user="Heinz_V"/>
  <node id="3368718952" lat="29.5224593" lon="78.1843822" version="1" timestamp="2015-02-23T18:46:21Z" changeset="29051163" uid="91490" user="Heinz_V"/>
  <node id="3368718953" lat="29.5226077" lon="78.1851109" version="1" timestamp="2015-02-23T18:46:21Z" changeset="29051163" uid="91490" user="Heinz_V"/>
  <node id="3368718954" lat="29.5228370" lon="78.1857619" version="1" timestamp="2015-02-23T18:46:21Z" changeset="29051163" uid="91490" user="Heinz_V"/>
  <node id="3368718955" lat="29.5229584" lon="78.1807702" version="1" timestamp="2015-02-23T18:46:21Z" changeset="29051163" uid="91490" user="Heinz_V"/>
  <node id="3368718956" lat="29.5232282" lon="78.1814833" version="1" timestamp="2015-02-23T18:46:21Z" changeset="29051163" uid="91490" user="Heinz_V"/>
  <node id="3368718957" lat="29.5232822" lon="78.1862580" version="1" timestamp="2015-02-23T18:46:21Z" changeset="29051163" uid="91490" user="Heinz_V"/>
  <node id="3368718958" lat="29.5232957" lon="78.1820724" version="1" timestamp="2015-02-23T18:46:21Z" changeset="29051163" uid="91490" user="Heinz_V"/>
  <node id="3368718959" lat="29.5233361" lon="78.1826770" version="1" timestamp="2015-02-23T18:46:21Z" changeset="29051163" uid="91490" user="Heinz_V"/>
  <node id="3368718960" lat="29.5244018" lon="78.1861030" version="1" timestamp="2015-02-23T18:46:21Z" changeset="29051163" uid="91490" user="Heinz_V"/>
  <node id="3368718961" lat="29.5264915" lon="78.1920529" version="1" timestamp="2015-02-23T18:46:21Z" changeset="29051163" uid="91490" user="Heinz_V"/>
  <node id="3368718962" lat="29.5265774" lon="78.1924476" version="1" timestamp="2015-02-23T18:46:21Z" changeset="29051163" uid="91490" user="Heinz_V"/>
  <node id="3368718963" lat="29.5266441" lon="78.1914391" version="1" timestamp="2015-02-23T18:46:21Z" changeset="29051163" uid="91490" user="Heinz_V"/>
  <node id="3368718964" lat="29.5268349" lon="78.1928860" version="1" timestamp="2015-02-23T18:46:21Z" changeset="29051163" uid="91490" user="Heinz_V"/>
  <node id="3368718965" lat="29.5270161" lon="78.1904964" version="1" timestamp="2015-02-23T18:46:21Z" changeset="29051163" uid="91490" user="Heinz_V"/>
  <node id="3368718966" lat="29.5271535" lon="78.1862735" version="1" timestamp="2015-02-23T18:46:21Z" changeset="29051163" uid="91490" user="Heinz_V"/>
  <node id="3368718967" lat="29.5271687" lon="78.1898387" version="1" timestamp="2015-02-23T18:46:21Z" changeset="29051163" uid="91490" user="Heinz_V"/>
  <node id="3368718968" lat="29.5273690" lon="78.1890933" version="1" timestamp="2015-02-23T18:46:21Z" changeset="29051163" uid="91490" user="Heinz_V"/>
  <node id="3368718969" lat="29.5274167" lon="78.1937630" version="1" timestamp="2015-02-23T18:46:21Z" changeset="29051163" uid="91490" user="Heinz_V"/>
  <node id="3368718970" lat="29.5277601" lon="78.1885123" version="1" timestamp="2015-02-23T18:46:21Z" changeset="29051163" uid="91490" user="Heinz_V"/>
  <node id="3368718971" lat="29.5287330" lon="78.1880081" version="1" timestamp="2015-02-23T18:46:21Z" changeset="29051163" uid="91490" user="Heinz_V"/>
  <node id="3368718972" lat="29.5287330" lon="78.1945960" version="1" timestamp="2015-02-23T18:46:21Z" changeset="29051163" uid="91490" user="Heinz_V"/>
  <node id="3368718973" lat="29.5288936" lon="78.1852814" version="1" timestamp="2015-02-23T18:46:21Z" changeset="29051163" uid="91490" user="Heinz_V"/>
  <node id="3368718974" lat="29.5292194" lon="78.1880081" version="1" timestamp="2015-02-23T18:46:21Z" changeset="29051163" uid="91490" user="Heinz_V"/>
  <node id="3368718975" lat="29.5293791" lon="78.1852039" version="1" timestamp="2015-02-23T18:46:21Z" changeset="29051163" uid="91490" user="Heinz_V"/>
  <node id="3368718976" lat="29.5297433" lon="78.1853744" version="1" timestamp="2015-02-23T18:46:21Z" changeset="29051163" uid="91490" user="Heinz_V"/>
  <node id="3368718977" lat="29.5297440" lon="78.1882931" version="1" timestamp="2015-02-23T18:46:21Z" changeset="29051163" uid="91490" user="Heinz_V"/>
  <node id="3368718978" lat="29.5298870" lon="78.1905841" version="1" timestamp="2015-02-23T18:46:21Z" changeset="29051163" uid="91490" user="Heinz_V"/>
  <node id="3368718979" lat="29.5299443" lon="78.1889727" version="1" timestamp="2015-02-23T18:46:21Z" changeset="29051163" uid="91490" user="Heinz_V"/>
  <node id="3368718980" lat="29.5301255" lon="78.1907814" version="1" timestamp="2015-02-23T18:46:22Z" changeset="29051163" uid="91490" user="Heinz_V"/>
  <node id="3368718981" lat="29.5303098" lon="78.1858550" version="1" timestamp="2015-02-23T18:46:22Z" changeset="29051163" uid="91490" user="Heinz_V"/>
  <node id="3368718982" lat="29.5304312" lon="78.1866301" version="1" timestamp="2015-02-23T18:46:22Z" changeset="29051163" uid="91490" user="Heinz_V"/>
  <node id="3368718983" lat="29.5304974" lon="78.1873394" version="1" timestamp="2015-02-23T18:46:22Z" changeset="29051163" uid="91490" user="Heinz_V"/>
  <node id="3368718984" lat="29.5304974" lon="78.1883369" version="1" timestamp="2015-02-23T18:46:22Z" changeset="29051163" uid="91490" user="Heinz_V"/>
  <node id="3368718985" lat="29.5306214" lon="78.1908581" version="1" timestamp="2015-02-23T18:46:22Z" changeset="29051163" uid="91490" user="Heinz_V"/>
  <node id="3368718986" lat="29.5309266" lon="78.1905950" version="1" timestamp="2015-02-23T18:46:22Z" changeset="29051163" uid="91490" user="Heinz_V"/>
  <node id="3368718987" lat="29.5311269" lon="78.1903210" version="1" timestamp="2015-02-23T18:46:22Z" changeset="29051163" uid="91490" user="Heinz_V"/>
  <node id="3368718988" lat="29.5312402" lon="78.1952938" version="1" timestamp="2015-02-23T18:46:22Z" changeset="29051163" uid="91490" user="Heinz_V"/>
  <node id="3368718989" lat="29.5312509" lon="78.1896304" version="1" timestamp="2015-02-23T18:46:22Z" changeset="29051163" uid="91490" user="Heinz_V"/>
  <node id="3368718990" lat="29.5336748" lon="78.1951698" version="1" timestamp="2015-02-23T18:46:22Z" changeset="29051163" uid="91490" user="Heinz_V"/>
  <node id="3368718991" lat="29.5344976" lon="78.1952628" version="1" timestamp="2015-02-23T18:46:22Z" changeset="29051163" uid="91490" user="Heinz_V"/>
  <node id="3368718992" lat="29.5348348" lon="78.1955186" version="1" timestamp="2015-02-23T18:46:22Z" changeset="29051163" uid="91490" user="Heinz_V"/>
  <node id="3368719293" lat="29.5349697" lon="78.1960147" version="1" timestamp="2015-02-23T18:46:22Z" changeset="29051163" uid="91490" user="Heinz_V"/>
  <node id="3368719294" lat="29.5351855" lon="78.1971618" version="1" timestamp="2015-02-23T18:46:22Z" changeset="29051163" uid="91490" user="Heinz_V"/>
  <node id="3368719295" lat="29.5355631" lon="78.1984873" version="1" timestamp="2015-02-23T18:46:22Z" changeset="29051163" uid="91490" user="Heinz_V"/>
  <node id="3368719296" lat="29.5358801" lon="78.1995724" version="1" timestamp="2015-02-23T18:46:22Z" changeset="29051163" uid="91490" user="Heinz_V"/>
  <node id="3368719297" lat="29.5366489" lon="78.2007894" version="1" timestamp="2015-02-23T18:46:22Z" changeset="29051163" uid="91490" user="Heinz_V"/>
  <node id="3368719298" lat="29.5371209" lon="78.1924027" version="1" timestamp="2015-02-23T18:46:22Z" changeset="29051163" uid="91490" user="Heinz_V"/>
  <node id="3368719299" lat="29.5371277" lon="78.1930538" version="1" timestamp="2015-02-23T18:46:22Z" changeset="29051163" uid="91490" user="Heinz_V"/>
  <node id="3368719300" lat="29.5372356" lon="78.1935266" version="1" timestamp="2015-02-23T18:46:22Z" changeset="29051163" uid="91490" user="Heinz_V"/>
  <node id="3368719301" lat="29.5373165" lon="78.2008359" version="1" timestamp="2015-02-23T18:46:22Z" changeset="29051163" uid="91490" user="Heinz_V"/>
  <node id="3368719302" lat="29.5373367" lon="78.1938831" version="1" timestamp="2015-02-23T18:46:22Z" changeset="29051163" uid="91490" user="Heinz_V"/>
  <node id="3368719303" lat="29.5375053" lon="78.1943172" version="1" timestamp="2015-02-23T18:46:22Z" changeset="29051163" uid="91490" user="Heinz_V"/>
  <node id="3368719304" lat="29.5376065" lon="78.2006963" version="1" timestamp="2015-02-23T18:46:22Z" changeset="29051163" uid="91490" user="Heinz_V"/>
  <node id="3368719305" lat="29.5376267" lon="78.1912245" version="1" timestamp="2015-02-23T18:46:22Z" changeset="29051163" uid="91490" user="Heinz_V"/>
  <node id="3368719306" lat="29.5378088" lon="78.1974951" version="1" timestamp="2015-02-23T18:46:22Z" changeset="29051163" uid="91490" user="Heinz_V"/>
  <node id="3368719307" lat="29.5378290" lon="78.1971928" version="1" timestamp="2015-02-23T18:46:22Z" changeset="29051163" uid="91490" user="Heinz_V"/>
  <node id="3368719308" lat="29.5379099" lon="78.2004871" version="1" timestamp="2015-02-23T18:46:22Z" changeset="29051163" uid="91490" user="Heinz_V"/>
  <node id="3368719309" lat="29.5379302" lon="78.1979059" version="1" timestamp="2015-02-23T18:46:22Z" changeset="29051163" uid="91490" user="Heinz_V"/>
  <node id="3368719310" lat="29.5380044" lon="78.1968595" version="1" timestamp="2015-02-23T18:46:22Z" changeset="29051163" uid="91490" user="Heinz_V"/>
  <node id="3368719311" lat="29.5380583" lon="78.2001383" version="1" timestamp="2015-02-23T18:46:22Z" changeset="29051163" uid="91490" user="Heinz_V"/>
  <node id="3368719312" lat="29.5381392" lon="78.1904727" version="1" timestamp="2015-02-23T18:46:22Z" changeset="29051163" uid="91490" user="Heinz_V"/>
  <node id="3368719313" lat="29.5382808" lon="78.1985183" version="1" timestamp="2015-02-23T18:46:22Z" changeset="29051163" uid="91490" user="Heinz_V"/>
  <node id="3368719314" lat="29.5383213" lon="78.1987121" version="1" timestamp="2015-02-23T18:46:22Z" changeset="29051163" uid="91490" user="Heinz_V"/>
  <node id="3368719315" lat="29.5383348" lon="78.1903254" version="1" timestamp="2015-02-23T18:46:22Z" changeset="29051163" uid="91490" user="Heinz_V"/>
  <node id="3368719316" lat="29.5383618" lon="78.1990531" version="1" timestamp="2015-02-23T18:46:22Z" changeset="29051163" uid="91490" user="Heinz_V"/>
  <node id="3368719317" lat="29.5383753" lon="78.1965185" version="1" timestamp="2015-02-23T18:46:22Z" changeset="29051163" uid="91490" user="Heinz_V"/>
  <node id="3368719318" lat="29.5385034" lon="78.1942552" version="1" timestamp="2015-02-23T18:46:22Z" changeset="29051163" uid="91490" user="Heinz_V"/>
  <node id="3368719319" lat="29.5388675" lon="78.1940769" version="1" timestamp="2015-02-23T18:46:22Z" changeset="29051163" uid="91490" user="Heinz_V"/>
  <node id="3368719320" lat="29.5390631" lon="78.1965108" version="1" timestamp="2015-02-23T18:46:22Z" changeset="29051163" uid="91490" user="Heinz_V"/>
  <node id="3368719321" lat="29.5391103" lon="78.1940304" version="1" timestamp="2015-02-23T18:46:22Z" changeset="29051163" uid="91490" user="Heinz_V"/>
  <node id="3368719322" lat="29.5393868" lon="78.1901316" version="1" timestamp="2015-02-23T18:46:22Z" changeset="29051163" uid="91490" user="Heinz_V"/>
  <node id="3368719323" lat="29.5393935" lon="78.1941079" version="1" timestamp="2015-02-23T18:46:22Z" changeset="29051163" uid="91490" user="Heinz_V"/>
  <node id="3368719324" lat="29.5394070" lon="78.1964487" version="1" timestamp="2015-02-23T18:46:22Z" changeset="29051163" uid="91490" user="Heinz_V"/>
  <node id="3368719325" lat="29.5396296" lon="78.1943249" version="1" timestamp="2015-02-23T18:46:22Z" changeset="29051163" uid="91490" user="Heinz_V"/>
  <node id="3368719326" lat="29.5397712" lon="78.1946195" version="1" timestamp="2015-02-23T18:46:22Z" changeset="29051163" uid="91490" user="Heinz_V"/>
  <node id="3368719327" lat="29.5397779" lon="78.1963480" version="1" timestamp="2015-02-23T18:46:22Z" changeset="29051163" uid="91490" user="Heinz_V"/>
  <node id="3368719328" lat="29.5399533" lon="78.1949993" version="1" timestamp="2015-02-23T18:46:22Z" changeset="29051163" uid="91490" user="Heinz_V"/>
  <node id="3368719329" lat="29.5400814" lon="78.1953558" version="1" timestamp="2015-02-23T18:46:22Z" changeset="29051163" uid="91490" user="Heinz_V"/>
  <node id="3368719330" lat="29.5401421" lon="78.1960922" version="1" timestamp="2015-02-23T18:46:22Z" changeset="29051163" uid="91490" user="Heinz_V"/>
  <node id="3368719331" lat="29.5401556" lon="78.1956736" version="1" timestamp="2015-02-23T18:46:22Z" changeset="29051163" uid="91490" user="Heinz_V"/>
  <node id="3368719332" lat="29.5407557" lon="78.1906122" version="1" timestamp="2015-02-23T18:46:22Z" changeset="29051163" uid="91490" user="Heinz_V"/>
  <node id="3368719333" lat="29.5411806" lon="78.1906354" version="1" timestamp="2015-02-23T18:46:22Z" changeset="29051163" uid="91490" user="Heinz_V"/>
  <node id="3368719334" lat="29.5421314" lon="78.1903564" version="1" timestamp="2015-02-23T18:46:22Z" changeset="29051163" uid="91490" user="Heinz_V"/>
  <node id="3368719335" lat="29.5433047" lon="78.1900618" version="1" timestamp="2015-02-23T18:46:22Z" changeset="29051163" uid="91490" user="Heinz_V"/>
  <node id="3368719336" lat="29.5440398" lon="78.1892945" version="1" timestamp="2015-02-23T18:46:22Z" changeset="29051163" uid="91490" user="Heinz_V"/>
  <node id="3368719337" lat="29.5451032" lon="78.1878263" version="1" timestamp="2015-02-23T18:46:22Z" changeset="29051163" uid="91490" user="Heinz_V"/>
  <node id="3368719338" lat="29.5456134" lon="78.1874262" version="1" timestamp="2015-02-23T18:46:22Z" changeset="29051163" uid="91490" user="Heinz_V"/>
  <node id="3368719339" lat="29.5461570" lon="78.1873604" version="1" timestamp="2015-02-23T18:46:22Z" changeset="29051163" uid="91490" user="Heinz_V"/>
  <node id="3368719340" lat="29.5464764" lon="78.1874481" version="1" timestamp="2015-02-23T18:46:23Z" changeset="29051163" uid="91490" user="Heinz_V"/>
  <node id="3368719341" lat="29.5476351" lon="78.1880236" version="1" timestamp="2015-02-23T18:46:23Z" changeset="29051163" uid="91490" user="Heinz_V"/>
  <node id="3368719342" lat="29.5484695" lon="78.1882812" version="1" timestamp="2015-02-23T18:46:23Z" changeset="29051163" uid="91490" user="Heinz_V"/>
  <node id="3368719343" lat="29.5496376" lon="78.1886539" version="1" timestamp="2015-02-23T18:46:23Z" changeset="29051163" uid="91490" user="Heinz_V"/>
  <node id="3368719344" lat="29.5509583" lon="78.1892513" version="1" timestamp="2015-02-23T18:46:23Z" changeset="29051163" uid="91490" user="Heinz_V"/>
  <node id="3368719345" lat="29.5520443" lon="78.1901136" version="1" timestamp="2015-02-23T18:46:23Z" changeset="29051163" uid="91490" user="Heinz_V"/>
  <node id="3368719346" lat="29.5530551" lon="78.1917147" version="1" timestamp="2015-02-23T18:46:23Z" changeset="29051163" uid="91490" user="Heinz_V"/>
  <node id="3368719347" lat="29.5544282" lon="78.1924820" version="1" timestamp="2015-02-23T18:46:23Z" changeset="29051163" uid="91490" user="Heinz_V"/>
  <node id="3368719348" lat="29.5551100" lon="78.1927999" version="1" timestamp="2015-02-23T18:46:23Z" changeset="29051163" uid="91490" user="Heinz_V"/>
  <node id="3368719349" lat="29.5562638" lon="78.1926519" version="1" timestamp="2015-02-23T18:46:23Z" changeset="29051163" uid="91490" user="Heinz_V"/>
  <node id="3368719350" lat="29.5572697" lon="78.1924820" version="1" timestamp="2015-02-23T18:46:23Z" changeset="29051163" uid="91490" user="Heinz_V"/>
  <node id="3368719351" lat="29.5583186" lon="78.1921093" version="1" timestamp="2015-02-23T18:46:23Z" changeset="29051163" uid="91490" user="Heinz_V"/>
  <node id="3368719352" lat="29.5591311" lon="78.1914982" version="1" timestamp="2015-02-23T18:46:23Z" changeset="29051163" uid="91490" user="Heinz_V"/>
  <node id="3368719353" lat="29.5623704" lon="78.1883998" version="1" timestamp="2015-02-23T18:46:23Z" changeset="29051163" uid="91490" user="Heinz_V"/>
  <node id="3368719354" lat="29.5650699" lon="78.1855550" version="1" timestamp="2015-02-23T18:46:23Z" changeset="29051163" uid="91490" user="Heinz_V"/>
  <node id="3368719355" lat="29.5668274" lon="78.1836185" version="1" timestamp="2015-02-23T18:46:23Z" changeset="29051163" uid="91490" user="Heinz_V"/>
  <node id="3368719356" lat="29.5677948" lon="78.1827348" version="1" timestamp="2015-02-23T18:46:23Z" changeset="29051163" uid="91490" user="Heinz_V"/>
  <node id="3368719357" lat="29.5692241" lon="78.1817892" version="1" timestamp="2015-02-23T18:46:23Z" changeset="29051163" uid="91490" user="Heinz_V"/>
  <node id="3368719358" lat="29.5706465" lon="78.1809560" version="1" timestamp="2015-02-23T18:46:23Z" changeset="29051163" uid="91490" user="Heinz_V"/>
  <node id="3368719359" lat="29.5722442" lon="78.1801382" version="1" timestamp="2015-02-23T18:46:23Z" changeset="29051163" uid="91490" user="Heinz_V"/>
  <node id="3368719360" lat="29.5731014" lon="78.1794510" version="1" timestamp="2015-02-23T18:46:23Z" changeset="29051163" uid="91490" user="Heinz_V"/>
  <node id="3368719361" lat="29.5737592" lon="78.1789467" version="1" timestamp="2015-02-23T18:46:23Z" changeset="29051163" uid="91490" user="Heinz_V"/>
  <node id="3368719362" lat="29.5743360" lon="78.1787385" version="1" timestamp="2015-02-23T18:46:23Z" changeset="29051163" uid="91490" user="Heinz_V"/>
  <node id="3368719363" lat="29.5749890" lon="78.1786288" version="1" timestamp="2015-02-23T18:46:23Z" changeset="29051163" uid="91490" user="Heinz_V"/>
  <node id="3368719364" lat="29.5759186" lon="78.1785192" version="1" timestamp="2015-02-23T18:46:23Z" changeset="29051163" uid="91490" user="Heinz_V"/>
  <node id="3368719365" lat="29.5762570" lon="78.1784918" version="1" timestamp="2015-02-23T18:46:23Z" changeset="29051163" uid="91490" user="Heinz_V"/>
  <node id="3368719366" lat="29.5769815" lon="78.1788481" version="1" timestamp="2015-02-23T18:46:23Z" changeset="29051163" uid="91490" user="Heinz_V"/>
  <node id="3368719367" lat="29.5775106" lon="78.1793304" version="1" timestamp="2015-02-23T18:46:23Z" changeset="29051163" uid="91490" user="Heinz_V"/>
  <node id="3368719368" lat="29.5776298" lon="78.1797469" version="1" timestamp="2015-02-23T18:46:23Z" changeset="29051163" uid="91490" user="Heinz_V"/>
  <node id="3368719369" lat="29.5777251" lon="78.1805417" version="1" timestamp="2015-02-23T18:46:23Z" changeset="29051163" uid="91490" user="Heinz_V"/>
  <node id="3368719370" lat="29.5778300" lon="78.1809198" version="1" timestamp="2015-02-23T18:46:23Z" changeset="29051163" uid="91490" user="Heinz_V"/>
  <node id="3368719371" lat="29.5779492" lon="78.1814296" version="1" timestamp="2015-02-23T18:46:23Z" changeset="29051163" uid="91490" user="Heinz_V"/>
  <node id="3368719372" lat="29.5780445" lon="78.1822572" version="1" timestamp="2015-02-23T18:46:23Z" changeset="29051163" uid="91490" user="Heinz_V"/>
  <node id="3368719373" lat="29.5782447" lon="78.1827943" version="1" timestamp="2015-02-23T18:46:23Z" changeset="29051163" uid="91490" user="Heinz_V"/>
  <node id="3368719374" lat="29.5784735" lon="78.1830848" version="1" timestamp="2015-02-23T18:46:23Z" changeset="29051163" uid="91490" user="Heinz_V"/>
  <node id="3368719375" lat="29.5787118" lon="78.1832053" version="1" timestamp="2015-02-23T18:46:23Z" changeset="29051163" uid="91490" user="Heinz_V"/>
  <node id="3368719376" lat="29.5790169" lon="78.1832273" version="1" timestamp="2015-02-23T18:46:23Z" changeset="29051163" uid="91490" user="Heinz_V"/>
  <node id="3368719377" lat="29.5792504" lon="78.1831396" version="1" timestamp="2015-02-23T18:46:23Z" changeset="29051163" uid="91490" user="Heinz_V"/>
  <node id="3368719378" lat="29.5797223" lon="78.1828326" version="1" timestamp="2015-02-23T18:46:23Z" changeset="29051163" uid="91490" user="Heinz_V"/>
  <node id="3368719379" lat="29.5803467" lon="78.1820215" version="1" timestamp="2015-02-23T18:46:23Z" changeset="29051163" uid="91490" user="Heinz_V"/>
  <node id="3368719380" lat="29.5806375" lon="78.1815337" version="1" timestamp="2015-02-23T18:46:23Z" changeset="29051163" uid="91490" user="Heinz_V"/>
  <node id="3368719381" lat="29.5812047" lon="78.1908840" version="1" timestamp="2015-02-23T18:46:23Z" changeset="29051163" uid="91490" user="Heinz_V"/>
  <node id="3368719382" lat="29.5812428" lon="78.1923638" version="1" timestamp="2015-02-23T18:46:23Z" changeset="29051163" uid="91490" user="Heinz_V"/>
  <node id="3368719383" lat="29.5812667" lon="78.1890699" version="1" timestamp="2015-02-23T18:46:23Z" changeset="29051163" uid="91490" user="Heinz_V"/>
  <node id="3368719384" lat="29.5812714" lon="78.1901989" version="1" timestamp="2015-02-23T18:46:23Z" changeset="29051163" uid="91490" user="Heinz_V"/>
  <node id="3368719385" lat="29.5812714" lon="78.1932079" version="1" timestamp="2015-02-23T18:46:23Z" changeset="29051163" uid="91490" user="Heinz_V"/>
  <node id="3368719386" lat="29.5812762" lon="78.1895576" version="1" timestamp="2015-02-23T18:46:23Z" changeset="29051163" uid="91490" user="Heinz_V"/>
  <node id="3368719387" lat="29.5813382" lon="78.1800758" version="1" timestamp="2015-02-23T18:46:23Z" changeset="29051163" uid="91490" user="Heinz_V"/>
  <node id="3368719388" lat="29.5813954" lon="78.1887848" version="1" timestamp="2015-02-23T18:46:23Z" changeset="29051163" uid="91490" user="Heinz_V"/>
  <node id="3368719389" lat="29.5814526" lon="78.1944301" version="1" timestamp="2015-02-23T18:46:23Z" changeset="29051163" uid="91490" user="Heinz_V"/>
  <node id="3368719390" lat="29.5816480" lon="78.1886972" version="1" timestamp="2015-02-23T18:46:23Z" changeset="29051163" uid="91490" user="Heinz_V"/>
  <node id="3368719391" lat="29.5816909" lon="78.1951152" version="1" timestamp="2015-02-23T18:46:23Z" changeset="29051163" uid="91490" user="Heinz_V"/>
  <node id="3368719392" lat="29.5819292" lon="78.1887574" version="1" timestamp="2015-02-23T18:46:23Z" changeset="29051163" uid="91490" user="Heinz_V"/>
  <node id="3368719593" lat="29.5820770" lon="78.1789741" version="1" timestamp="2015-02-23T18:46:23Z" changeset="29051163" uid="91490" user="Heinz_V"/>
  <node id="3368719594" lat="29.5822247" lon="78.1960908" version="1" timestamp="2015-02-23T18:46:23Z" changeset="29051163" uid="91490" user="Heinz_V"/>
  <node id="3368719595" lat="29.5823010" lon="78.1888177" version="1" timestamp="2015-02-23T18:46:23Z" changeset="29051163" uid="91490" user="Heinz_V"/>
  <node id="3368719596" lat="29.5825345" lon="78.1775601" version="1" timestamp="2015-02-23T18:46:23Z" changeset="29051163" uid="91490" user="Heinz_V"/>
  <node id="3368719597" lat="29.5826966" lon="78.1964800" version="1" timestamp="2015-02-23T18:46:23Z" changeset="29051163" uid="91490" user="Heinz_V"/>
  <node id="3368719598" lat="29.5828348" lon="78.1887465" version="1" timestamp="2015-02-23T18:46:23Z" changeset="29051163" uid="91490" user="Heinz_V"/>
  <node id="3368719599" lat="29.5830827" lon="78.1762885" version="1" timestamp="2015-02-23T18:46:23Z" changeset="29051163" uid="91490" user="Heinz_V"/>
  <node id="3368719600" lat="29.5832018" lon="78.1965128" version="1" timestamp="2015-02-23T18:46:23Z" changeset="29051163" uid="91490" user="Heinz_V"/>
  <node id="3368719601" lat="29.5834973" lon="78.1967266" version="1" timestamp="2015-02-23T18:46:23Z" changeset="29051163" uid="91490" user="Heinz_V"/>
  <node id="3368719602" lat="29.5836213" lon="78.1969568" version="1" timestamp="2015-02-23T18:46:23Z" changeset="29051163" uid="91490" user="Heinz_V"/>
  <node id="3368719603" lat="29.5836737" lon="78.1973843" version="1" timestamp="2015-02-23T18:46:24Z" changeset="29051163" uid="91490" user="Heinz_V"/>
  <node id="3368719604" lat="29.5836975" lon="78.1886697" version="1" timestamp="2015-02-23T18:46:24Z" changeset="29051163" uid="91490" user="Heinz_V"/>
  <node id="3368719605" lat="29.5836706" lon="78.1976849" version="2" timestamp="2016-11-15T10:29:14Z" changeset="43666515" uid="439726" user="chandusekharreddy"/>
  <node id="3368719606" lat="29.5837595" lon="78.1755102" version="1" timestamp="2015-02-23T18:46:24Z" changeset="29051163" uid="91490" user="Heinz_V"/>
  <node id="3368719607" lat="29.5840415" lon="78.1993398" version="2" timestamp="2016-11-15T10:29:14Z" changeset="43666515" uid="439726" user="chandusekharreddy"/>
  <node id="3368719608" lat="29.5842123" lon="78.1751704" version="1" timestamp="2015-02-23T18:46:24Z" changeset="29051163" uid="91490" user="Heinz_V"/>
  <node id="3368719609" lat="29.5842695" lon="78.1991711" version="1" timestamp="2015-02-23T18:46:24Z" changeset="29051163" uid="91490" user="Heinz_V"/>
  <node id="3368719610" lat="29.5843314" lon="78.1989902" version="1" timestamp="2015-02-23T18:46:24Z" changeset="29051163" uid="91490" user="Heinz_V"/>
  <node id="3368719611" lat="29.5843362" lon="78.1986449" version="1" timestamp="2015-02-23T18:46:24Z" changeset="29051163" uid="91490" user="Heinz_V"/>
  <node id="3368719612" lat="29.5843505" lon="78.1982941" version="1" timestamp="2015-02-23T18:46:24Z" changeset="29051163" uid="91490" user="Heinz_V"/>
  <node id="3368719613" lat="29.5843886" lon="78.1979488" version="1" timestamp="2015-02-23T18:46:24Z" changeset="29051163" uid="91490" user="Heinz_V"/>
  <node id="3368719614" lat="29.5844601" lon="78.1884615" version="1" timestamp="2015-02-23T18:46:24Z" changeset="29051163" uid="91490" user="Heinz_V"/>
  <node id="3368719615" lat="29.5845698" lon="78.1975597" version="1" timestamp="2015-02-23T18:46:24Z" changeset="29051163" uid="91490" user="Heinz_V"/>
  <node id="3368719616" lat="29.5846270" lon="78.1750170" version="1" timestamp="2015-02-23T18:46:24Z" changeset="29051163" uid="91490" user="Heinz_V"/>
  <node id="3368719617" lat="29.5847795" lon="78.1971815" version="1" timestamp="2015-02-23T18:46:24Z" changeset="29051163" uid="91490" user="Heinz_V"/>
  <node id="3368719618" lat="29.5849320" lon="78.1749676" version="1" timestamp="2015-02-23T18:46:24Z" changeset="29051163" uid="91490" user="Heinz_V"/>
  <node id="3368719619" lat="29.5849987" lon="78.1970171" version="1" timestamp="2015-02-23T18:46:24Z" changeset="29051163" uid="91490" user="Heinz_V"/>
  <node id="3368719620" lat="29.5856231" lon="78.1880833" version="1" timestamp="2015-02-23T18:46:24Z" changeset="29051163" uid="91490" user="Heinz_V"/>
  <node id="3368719621" lat="29.5856279" lon="78.1967924" version="1" timestamp="2015-02-23T18:46:24Z" changeset="29051163" uid="91490" user="Heinz_V"/>
  <node id="3368719622" lat="29.5856755" lon="78.1752800" version="1" timestamp="2015-02-23T18:46:24Z" changeset="29051163" uid="91490" user="Heinz_V"/>
  <node id="3368719623" lat="29.5859567" lon="78.1860444" version="1" timestamp="2015-02-23T18:46:24Z" changeset="29051163" uid="91490" user="Heinz_V"/>
  <node id="3368719624" lat="29.5859806" lon="78.1863404" version="1" timestamp="2015-02-23T18:46:24Z" changeset="29051163" uid="91490" user="Heinz_V"/>
  <node id="3368719625" lat="29.5860139" lon="78.1865761" version="1" timestamp="2015-02-23T18:46:24Z" changeset="29051163" uid="91490" user="Heinz_V"/>
  <node id="3368719626" lat="29.5860235" lon="78.1877544" version="1" timestamp="2015-02-23T18:46:24Z" changeset="29051163" uid="91490" user="Heinz_V"/>
  <node id="3368719627" lat="29.5860568" lon="78.1967924" version="1" timestamp="2015-02-23T18:46:24Z" changeset="29051163" uid="91490" user="Heinz_V"/>
  <node id="3368719628" lat="29.5862808" lon="78.1872557" version="1" timestamp="2015-02-23T18:46:24Z" changeset="29051163" uid="91490" user="Heinz_V"/>
  <node id="3368719629" lat="29.5863094" lon="78.1867515" version="1" timestamp="2015-02-23T18:46:24Z" changeset="29051163" uid="91490" user="Heinz_V"/>
  <node id="3368719630" lat="29.5863619" lon="78.1870255" version="1" timestamp="2015-02-23T18:46:24Z" changeset="29051163" uid="91490" user="Heinz_V"/>
  <node id="3368719631" lat="29.5863809" lon="78.1968362" version="1" timestamp="2015-02-23T18:46:24Z" changeset="29051163" uid="91490" user="Heinz_V"/>
  <node id="3368719632" lat="29.5866049" lon="78.2042189" version="1" timestamp="2015-02-23T18:46:24Z" changeset="29051163" uid="91490" user="Heinz_V"/>
  <node id="3368719633" lat="29.5866240" lon="78.2038298" version="1" timestamp="2015-02-23T18:46:24Z" changeset="29051163" uid="91490" user="Heinz_V"/>
  <node id="3368719634" lat="29.5866288" lon="78.2045478" version="1" timestamp="2015-02-23T18:46:24Z" changeset="29051163" uid="91490" user="Heinz_V"/>
  <node id="3368719635" lat="29.5866526" lon="78.1969294" version="1" timestamp="2015-02-23T18:46:25Z" changeset="29051163" uid="91490" user="Heinz_V"/>
  <node id="3368719636" lat="29.5866860" lon="78.1761460" version="1" timestamp="2015-02-23T18:46:25Z" changeset="29051163" uid="91490" user="Heinz_V"/>
  <node id="3368719637" lat="29.5867146" lon="78.2034187" version="1" timestamp="2015-02-23T18:46:25Z" changeset="29051163" uid="91490" user="Heinz_V"/>
  <node id="3368719638" lat="29.5867193" lon="78.1851894" version="1" timestamp="2015-02-23T18:46:25Z" changeset="29051163" uid="91490" user="Heinz_V"/>
  <node id="3368719639" lat="29.5867718" lon="78.2051890" version="1" timestamp="2015-02-23T18:46:25Z" changeset="29051163" uid="91490" user="Heinz_V"/>
  <node id="3368719640" lat="29.5867765" lon="78.2067017" version="1" timestamp="2015-02-23T18:46:25Z" changeset="29051163" uid="91490" user="Heinz_V"/>
  <node id="3368719641" lat="29.5867813" lon="78.2059289" version="1" timestamp="2015-02-23T18:46:25Z" changeset="29051163" uid="91490" user="Heinz_V"/>
  <node id="3368719642" lat="29.5867861" lon="78.2061756" version="1" timestamp="2015-02-23T18:46:25Z" changeset="29051163" uid="91490" user="Heinz_V"/>
  <node id="3368719643" lat="29.5868623" lon="78.2029474" version="1" timestamp="2015-02-23T18:46:25Z" changeset="29051163" uid="91490" user="Heinz_V"/>
  <node id="3368719644" lat="29.5868671" lon="78.1970993" version="1" timestamp="2015-02-23T18:46:25Z" changeset="29051163" uid="91490" user="Heinz_V"/>
  <node id="3368719645" lat="29.5868814" lon="78.1848003" version="1" timestamp="2015-02-23T18:46:25Z" changeset="29051163" uid="91490" user="Heinz_V"/>
  <node id="3368719646" lat="29.5869195" lon="78.2073868" version="1" timestamp="2015-02-23T18:46:25Z" changeset="29051163" uid="91490" user="Heinz_V"/>
  <node id="3368719647" lat="29.5871531" lon="78.2074965" version="1" timestamp="2015-02-23T18:46:25Z" changeset="29051163" uid="91490" user="Heinz_V"/>
  <node id="3368719648" lat="29.5871864" lon="78.2024760" version="1" timestamp="2015-02-23T18:46:25Z" changeset="29051163" uid="91490" user="Heinz_V"/>
  <node id="3368719649" lat="29.5872770" lon="78.1838850" version="1" timestamp="2015-02-23T18:46:25Z" changeset="29051163" uid="91490" user="Heinz_V"/>
  <node id="3368719650" lat="29.5874867" lon="78.1768476" version="1" timestamp="2015-02-23T18:46:25Z" changeset="29051163" uid="91490" user="Heinz_V"/>
  <node id="3368719651" lat="29.5875153" lon="78.1976967" version="1" timestamp="2015-02-23T18:46:25Z" changeset="29051163" uid="91490" user="Heinz_V"/>
  <node id="3368719652" lat="29.5875725" lon="78.1828984" version="1" timestamp="2015-02-23T18:46:25Z" changeset="29051163" uid="91490" user="Heinz_V"/>
  <node id="3368719653" lat="29.5876821" lon="78.1825312" version="1" timestamp="2015-02-23T18:46:25Z" changeset="29051163" uid="91490" user="Heinz_V"/>
  <node id="3368719654" lat="29.5877679" lon="78.2018293" version="1" timestamp="2015-02-23T18:46:25Z" changeset="29051163" uid="91490" user="Heinz_V"/>
  <node id="3368719655" lat="29.5878775" lon="78.2077212" version="1" timestamp="2015-02-23T18:46:25Z" changeset="29051163" uid="91490" user="Heinz_V"/>
  <node id="3368719656" lat="29.5879395" lon="78.1812651" version="1" timestamp="2015-02-23T18:46:25Z" changeset="29051163" uid="91490" user="Heinz_V"/>
  <node id="3368719657" lat="29.5880062" lon="78.1779054" version="1" timestamp="2015-02-23T18:46:25Z" changeset="29051163" uid="91490" user="Heinz_V"/>
  <node id="3368719658" lat="29.5880062" lon="78.1977241" version="1" timestamp="2015-02-23T18:46:25Z" changeset="29051163" uid="91490" user="Heinz_V"/>
  <node id="3368719659" lat="29.5880300" lon="78.2014566" version="1" timestamp="2015-02-23T18:46:25Z" changeset="29051163" uid="91490" user="Heinz_V"/>
  <node id="3368719660" lat="29.5881301" lon="78.1804211" version="1" timestamp="2015-02-23T18:46:25Z" changeset="29051163" uid="91490" user="Heinz_V"/>
  <node id="3368719661" lat="29.5881730" lon="78.1784425" version="1" timestamp="2015-02-23T18:46:25Z" changeset="29051163" uid="91490" user="Heinz_V"/>
  <node id="3368719662" lat="29.5882064" lon="78.1974555" version="1" timestamp="2015-02-23T18:46:25Z" changeset="29051163" uid="91490" user="Heinz_V"/>
  <node id="3368719663" lat="29.5882922" lon="78.1793907" version="1" timestamp="2015-02-23T18:46:25Z" changeset="29051163" uid="91490" user="Heinz_V"/>
  <node id="3368719664" lat="29.5883208" lon="78.2007715" version="1" timestamp="2015-02-23T18:46:25Z" changeset="29051163" uid="91490" user="Heinz_V"/>
  <node id="3368719665" lat="29.5883970" lon="78.1972308" version="1" timestamp="2015-02-23T18:46:25Z" changeset="29051163" uid="91490" user="Heinz_V"/>
  <node id="3368719666" lat="29.5884495" lon="78.2076554" version="1" timestamp="2015-02-23T18:46:25Z" changeset="29051163" uid="91490" user="Heinz_V"/>
  <node id="3368719667" lat="29.5885400" lon="78.1970664" version="1" timestamp="2015-02-23T18:46:25Z" changeset="29051163" uid="91490" user="Heinz_V"/>
  <node id="3368719668" lat="29.5886449" lon="78.2002672" version="1" timestamp="2015-02-23T18:46:25Z" changeset="29051163" uid="91490" user="Heinz_V"/>
  <node id="3368719669" lat="29.5887402" lon="78.1970226" version="1" timestamp="2015-02-23T18:46:25Z" changeset="29051163" uid="91490" user="Heinz_V"/>
  <node id="3368719670" lat="29.5888975" lon="78.2076883" version="1" timestamp="2015-02-23T18:46:25Z" changeset="29051163" uid="91490" user="Heinz_V"/>
  <node id="3368719671" lat="29.5890929" lon="78.1970500" version="1" timestamp="2015-02-23T18:46:25Z" changeset="29051163" uid="91490" user="Heinz_V"/>
  <node id="3368719672" lat="29.5891691" lon="78.2075403" version="1" timestamp="2015-02-23T18:46:25Z" changeset="29051163" uid="91490" user="Heinz_V"/>
  <node id="3368719673" lat="29.5893169" lon="78.1991985" version="1" timestamp="2015-02-23T18:46:25Z" changeset="29051163" uid="91490" user="Heinz_V"/>
  <node id="3368719674" lat="29.5893502" lon="78.2072991" version="1" timestamp="2015-02-23T18:46:25Z" changeset="29051163" uid="91490" user="Heinz_V"/>
  <node id="3368719675" lat="29.5894074" lon="78.1972856" version="1" timestamp="2015-02-23T18:46:25Z" changeset="29051163" uid="91490" user="Heinz_V"/>
  <node id="3368719676" lat="29.5894646" lon="78.1989628" version="1" timestamp="2015-02-23T18:46:25Z" changeset="29051163" uid="91490" user="Heinz_V"/>
  <node id="3368719677" lat="29.5895981" lon="78.1977077" version="1" timestamp="2015-02-23T18:46:25Z" changeset="29051163" uid="91490" user="Heinz_V"/>
  <node id="3368719678" lat="29.5896028" lon="78.2066469" version="1" timestamp="2015-02-23T18:46:25Z" changeset="29051163" uid="91490" user="Heinz_V"/>
  <node id="3368719679" lat="29.5896362" lon="78.1984311" version="1" timestamp="2015-02-23T18:46:25Z" changeset="29051163" uid="91490" user="Heinz_V"/>
  <node id="3368719680" lat="29.5896839" lon="78.1979982" version="1" timestamp="2015-02-23T18:46:25Z" changeset="29051163" uid="91490" user="Heinz_V"/>
  <node id="3368719681" lat="29.5905703" lon="78.2054740" version="1" timestamp="2015-02-23T18:46:25Z" changeset="29051163" uid="91490" user="Heinz_V"/>
  <node id="3368719682" lat="29.5913520" lon="78.2052438" version="1" timestamp="2015-02-23T18:46:25Z" changeset="29051163" uid="91490" user="Heinz_V"/>
  <node id="3368719683" lat="29.5916046" lon="78.2052055" version="1" timestamp="2015-02-23T18:46:25Z" changeset="29051163" uid="91490" user="Heinz_V"/>
  <node id="3368719684" lat="29.5920955" lon="78.2051561" version="1" timestamp="2015-02-23T18:46:25Z" changeset="29051163" uid="91490" user="Heinz_V"/>
  <node id="3368719685" lat="29.5927532" lon="78.2053534" version="1" timestamp="2015-02-23T18:46:25Z" changeset="29051163" uid="91490" user="Heinz_V"/>
  <node id="3368719686" lat="29.5931057" lon="78.2353715" version="1" timestamp="2015-02-23T18:46:25Z" changeset="29051163" uid="91490" user="Heinz_V"/>
  <node id="3368719687" lat="29.5931495" lon="78.2348677" version="1" timestamp="2015-02-23T18:46:25Z" changeset="29051163" uid="91490" user="Heinz_V"/>
  <node id="3368719688" lat="29.5931663" lon="78.2358792" version="1" timestamp="2015-02-23T18:46:25Z" changeset="29051163" uid="91490" user="Heinz_V"/>
  <node id="3368719689" lat="29.5933786" lon="78.2341274" version="1" timestamp="2015-02-23T18:46:25Z" changeset="29051163" uid="91490" user="Heinz_V"/>
  <node id="3368719690" lat="29.5934252" lon="78.2052986" version="1" timestamp="2015-02-23T18:46:25Z" changeset="29051163" uid="91490" user="Heinz_V"/>
  <node id="3368719691" lat="29.5934831" lon="78.2365807" version="1" timestamp="2015-02-23T18:46:25Z" changeset="29051163" uid="91490" user="Heinz_V"/>
  <node id="3368719692" lat="29.5936873" lon="78.2049972" version="1" timestamp="2015-02-23T18:46:25Z" changeset="29051163" uid="91490" user="Heinz_V"/>
  <node id="3368719993" lat="29.5937696" lon="78.2368868" version="1" timestamp="2015-02-23T18:46:25Z" changeset="29051163" uid="91490" user="Heinz_V"/>
  <node id="3368719994" lat="29.5937898" lon="78.2335461" version="1" timestamp="2015-02-23T18:46:25Z" changeset="29051163" uid="91490" user="Heinz_V"/>
  <node id="3368719995" lat="29.5941162" lon="78.2046245" version="1" timestamp="2015-02-23T18:46:25Z" changeset="29051163" uid="91490" user="Heinz_V"/>
  <node id="3368719996" lat="29.5941841" lon="78.2331973" version="1" timestamp="2015-02-23T18:46:25Z" changeset="29051163" uid="91490" user="Heinz_V"/>
  <node id="3368719997" lat="29.5943324" lon="78.2371969" version="1" timestamp="2015-02-23T18:46:25Z" changeset="29051163" uid="91490" user="Heinz_V"/>
  <node id="3368719998" lat="29.5944907" lon="78.2373945" version="1" timestamp="2015-02-23T18:46:26Z" changeset="29051163" uid="91490" user="Heinz_V"/>
  <node id="3368719999" lat="29.5945076" lon="78.2291551" version="1" timestamp="2015-02-23T18:46:26Z" changeset="29051163" uid="91490" user="Heinz_V"/>
  <node id="3368720000" lat="29.5945076" lon="78.2379875" version="1" timestamp="2015-02-23T18:46:26Z" changeset="29051163" uid="91490" user="Heinz_V"/>
  <node id="3368720001" lat="29.5945447" lon="78.2290854" version="1" timestamp="2015-02-23T18:46:26Z" changeset="29051163" uid="91490" user="Heinz_V"/>
  <node id="3368720002" lat="29.5945514" lon="78.2294070" version="1" timestamp="2015-02-23T18:46:26Z" changeset="29051163" uid="91490" user="Heinz_V"/>
  <node id="3368720003" lat="29.5945737" lon="78.2043998" version="1" timestamp="2015-02-23T18:46:26Z" changeset="29051163" uid="91490" user="Heinz_V"/>
  <node id="3368720004" lat="29.5945918" lon="78.2382820" version="1" timestamp="2015-02-23T18:46:26Z" changeset="29051163" uid="91490" user="Heinz_V"/>
  <node id="3368720005" lat="29.5946997" lon="78.2288373" version="1" timestamp="2015-02-23T18:46:26Z" changeset="29051163" uid="91490" user="Heinz_V"/>
  <node id="3368720006" lat="29.5947570" lon="78.2385572" version="1" timestamp="2015-02-23T18:46:26Z" changeset="29051163" uid="91490" user="Heinz_V"/>
  <node id="3368720007" lat="29.5948075" lon="78.2296899" version="1" timestamp="2015-02-23T18:46:26Z" changeset="29051163" uid="91490" user="Heinz_V"/>
  <node id="3368720008" lat="29.5948740" lon="78.2043669" version="1" timestamp="2015-02-23T18:46:26Z" changeset="29051163" uid="91490" user="Heinz_V"/>
  <node id="3368720009" lat="29.5949288" lon="78.2286591" version="1" timestamp="2015-02-23T18:46:26Z" changeset="29051163" uid="91490" user="Heinz_V"/>
  <node id="3368720010" lat="29.5949625" lon="78.2330268" version="1" timestamp="2015-02-23T18:46:26Z" changeset="29051163" uid="91490" user="Heinz_V"/>
  <node id="3368720011" lat="29.5949726" lon="78.2387122" version="1" timestamp="2015-02-23T18:46:26Z" changeset="29051163" uid="91490" user="Heinz_V"/>
  <node id="3368720012" lat="29.5950569" lon="78.2298760" version="1" timestamp="2015-02-23T18:46:26Z" changeset="29051163" uid="91490" user="Heinz_V"/>
  <node id="3368720013" lat="29.5951074" lon="78.2329842" version="1" timestamp="2015-02-23T18:46:26Z" changeset="29051163" uid="91490" user="Heinz_V"/>
  <node id="3368720014" lat="29.5951599" lon="78.2044217" version="1" timestamp="2015-02-23T18:46:26Z" changeset="29051163" uid="91490" user="Heinz_V"/>
  <node id="3368720015" lat="29.5952355" lon="78.2387897" version="1" timestamp="2015-02-23T18:46:26Z" changeset="29051163" uid="91490" user="Heinz_V"/>
  <node id="3368720016" lat="29.5952625" lon="78.2286125" version="1" timestamp="2015-02-23T18:46:26Z" changeset="29051163" uid="91490" user="Heinz_V"/>
  <node id="3368720017" lat="29.5952827" lon="78.2329377" version="1" timestamp="2015-02-23T18:46:26Z" changeset="29051163" uid="91490" user="Heinz_V"/>
  <node id="3368720018" lat="29.5954208" lon="78.2301240" version="1" timestamp="2015-02-23T18:46:26Z" changeset="29051163" uid="91490" user="Heinz_V"/>
  <node id="3368720019" lat="29.5954950" lon="78.2286707" version="1" timestamp="2015-02-23T18:46:26Z" changeset="29051163" uid="91490" user="Heinz_V"/>
  <node id="3368720020" lat="29.5955555" lon="78.2045752" version="1" timestamp="2015-02-23T18:46:26Z" changeset="29051163" uid="91490" user="Heinz_V"/>
  <node id="3368720021" lat="29.5955961" lon="78.2388207" version="1" timestamp="2015-02-23T18:46:26Z" changeset="29051163" uid="91490" user="Heinz_V"/>
  <node id="3368720022" lat="29.5956163" lon="78.2327478" version="1" timestamp="2015-02-23T18:46:26Z" changeset="29051163" uid="91490" user="Heinz_V"/>
  <node id="3368720023" lat="29.5957174" lon="78.2306821" version="1" timestamp="2015-02-23T18:46:26Z" changeset="29051163" uid="91490" user="Heinz_V"/>
  <node id="3368720024" lat="29.5957545" lon="78.2387045" version="1" timestamp="2015-02-23T18:46:26Z" changeset="29051163" uid="91490" user="Heinz_V"/>
  <node id="3368720025" lat="29.5958084" lon="78.2289226" version="1" timestamp="2015-02-23T18:46:26Z" changeset="29051163" uid="91490" user="Heinz_V"/>
  <node id="3368720026" lat="29.5958522" lon="78.2322788" version="1" timestamp="2015-02-23T18:46:26Z" changeset="29051163" uid="91490" user="Heinz_V"/>
  <node id="3368720027" lat="29.5958557" lon="78.2049040" version="1" timestamp="2015-02-23T18:46:26Z" changeset="29051163" uid="91490" user="Heinz_V"/>
  <node id="3368720028" lat="29.5958893" lon="78.2312789" version="1" timestamp="2015-02-23T18:46:26Z" changeset="29051163" uid="91490" user="Heinz_V"/>
  <node id="3368720029" lat="29.5959128" lon="78.2290079" version="1" timestamp="2015-02-23T18:46:26Z" changeset="29051163" uid="91490" user="Heinz_V"/>
  <node id="3368720030" lat="29.5959162" lon="78.2319261" version="1" timestamp="2015-02-23T18:46:26Z" changeset="29051163" uid="91490" user="Heinz_V"/>
  <node id="3368720031" lat="29.5960645" lon="78.2381619" version="1" timestamp="2015-02-23T18:46:26Z" changeset="29051163" uid="91490" user="Heinz_V"/>
  <node id="3368720032" lat="29.5960915" lon="78.2291280" version="1" timestamp="2015-02-23T18:46:26Z" changeset="29051163" uid="91490" user="Heinz_V"/>
  <node id="3368720033" lat="29.5961353" lon="78.2377705" version="1" timestamp="2015-02-23T18:46:26Z" changeset="29051163" uid="91490" user="Heinz_V"/>
  <node id="3368720034" lat="29.5961555" lon="78.2375844" version="1" timestamp="2015-02-23T18:46:27Z" changeset="29051163" uid="91490" user="Heinz_V"/>
  <node id="3368720035" lat="29.5963375" lon="78.2367744" version="1" timestamp="2015-02-23T18:46:27Z" changeset="29051163" uid="91490" user="Heinz_V"/>
  <node id="3368720036" lat="29.5963942" lon="78.2053260" version="1" timestamp="2015-02-23T18:46:27Z" changeset="29051163" uid="91490" user="Heinz_V"/>
  <node id="3368720037" lat="29.5964857" lon="78.2288296" version="1" timestamp="2015-02-23T18:46:27Z" changeset="29051163" uid="91490" user="Heinz_V"/>
  <node id="3368720038" lat="29.5966897" lon="78.2116564" version="1" timestamp="2015-02-23T18:46:27Z" changeset="29051163" uid="91490" user="Heinz_V"/>
  <node id="3368720039" lat="29.5967014" lon="78.2361117" version="1" timestamp="2015-02-23T18:46:27Z" changeset="29051163" uid="91490" user="Heinz_V"/>
  <node id="3368720040" lat="29.5967088" lon="78.2117825" version="1" timestamp="2015-02-23T18:46:27Z" changeset="29051163" uid="91490" user="Heinz_V"/>
  <node id="3368720041" lat="29.5967149" lon="78.2358211" version="1" timestamp="2015-02-23T18:46:27Z" changeset="29051163" uid="91490" user="Heinz_V"/>
  <node id="3368720042" lat="29.5967317" lon="78.2354335" version="1" timestamp="2015-02-23T18:46:27Z" changeset="29051163" uid="91490" user="Heinz_V"/>
  <node id="3368720043" lat="29.5967564" lon="78.2113824" version="1" timestamp="2015-02-23T18:46:27Z" changeset="29051163" uid="91490" user="Heinz_V"/>
  <node id="3368720044" lat="29.5967707" lon="78.2122703" version="1" timestamp="2015-02-23T18:46:27Z" changeset="29051163" uid="91490" user="Heinz_V"/>
  <node id="3368720045" lat="29.5967722" lon="78.2352514" version="1" timestamp="2015-02-23T18:46:27Z" changeset="29051163" uid="91490" user="Heinz_V"/>
  <node id="3368720046" lat="29.5968935" lon="78.2351390" version="1" timestamp="2015-02-23T18:46:27Z" changeset="29051163" uid="91490" user="Heinz_V"/>
  <node id="3368720047" lat="29.5969185" lon="78.2111851" version="1" timestamp="2015-02-23T18:46:27Z" changeset="29051163" uid="91490" user="Heinz_V"/>
  <node id="3368720048" lat="29.5969661" lon="78.2056713" version="1" timestamp="2015-02-23T18:46:27Z" changeset="29051163" uid="91490" user="Heinz_V"/>
  <node id="3368720049" lat="29.5970853" lon="78.2129061" version="1" timestamp="2015-02-23T18:46:27Z" changeset="29051163" uid="91490" user="Heinz_V"/>
  <node id="3368720050" lat="29.5971395" lon="78.2351118" version="1" timestamp="2015-02-23T18:46:27Z" changeset="29051163" uid="91490" user="Heinz_V"/>
  <node id="3368720051" lat="29.5973282" lon="78.2283684" version="1" timestamp="2015-02-23T18:46:27Z" changeset="29051163" uid="91490" user="Heinz_V"/>
  <node id="3368720052" lat="29.5973379" lon="78.2108617" version="1" timestamp="2015-02-23T18:46:27Z" changeset="29051163" uid="91490" user="Heinz_V"/>
  <node id="3368720053" lat="29.5973956" lon="78.2351738" version="1" timestamp="2015-02-23T18:46:27Z" changeset="29051163" uid="91490" user="Heinz_V"/>
  <node id="3368720054" lat="29.5977124" lon="78.2227644" version="1" timestamp="2015-02-23T18:46:27Z" changeset="29051163" uid="91490" user="Heinz_V"/>
  <node id="3368720055" lat="29.5977359" lon="78.2225900" version="1" timestamp="2015-02-23T18:46:27Z" changeset="29051163" uid="91490" user="Heinz_V"/>
  <node id="3368720056" lat="29.5977831" lon="78.2233457" version="1" timestamp="2015-02-23T18:46:27Z" changeset="29051163" uid="91490" user="Heinz_V"/>
  <node id="3368720057" lat="29.5978202" lon="78.2222915" version="1" timestamp="2015-02-23T18:46:27Z" changeset="29051163" uid="91490" user="Heinz_V"/>
  <node id="3368720058" lat="29.5978539" lon="78.2279421" version="1" timestamp="2015-02-23T18:46:27Z" changeset="29051163" uid="91490" user="Heinz_V"/>
  <node id="3368720059" lat="29.5979348" lon="78.2220319" version="1" timestamp="2015-02-23T18:46:27Z" changeset="29051163" uid="91490" user="Heinz_V"/>
  <node id="3368720060" lat="29.5979752" lon="78.2357435" version="1" timestamp="2015-02-23T18:46:27Z" changeset="29051163" uid="91490" user="Heinz_V"/>
  <node id="3368720061" lat="29.5980460" lon="78.2239193" version="1" timestamp="2015-02-23T18:46:27Z" changeset="29051163" uid="91490" user="Heinz_V"/>
  <node id="3368720062" lat="29.5980561" lon="78.2146877" version="1" timestamp="2015-02-23T18:46:27Z" changeset="29051163" uid="91490" user="Heinz_V"/>
  <node id="3368720063" lat="29.5981385" lon="78.2105109" version="1" timestamp="2015-02-23T18:46:27Z" changeset="29051163" uid="91490" user="Heinz_V"/>
  <node id="3368720064" lat="29.5982515" lon="78.2218497" version="1" timestamp="2015-02-23T18:46:27Z" changeset="29051163" uid="91490" user="Heinz_V"/>
  <node id="3368720065" lat="29.5982815" lon="78.2062907" version="1" timestamp="2015-02-23T18:46:27Z" changeset="29051163" uid="91490" user="Heinz_V"/>
  <node id="3368720066" lat="29.5982852" lon="78.2362629" version="1" timestamp="2015-02-23T18:46:27Z" changeset="29051163" uid="91490" user="Heinz_V"/>
  <node id="3368720067" lat="29.5983387" lon="78.2104123" version="1" timestamp="2015-02-23T18:46:27Z" changeset="29051163" uid="91490" user="Heinz_V"/>
  <node id="3368720068" lat="29.5983661" lon="78.2176990" version="1" timestamp="2015-02-23T18:46:27Z" changeset="29051163" uid="91490" user="Heinz_V"/>
  <node id="3368720069" lat="29.5984032" lon="78.2183772" version="1" timestamp="2015-02-23T18:46:27Z" changeset="29051163" uid="91490" user="Heinz_V"/>
  <node id="3368720070" lat="29.5984672" lon="78.2246091" version="1" timestamp="2015-02-23T18:46:27Z" changeset="29051163" uid="91490" user="Heinz_V"/>
  <node id="3368720071" lat="29.5984706" lon="78.2273801" version="1" timestamp="2015-02-23T18:46:27Z" changeset="29051163" uid="91490" user="Heinz_V"/>
  <node id="3368720072" lat="29.5985009" lon="78.2171177" version="1" timestamp="2015-02-23T18:46:27Z" changeset="29051163" uid="91490" user="Heinz_V"/>
  <node id="3368720073" lat="29.5985346" lon="78.2218420" version="1" timestamp="2015-02-23T18:46:27Z" changeset="29051163" uid="91490" user="Heinz_V"/>
  <node id="3368720074" lat="29.5985818" lon="78.2159434" version="1" timestamp="2015-02-23T18:46:27Z" changeset="29051163" uid="91490" user="Heinz_V"/>
  <node id="3368720075" lat="29.5986559" lon="78.2372666" version="1" timestamp="2015-02-23T18:46:27Z" changeset="29051163" uid="91490" user="Heinz_V"/>
  <node id="3368720076" lat="29.5987342" lon="78.2103794" version="1" timestamp="2015-02-23T18:46:27Z" changeset="29051163" uid="91490" user="Heinz_V"/>
  <node id="3368720077" lat="29.5988105" lon="78.2071676" version="1" timestamp="2015-02-23T18:46:27Z" changeset="29051163" uid="91490" user="Heinz_V"/>
  <node id="3368720078" lat="29.5988143" lon="78.2525983" version="1" timestamp="2015-02-23T18:46:27Z" changeset="29051163" uid="91490" user="Heinz_V"/>
  <node id="3368720079" lat="29.5988311" lon="78.2523890" version="1" timestamp="2015-02-23T18:46:27Z" changeset="29051163" uid="91490" user="Heinz_V"/>
  <node id="3368720080" lat="29.5988581" lon="78.2249424" version="1" timestamp="2015-02-23T18:46:27Z" changeset="29051163" uid="91490" user="Heinz_V"/>
  <node id="3368720081" lat="29.5988749" lon="78.2185788" version="1" timestamp="2015-02-23T18:46:27Z" changeset="29051163" uid="91490" user="Heinz_V"/>
  <node id="3368720082" lat="29.5990232" lon="78.2519472" version="1" timestamp="2015-02-23T18:46:27Z" changeset="29051163" uid="91490" user="Heinz_V"/>
  <node id="3368720083" lat="29.5990738" lon="78.2527533" version="1" timestamp="2015-02-23T18:46:27Z" changeset="29051163" uid="91490" user="Heinz_V"/>
  <node id="3368720084" lat="29.5991277" lon="78.2218497" version="1" timestamp="2015-02-23T18:46:27Z" changeset="29051163" uid="91490" user="Heinz_V"/>
  <node id="3368720085" lat="29.5991345" lon="78.2079568" version="1" timestamp="2015-02-23T18:46:27Z" changeset="29051163" uid="91490" user="Heinz_V"/>
  <node id="3368720086" lat="29.5992254" lon="78.2380417" version="1" timestamp="2015-02-23T18:46:27Z" changeset="29051163" uid="91490" user="Heinz_V"/>
  <node id="3368720087" lat="29.5992389" lon="78.2251052" version="1" timestamp="2015-02-23T18:46:27Z" changeset="29051163" uid="91490" user="Heinz_V"/>
  <node id="3368720088" lat="29.5992591" lon="78.2514589" version="1" timestamp="2015-02-23T18:46:27Z" changeset="29051163" uid="91490" user="Heinz_V"/>
  <node id="3368720089" lat="29.5993164" lon="78.2527572" version="1" timestamp="2015-02-23T18:46:27Z" changeset="29051163" uid="91490" user="Heinz_V"/>
  <node id="3368720090" lat="29.5993602" lon="78.2217722" version="1" timestamp="2015-02-23T18:46:27Z" changeset="29051163" uid="91490" user="Heinz_V"/>
  <node id="3368720091" lat="29.5993602" lon="78.2266011" version="1" timestamp="2015-02-23T18:46:27Z" changeset="29051163" uid="91490" user="Heinz_V"/>
  <node id="3368720092" lat="29.5994014" lon="78.2108288" version="1" timestamp="2015-02-23T18:46:27Z" changeset="29051163" uid="91490" user="Heinz_V"/>
  <node id="3368720393" lat="29.5994512" lon="78.2527417" version="1" timestamp="2015-02-23T18:46:27Z" changeset="29051163" uid="91490" user="Heinz_V"/>
  <node id="3368720394" lat="29.5994633" lon="78.2082802" version="1" timestamp="2015-02-23T18:46:27Z" changeset="29051163" uid="91490" user="Heinz_V"/>
  <node id="3368720395" lat="29.5994647" lon="78.2190167" version="1" timestamp="2015-02-23T18:46:27Z" changeset="29051163" uid="91490" user="Heinz_V"/>
  <node id="3368720396" lat="29.5996062" lon="78.2507807" version="1" timestamp="2015-02-23T18:46:27Z" changeset="29051163" uid="91490" user="Heinz_V"/>
  <node id="3368720397" lat="29.5996365" lon="78.2527843" version="1" timestamp="2015-02-23T18:46:27Z" changeset="29051163" uid="91490" user="Heinz_V"/>
  <node id="3368720398" lat="29.5996500" lon="78.2251827" version="1" timestamp="2015-02-23T18:46:27Z" changeset="29051163" uid="91490" user="Heinz_V"/>
  <node id="3368720399" lat="29.5996500" lon="78.2384991" version="1" timestamp="2015-02-23T18:46:27Z" changeset="29051163" uid="91490" user="Heinz_V"/>
  <node id="3368720400" lat="29.5996702" lon="78.2216133" version="1" timestamp="2015-02-23T18:46:27Z" changeset="29051163" uid="91490" user="Heinz_V"/>
  <node id="3368720401" lat="29.5996873" lon="78.2110042" version="1" timestamp="2015-02-23T18:46:27Z" changeset="29051163" uid="91490" user="Heinz_V"/>
  <node id="3368720402" lat="29.5997747" lon="78.2529277" version="1" timestamp="2015-02-23T18:46:28Z" changeset="29051163" uid="91490" user="Heinz_V"/>
  <node id="3368720403" lat="29.5998556" lon="78.2534393" version="1" timestamp="2015-02-23T18:46:28Z" changeset="29051163" uid="91490" user="Heinz_V"/>
  <node id="3368720404" lat="29.5998960" lon="78.2536912" version="1" timestamp="2015-02-23T18:46:28Z" changeset="29051163" uid="91490" user="Heinz_V"/>
  <node id="3368720405" lat="29.5999196" lon="78.2540981" version="1" timestamp="2015-02-23T18:46:28Z" changeset="29051163" uid="91490" user="Heinz_V"/>
  <node id="3368720406" lat="29.5999668" lon="78.2543888" version="1" timestamp="2015-02-23T18:46:28Z" changeset="29051163" uid="91490" user="Heinz_V"/>
  <node id="3368720407" lat="29.6000066" lon="78.2085817" version="1" timestamp="2015-02-23T18:46:28Z" changeset="29051163" uid="91490" user="Heinz_V"/>
  <node id="3368720408" lat="29.6000072" lon="78.2195709" version="1" timestamp="2015-02-23T18:46:28Z" changeset="29051163" uid="91490" user="Heinz_V"/>
  <node id="3368720409" lat="29.6000207" lon="78.2212451" version="1" timestamp="2015-02-23T18:46:28Z" changeset="29051163" uid="91490" user="Heinz_V"/>
  <node id="3368720410" lat="29.6000240" lon="78.2502458" version="1" timestamp="2015-02-23T18:46:28Z" changeset="29051163" uid="91490" user="Heinz_V"/>
  <node id="3368720411" lat="29.6001555" lon="78.2545864" version="1" timestamp="2015-02-23T18:46:28Z" changeset="29051163" uid="91490" user="Heinz_V"/>
  <node id="3368720412" lat="29.6001622" lon="78.2465292" version="1" timestamp="2015-02-23T18:46:28Z" changeset="29051163" uid="91490" user="Heinz_V"/>
  <node id="3368720413" lat="29.6001757" lon="78.2207956" version="1" timestamp="2015-02-23T18:46:28Z" changeset="29051163" uid="91490" user="Heinz_V"/>
  <node id="3368720414" lat="29.6001858" lon="78.2252331" version="1" timestamp="2015-02-23T18:46:28Z" changeset="29051163" uid="91490" user="Heinz_V"/>
  <node id="3368720415" lat="29.6002397" lon="78.2467036" version="1" timestamp="2015-02-23T18:46:28Z" changeset="29051163" uid="91490" user="Heinz_V"/>
  <node id="3368720416" lat="29.6002532" lon="78.2201484" version="1" timestamp="2015-02-23T18:46:28Z" changeset="29051163" uid="91490" user="Heinz_V"/>
  <node id="3368720417" lat="29.6002532" lon="78.2461494" version="1" timestamp="2015-02-23T18:46:28Z" changeset="29051163" uid="91490" user="Heinz_V"/>
  <node id="3368720418" lat="29.6002970" lon="78.2500404" version="1" timestamp="2015-02-23T18:46:28Z" changeset="29051163" uid="91490" user="Heinz_V"/>
  <node id="3368720419" lat="29.6003068" lon="78.2086365" version="1" timestamp="2015-02-23T18:46:28Z" changeset="29051163" uid="91490" user="Heinz_V"/>
  <node id="3368720420" lat="29.6003374" lon="78.2469981" version="1" timestamp="2015-02-23T18:46:28Z" changeset="29051163" uid="91490" user="Heinz_V"/>
  <node id="3368720421" lat="29.6003543" lon="78.2546446" version="1" timestamp="2015-02-23T18:46:28Z" changeset="29051163" uid="91490" user="Heinz_V"/>
  <node id="3368720422" lat="29.6003812" lon="78.2262640" version="1" timestamp="2015-02-23T18:46:28Z" changeset="29051163" uid="91490" user="Heinz_V"/>
  <node id="3368720423" lat="29.6003846" lon="78.2458975" version="1" timestamp="2015-02-23T18:46:28Z" changeset="29051163" uid="91490" user="Heinz_V"/>
  <node id="3368720424" lat="29.6004183" lon="78.2393633" version="1" timestamp="2015-02-23T18:46:28Z" changeset="29051163" uid="91490" user="Heinz_V"/>
  <node id="3368720425" lat="29.6004587" lon="78.2252912" version="1" timestamp="2015-02-23T18:46:28Z" changeset="29051163" uid="91490" user="Heinz_V"/>
  <node id="3368720426" lat="29.6005547" lon="78.2111029" version="1" timestamp="2015-02-23T18:46:28Z" changeset="29051163" uid="91490" user="Heinz_V"/>
  <node id="3368720427" lat="29.6005868" lon="78.2261244" version="1" timestamp="2015-02-23T18:46:28Z" changeset="29051163" uid="91490" user="Heinz_V"/>
  <node id="3368720428" lat="29.6006036" lon="78.2396423" version="1" timestamp="2015-02-23T18:46:28Z" changeset="29051163" uid="91490" user="Heinz_V"/>
  <node id="3368720429" lat="29.6006340" lon="78.2546950" version="1" timestamp="2015-02-23T18:46:28Z" changeset="29051163" uid="91490" user="Heinz_V"/>
  <node id="3368720430" lat="29.6006373" lon="78.2254152" version="1" timestamp="2015-02-23T18:46:28Z" changeset="29051163" uid="91490" user="Heinz_V"/>
  <node id="3368720431" lat="29.6006508" lon="78.2403089" version="1" timestamp="2015-02-23T18:46:28Z" changeset="29051163" uid="91490" user="Heinz_V"/>
  <node id="3368720432" lat="29.6006677" lon="78.2400609" version="1" timestamp="2015-02-23T18:46:28Z" changeset="29051163" uid="91490" user="Heinz_V"/>
  <node id="3368720433" lat="29.6007418" lon="78.2259927" version="1" timestamp="2015-02-23T18:46:28Z" changeset="29051163" uid="91490" user="Heinz_V"/>
  <node id="3368720434" lat="29.6007553" lon="78.2256012" version="1" timestamp="2015-02-23T18:46:28Z" changeset="29051163" uid="91490" user="Heinz_V"/>
  <node id="3368720435" lat="29.6007553" lon="78.2408631" version="1" timestamp="2015-02-23T18:46:28Z" changeset="29051163" uid="91490" user="Heinz_V"/>
  <node id="3368720436" lat="29.6007923" lon="78.2258415" version="1" timestamp="2015-02-23T18:46:28Z" changeset="29051163" uid="91490" user="Heinz_V"/>
  <node id="3368720437" lat="29.6008800" lon="78.2472927" version="1" timestamp="2015-02-23T18:46:28Z" changeset="29051163" uid="91490" user="Heinz_V"/>
  <node id="3368720438" lat="29.6009002" lon="78.2454634" version="1" timestamp="2015-02-23T18:46:28Z" changeset="29051163" uid="91490" user="Heinz_V"/>
  <node id="3368720439" lat="29.6009035" lon="78.2412623" version="1" timestamp="2015-02-23T18:46:28Z" changeset="29051163" uid="91490" user="Heinz_V"/>
  <node id="3368720440" lat="29.6009407" lon="78.2081213" version="1" timestamp="2015-02-23T18:46:28Z" changeset="29051163" uid="91490" user="Heinz_V"/>
  <node id="3368720441" lat="29.6009978" lon="78.2111905" version="1" timestamp="2015-02-23T18:46:28Z" changeset="29051163" uid="91490" user="Heinz_V"/>
  <node id="3368720442" lat="29.6010148" lon="78.2546252" version="1" timestamp="2015-02-23T18:46:28Z" changeset="29051163" uid="91490" user="Heinz_V"/>
  <node id="3368720443" lat="29.6011260" lon="78.2415685" version="1" timestamp="2015-02-23T18:46:28Z" changeset="29051163" uid="91490" user="Heinz_V"/>
  <node id="3368720444" lat="29.6012001" lon="78.2500210" version="1" timestamp="2015-02-23T18:46:28Z" changeset="29051163" uid="91490" user="Heinz_V"/>
  <node id="3368720445" lat="29.6012169" lon="78.2546368" version="1" timestamp="2015-02-23T18:46:28Z" changeset="29051163" uid="91490" user="Heinz_V"/>
  <node id="3368720446" lat="29.6012473" lon="78.2475872" version="1" timestamp="2015-02-23T18:46:28Z" changeset="29051163" uid="91490" user="Heinz_V"/>
  <node id="3368720447" lat="29.6012776" lon="78.2427970" version="1" timestamp="2015-02-23T18:46:28Z" changeset="29051163" uid="91490" user="Heinz_V"/>
  <node id="3368720448" lat="29.6012810" lon="78.2420529" version="1" timestamp="2015-02-23T18:46:28Z" changeset="29051163" uid="91490" user="Heinz_V"/>
  <node id="3368720449" lat="29.6013045" lon="78.2424405" version="1" timestamp="2015-02-23T18:46:28Z" changeset="29051163" uid="91490" user="Heinz_V"/>
  <node id="3368720450" lat="29.6013180" lon="78.2435063" version="1" timestamp="2015-02-23T18:46:28Z" changeset="29051163" uid="91490" user="Heinz_V"/>
  <node id="3368720451" lat="29.6013457" lon="78.2079788" version="1" timestamp="2015-02-23T18:46:28Z" changeset="29051163" uid="91490" user="Heinz_V"/>
  <node id="3368720452" lat="29.6013457" lon="78.2113714" version="1" timestamp="2015-02-23T18:46:28Z" changeset="29051163" uid="91490" user="Heinz_V"/>
  <node id="3368720453" lat="29.6013753" lon="78.2545361" version="1" timestamp="2015-02-23T18:46:28Z" changeset="29051163" uid="91490" user="Heinz_V"/>
  <node id="3368720454" lat="29.6014225" lon="78.2453665" version="1" timestamp="2015-02-23T18:46:28Z" changeset="29051163" uid="91490" user="Heinz_V"/>
  <node id="3368720455" lat="29.6014259" lon="78.2481182" version="1" timestamp="2015-02-23T18:46:28Z" changeset="29051163" uid="91490" user="Heinz_V"/>
  <node id="3368720456" lat="29.6015438" lon="78.2445837" version="1" timestamp="2015-02-23T18:46:28Z" changeset="29051163" uid="91490" user="Heinz_V"/>
  <node id="3368720457" lat="29.6015505" lon="78.2501296" version="1" timestamp="2015-02-23T18:46:28Z" changeset="29051163" uid="91490" user="Heinz_V"/>
  <node id="3368720458" lat="29.6016550" lon="78.2533230" version="1" timestamp="2015-02-23T18:46:28Z" changeset="29051163" uid="91490" user="Heinz_V"/>
  <node id="3368720459" lat="29.6016651" lon="78.2530556" version="1" timestamp="2015-02-23T18:46:28Z" changeset="29051163" uid="91490" user="Heinz_V"/>
  <node id="3368720460" lat="29.6016718" lon="78.2454983" version="1" timestamp="2015-02-23T18:46:28Z" changeset="29051163" uid="91490" user="Heinz_V"/>
  <node id="3368720461" lat="29.6016745" lon="78.2115139" version="1" timestamp="2015-02-23T18:46:28Z" changeset="29051163" uid="91490" user="Heinz_V"/>
  <node id="3368720462" lat="29.6016752" lon="78.2562374" version="1" timestamp="2015-02-23T18:46:28Z" changeset="29051163" uid="91490" user="Heinz_V"/>
  <node id="3368720463" lat="29.6016793" lon="78.2082309" version="1" timestamp="2015-02-23T18:46:29Z" changeset="29051163" uid="91490" user="Heinz_V"/>
  <node id="3368720464" lat="29.6016820" lon="78.2540710" version="1" timestamp="2015-02-23T18:46:29Z" changeset="29051163" uid="91490" user="Heinz_V"/>
  <node id="3368720465" lat="29.6016921" lon="78.2528890" version="1" timestamp="2015-02-23T18:46:29Z" changeset="29051163" uid="91490" user="Heinz_V"/>
  <node id="3368720466" lat="29.6017022" lon="78.2537881" version="1" timestamp="2015-02-23T18:46:29Z" changeset="29051163" uid="91490" user="Heinz_V"/>
  <node id="3368720467" lat="29.6017055" lon="78.2447271" version="1" timestamp="2015-02-23T18:46:29Z" changeset="29051163" uid="91490" user="Heinz_V"/>
  <node id="3368720468" lat="29.6017055" lon="78.2559429" version="1" timestamp="2015-02-23T18:46:29Z" changeset="29051163" uid="91490" user="Heinz_V"/>
  <node id="3368720469" lat="29.6017729" lon="78.2556290" version="1" timestamp="2015-02-23T18:46:29Z" changeset="29051163" uid="91490" user="Heinz_V"/>
  <node id="3368720470" lat="29.6017965" lon="78.2486065" version="1" timestamp="2015-02-23T18:46:29Z" changeset="29051163" uid="91490" user="Heinz_V"/>
  <node id="3368720471" lat="29.6017999" lon="78.2527223" version="1" timestamp="2015-02-23T18:46:29Z" changeset="29051163" uid="91490" user="Heinz_V"/>
  <node id="3368720472" lat="29.6018639" lon="78.2455680" version="1" timestamp="2015-02-23T18:46:29Z" changeset="29051163" uid="91490" user="Heinz_V"/>
  <node id="3368720473" lat="29.6018942" lon="78.2502071" version="1" timestamp="2015-02-23T18:46:29Z" changeset="29051163" uid="91490" user="Heinz_V"/>
  <node id="3368720474" lat="29.6018942" lon="78.2567490" version="1" timestamp="2015-02-23T18:46:29Z" changeset="29051163" uid="91490" user="Heinz_V"/>
  <node id="3368720475" lat="29.6019145" lon="78.2449557" version="1" timestamp="2015-02-23T18:46:29Z" changeset="29051163" uid="91490" user="Heinz_V"/>
  <node id="3368720476" lat="29.6019367" lon="78.2115906" version="1" timestamp="2015-02-23T18:46:29Z" changeset="29051163" uid="91490" user="Heinz_V"/>
  <node id="3368720477" lat="29.6019414" lon="78.2085652" version="1" timestamp="2015-02-23T18:46:29Z" changeset="29051163" uid="91490" user="Heinz_V"/>
  <node id="3368720478" lat="29.6019886" lon="78.2526564" version="1" timestamp="2015-02-23T18:46:29Z" changeset="29051163" uid="91490" user="Heinz_V"/>
  <node id="3368720479" lat="29.6020728" lon="78.2455525" version="1" timestamp="2015-02-23T18:46:29Z" changeset="29051163" uid="91490" user="Heinz_V"/>
  <node id="3368720480" lat="29.6020830" lon="78.2450836" version="1" timestamp="2015-02-23T18:46:29Z" changeset="29051163" uid="91490" user="Heinz_V"/>
  <node id="3368720481" lat="29.6020998" lon="78.2552918" version="1" timestamp="2015-02-23T18:46:29Z" changeset="29051163" uid="91490" user="Heinz_V"/>
  <node id="3368720482" lat="29.6021130" lon="78.2092229" version="1" timestamp="2015-02-23T18:46:29Z" changeset="29051163" uid="91490" user="Heinz_V"/>
  <node id="3368720483" lat="29.6021130" lon="78.2115742" version="1" timestamp="2015-02-23T18:46:29Z" changeset="29051163" uid="91490" user="Heinz_V"/>
  <node id="3368720484" lat="29.6021470" lon="78.2488623" version="1" timestamp="2015-02-23T18:46:29Z" changeset="29051163" uid="91490" user="Heinz_V"/>
  <node id="3368720485" lat="29.6021638" lon="78.2452541" version="1" timestamp="2015-02-23T18:46:29Z" changeset="29051163" uid="91490" user="Heinz_V"/>
  <node id="3368720486" lat="29.6021638" lon="78.2455293" version="1" timestamp="2015-02-23T18:46:29Z" changeset="29051163" uid="91490" user="Heinz_V"/>
  <node id="3368720487" lat="29.6022076" lon="78.2454750" version="1" timestamp="2015-02-23T18:46:29Z" changeset="29051163" uid="91490" user="Heinz_V"/>
  <node id="3368720488" lat="29.6022312" lon="78.2575008" version="1" timestamp="2015-02-23T18:46:29Z" changeset="29051163" uid="91490" user="Heinz_V"/>
  <node id="3368720489" lat="29.6022582" lon="78.2501218" version="1" timestamp="2015-02-23T18:46:29Z" changeset="29051163" uid="91490" user="Heinz_V"/>
  <node id="3368720490" lat="29.6023053" lon="78.2526835" version="1" timestamp="2015-02-23T18:46:29Z" changeset="29051163" uid="91490" user="Heinz_V"/>
  <node id="3368720491" lat="29.6023087" lon="78.2551755" version="1" timestamp="2015-02-23T18:46:29Z" changeset="29051163" uid="91490" user="Heinz_V"/>
  <node id="3368720492" lat="29.6023179" lon="78.2104452" version="1" timestamp="2015-02-23T18:46:29Z" changeset="29051163" uid="91490" user="Heinz_V"/>
  <node id="3368720793" lat="29.6023370" lon="78.2113714" version="1" timestamp="2015-02-23T18:46:29Z" changeset="29051163" uid="91490" user="Heinz_V"/>
  <node id="3368720794" lat="29.6023458" lon="78.2491723" version="1" timestamp="2015-02-23T18:46:29Z" changeset="29051163" uid="91490" user="Heinz_V"/>
  <node id="3368720795" lat="29.6024098" lon="78.2498311" version="1" timestamp="2015-02-23T18:46:29Z" changeset="29051163" uid="91490" user="Heinz_V"/>
  <node id="3368720796" lat="29.6024132" lon="78.2109713" version="1" timestamp="2015-02-23T18:46:29Z" changeset="29051163" uid="91490" user="Heinz_V"/>
  <node id="3368720797" lat="29.6024165" lon="78.2494591" version="1" timestamp="2015-02-23T18:46:29Z" changeset="29051163" uid="91490" user="Heinz_V"/>
  <node id="3368720798" lat="29.6025176" lon="78.2527766" version="1" timestamp="2015-02-23T18:46:29Z" changeset="29051163" uid="91490" user="Heinz_V"/>
  <node id="3368720799" lat="29.6026760" lon="78.2529626" version="1" timestamp="2015-02-23T18:46:29Z" changeset="29051163" uid="91490" user="Heinz_V"/>
  <node id="3368720800" lat="29.6028647" lon="78.2547182" version="1" timestamp="2015-02-23T18:46:29Z" changeset="29051163" uid="91490" user="Heinz_V"/>
  <node id="3368720801" lat="29.6029388" lon="78.2582643" version="1" timestamp="2015-02-23T18:46:29Z" changeset="29051163" uid="91490" user="Heinz_V"/>
  <node id="3368720802" lat="29.6030332" lon="78.2544702" version="1" timestamp="2015-02-23T18:46:29Z" changeset="29051163" uid="91490" user="Heinz_V"/>
  <node id="3368720803" lat="29.6030534" lon="78.2534664" version="1" timestamp="2015-02-23T18:46:29Z" changeset="29051163" uid="91490" user="Heinz_V"/>
  <node id="3368720804" lat="29.6031646" lon="78.2542570" version="1" timestamp="2015-02-23T18:46:29Z" changeset="29051163" uid="91490" user="Heinz_V"/>
  <node id="3368720805" lat="29.6032017" lon="78.2536873" version="1" timestamp="2015-02-23T18:46:29Z" changeset="29051163" uid="91490" user="Heinz_V"/>
  <node id="3368720806" lat="29.6032253" lon="78.2538733" version="1" timestamp="2015-02-23T18:46:29Z" changeset="29051163" uid="91490" user="Heinz_V"/>
  <node id="3368720807" lat="29.6033163" lon="78.2586596" version="1" timestamp="2015-02-23T18:46:29Z" changeset="29051163" uid="91490" user="Heinz_V"/>
  <node id="3368720808" lat="29.6039785" lon="78.2596743" version="1" timestamp="2015-02-23T18:46:29Z" changeset="29051163" uid="91490" user="Heinz_V"/>
  <node id="3368720809" lat="29.6043311" lon="78.2599593" version="1" timestamp="2015-02-23T18:46:29Z" changeset="29051163" uid="91490" user="Heinz_V"/>
  <node id="3368720810" lat="29.6046075" lon="78.2600689" version="1" timestamp="2015-02-23T18:46:29Z" changeset="29051163" uid="91490" user="Heinz_V"/>
  <node id="3368720811" lat="29.6048648" lon="78.2600141" version="1" timestamp="2015-02-23T18:46:29Z" changeset="29051163" uid="91490" user="Heinz_V"/>
  <node id="3368720812" lat="29.6049506" lon="78.2597839" version="1" timestamp="2015-02-23T18:46:29Z" changeset="29051163" uid="91490" user="Heinz_V"/>
  <node id="3368720813" lat="29.6050936" lon="78.2594660" version="1" timestamp="2015-02-23T18:46:29Z" changeset="29051163" uid="91490" user="Heinz_V"/>
  <node id="3368720814" lat="29.6058370" lon="78.2590275" version="1" timestamp="2015-02-23T18:46:30Z" changeset="29051163" uid="91490" user="Heinz_V"/>
  <node id="3368720815" lat="29.6066185" lon="78.2591262" version="1" timestamp="2015-02-23T18:46:30Z" changeset="29051163" uid="91490" user="Heinz_V"/>
  <node id="3368720816" lat="29.6071045" lon="78.2591591" version="1" timestamp="2015-02-23T18:46:30Z" changeset="29051163" uid="91490" user="Heinz_V"/>
  <node id="3368720817" lat="29.6072284" lon="78.2611102" version="1" timestamp="2015-02-23T18:46:30Z" changeset="29051163" uid="91490" user="Heinz_V"/>
  <node id="3368720818" lat="29.6072761" lon="78.2617131" version="1" timestamp="2015-02-23T18:46:30Z" changeset="29051163" uid="91490" user="Heinz_V"/>
  <node id="3368720819" lat="29.6075524" lon="78.2622283" version="1" timestamp="2015-02-23T18:46:30Z" changeset="29051163" uid="91490" user="Heinz_V"/>
  <node id="3368720820" lat="29.6075810" lon="78.2590385" version="1" timestamp="2015-02-23T18:46:30Z" changeset="29051163" uid="91490" user="Heinz_V"/>
  <node id="3368720821" lat="29.6078384" lon="78.2623818" version="1" timestamp="2015-02-23T18:46:30Z" changeset="29051163" uid="91490" user="Heinz_V"/>
  <node id="3368720822" lat="29.6080385" lon="78.2604087" version="1" timestamp="2015-02-23T18:46:30Z" changeset="29051163" uid="91490" user="Heinz_V"/>
  <node id="3368720823" lat="29.6080480" lon="78.2589617" version="1" timestamp="2015-02-23T18:46:30Z" changeset="29051163" uid="91490" user="Heinz_V"/>
  <node id="3368720824" lat="29.6082672" lon="78.2599373" version="1" timestamp="2015-02-23T18:46:30Z" changeset="29051163" uid="91490" user="Heinz_V"/>
  <node id="3368720825" lat="29.6084007" lon="78.2591700" version="1" timestamp="2015-02-23T18:46:30Z" changeset="29051163" uid="91490" user="Heinz_V"/>
  <node id="3368720826" lat="29.6084578" lon="78.2595756" version="1" timestamp="2015-02-23T18:46:30Z" changeset="29051163" uid="91490" user="Heinz_V"/>
  <node id="3368720827" lat="29.6091345" lon="78.2625353" version="1" timestamp="2015-02-23T18:46:30Z" changeset="29051163" uid="91490" user="Heinz_V"/>
  <node id="3368720828" lat="29.6108499" lon="78.2628860" version="1" timestamp="2015-02-23T18:46:30Z" changeset="29051163" uid="91490" user="Heinz_V"/>
  <node id="3368720829" lat="29.6115933" lon="78.2630724" version="1" timestamp="2015-02-23T18:46:30Z" changeset="29051163" uid="91490" user="Heinz_V"/>
  <node id="3368720830" lat="29.6122699" lon="78.2631820" version="1" timestamp="2015-02-23T18:46:30Z" changeset="29051163" uid="91490" user="Heinz_V"/>
  <node id="3368720831" lat="29.6127369" lon="78.2632697" version="1" timestamp="2015-02-23T18:46:30Z" changeset="29051163" uid="91490" user="Heinz_V"/>
  <node id="3368720832" lat="29.6128323" lon="78.3196416" version="1" timestamp="2015-02-23T18:46:30Z" changeset="29051163" uid="91490" user="Heinz_V"/>
  <node id="3368720833" lat="29.6128847" lon="78.3191209" version="1" timestamp="2015-02-23T18:46:30Z" changeset="29051163" uid="91490" user="Heinz_V"/>
  <node id="3368720834" lat="29.6128990" lon="78.3210228" version="1" timestamp="2015-02-23T18:46:30Z" changeset="29051163" uid="91490" user="Heinz_V"/>
  <node id="3368720835" lat="29.6131515" lon="78.3180741" version="1" timestamp="2015-02-23T18:46:30Z" changeset="29051163" uid="91490" user="Heinz_V"/>
  <node id="3368720836" lat="29.6131658" lon="78.3218394" version="1" timestamp="2015-02-23T18:46:30Z" changeset="29051163" uid="91490" user="Heinz_V"/>
  <node id="3368720837" lat="29.6133277" lon="78.2634231" version="1" timestamp="2015-02-23T18:46:30Z" changeset="29051163" uid="91490" user="Heinz_V"/>
  <node id="3368720838" lat="29.6137424" lon="78.3228589" version="1" timestamp="2015-02-23T18:46:30Z" changeset="29051163" uid="91490" user="Heinz_V"/>
  <node id="3368720839" lat="29.6139997" lon="78.3161777" version="1" timestamp="2015-02-23T18:46:30Z" changeset="29051163" uid="91490" user="Heinz_V"/>
  <node id="3368720840" lat="29.6141569" lon="78.3158708" version="1" timestamp="2015-02-23T18:46:30Z" changeset="29051163" uid="91490" user="Heinz_V"/>
  <node id="3368720841" lat="29.6143475" lon="78.3241524" version="1" timestamp="2015-02-23T18:46:30Z" changeset="29051163" uid="91490" user="Heinz_V"/>
  <node id="3368720842" lat="29.6144046" lon="78.2644097" version="1" timestamp="2015-02-23T18:46:30Z" changeset="29051163" uid="91490" user="Heinz_V"/>
  <node id="3368720843" lat="29.6145143" lon="78.3153063" version="1" timestamp="2015-02-23T18:46:30Z" changeset="29051163" uid="91490" user="Heinz_V"/>
  <node id="3368720844" lat="29.6145953" lon="78.3147198" version="1" timestamp="2015-02-23T18:46:30Z" changeset="29051163" uid="91490" user="Heinz_V"/>
  <node id="3368720845" lat="29.6147764" lon="78.3140402" version="1" timestamp="2015-02-23T18:46:30Z" changeset="29051163" uid="91490" user="Heinz_V"/>
  <node id="3368720846" lat="29.6149179" lon="78.3069246" version="1" timestamp="2015-02-23T18:46:30Z" changeset="29051163" uid="91490" user="Heinz_V"/>
  <node id="3368720847" lat="29.6149738" lon="78.3253877" version="1" timestamp="2015-02-23T18:46:30Z" changeset="29051163" uid="91490" user="Heinz_V"/>
  <node id="3368720848" lat="29.6150122" lon="78.3072811" version="1" timestamp="2015-02-23T18:46:30Z" changeset="29051163" uid="91490" user="Heinz_V"/>
  <node id="3368720849" lat="29.6150182" lon="78.2979710" version="1" timestamp="2015-02-23T18:46:30Z" changeset="29051163" uid="91490" user="Heinz_V"/>
  <node id="3368720850" lat="29.6150515" lon="78.2971105" version="1" timestamp="2015-02-23T18:46:30Z" changeset="29051163" uid="91490" user="Heinz_V"/>
  <node id="3368720851" lat="29.6151537" lon="78.3076919" version="1" timestamp="2015-02-23T18:46:30Z" changeset="29051163" uid="91490" user="Heinz_V"/>
  <node id="3368720852" lat="29.6151671" lon="78.3131907" version="1" timestamp="2015-02-23T18:46:30Z" changeset="29051163" uid="91490" user="Heinz_V"/>
  <node id="3368720853" lat="29.6151945" lon="78.2959925" version="1" timestamp="2015-02-23T18:46:30Z" changeset="29051163" uid="91490" user="Heinz_V"/>
  <node id="3368720854" lat="29.6151975" lon="78.3080717" version="1" timestamp="2015-02-23T18:46:30Z" changeset="29051163" uid="91490" user="Heinz_V"/>
  <node id="3368720855" lat="29.6153469" lon="78.2986671" version="1" timestamp="2015-02-23T18:46:30Z" changeset="29051163" uid="91490" user="Heinz_V"/>
  <node id="3368720856" lat="29.6154327" lon="78.2955869" version="1" timestamp="2015-02-23T18:46:30Z" changeset="29051163" uid="91490" user="Heinz_V"/>
  <node id="3368720857" lat="29.6154719" lon="78.2669090" version="1" timestamp="2015-02-23T18:46:30Z" changeset="29051163" uid="91490" user="Heinz_V"/>
  <node id="3368720858" lat="29.6155196" lon="78.2673474" version="1" timestamp="2015-02-23T18:46:30Z" changeset="29051163" uid="91490" user="Heinz_V"/>
  <node id="3368720859" lat="29.6155340" lon="78.3108284" version="1" timestamp="2015-02-23T18:46:30Z" changeset="29051163" uid="91490" user="Heinz_V"/>
  <node id="3368720860" lat="29.6155614" lon="78.3084438" version="1" timestamp="2015-02-23T18:46:30Z" changeset="29051163" uid="91490" user="Heinz_V"/>
  <node id="3368720861" lat="29.6155626" lon="78.3104667" version="1" timestamp="2015-02-23T18:46:30Z" changeset="29051163" uid="91490" user="Heinz_V"/>
  <node id="3368720862" lat="29.6155959" lon="78.3113272" version="1" timestamp="2015-02-23T18:46:30Z" changeset="29051163" uid="91490" user="Heinz_V"/>
  <node id="3368720863" lat="29.6156007" lon="78.3117931" version="1" timestamp="2015-02-23T18:46:30Z" changeset="29051163" uid="91490" user="Heinz_V"/>
  <node id="3368720864" lat="29.6156625" lon="78.2678188" version="1" timestamp="2015-02-23T18:46:30Z" changeset="29051163" uid="91490" user="Heinz_V"/>
  <node id="3368720865" lat="29.6156911" lon="78.2649687" version="1" timestamp="2015-02-23T18:46:30Z" changeset="29051163" uid="91490" user="Heinz_V"/>
  <node id="3368720866" lat="29.6158175" lon="78.3083081" version="1" timestamp="2015-02-23T18:46:30Z" changeset="29051163" uid="91490" user="Heinz_V"/>
  <node id="3368720867" lat="29.6159056" lon="78.3101762" version="1" timestamp="2015-02-23T18:46:30Z" changeset="29051163" uid="91490" user="Heinz_V"/>
  <node id="3368720868" lat="29.6159182" lon="78.2951715" version="1" timestamp="2015-02-23T18:46:30Z" changeset="29051163" uid="91490" user="Heinz_V"/>
  <node id="3368720869" lat="29.6160056" lon="78.2653963" version="1" timestamp="2015-02-23T18:46:30Z" changeset="29051163" uid="91490" user="Heinz_V"/>
  <node id="3368720870" lat="29.6160062" lon="78.3081337" version="1" timestamp="2015-02-23T18:46:30Z" changeset="29051163" uid="91490" user="Heinz_V"/>
  <node id="3368720871" lat="29.6160342" lon="78.2660978" version="1" timestamp="2015-02-23T18:46:30Z" changeset="29051163" uid="91490" user="Heinz_V"/>
  <node id="3368720872" lat="29.6160870" lon="78.3269083" version="1" timestamp="2015-02-23T18:46:30Z" changeset="29051163" uid="91490" user="Heinz_V"/>
  <node id="3368720873" lat="29.6162217" lon="78.2990343" version="1" timestamp="2015-02-23T18:46:30Z" changeset="29051163" uid="91490" user="Heinz_V"/>
  <node id="3368720874" lat="29.6162484" lon="78.2951793" version="1" timestamp="2015-02-23T18:46:30Z" changeset="29051163" uid="91490" user="Heinz_V"/>
  <node id="3368720875" lat="29.6151025" lon="78.3059841" version="2" timestamp="2018-09-16T17:08:56Z" changeset="62641119" uid="7590183" user="lskdjf"/>
  <node id="3368720876" lat="29.6162656" lon="78.3080679" version="1" timestamp="2015-02-23T18:46:30Z" changeset="29051163" uid="91490" user="Heinz_V"/>
  <node id="3368720877" lat="29.6164249" lon="78.2683559" version="1" timestamp="2015-02-23T18:46:30Z" changeset="29051163" uid="91490" user="Heinz_V"/>
  <node id="3368720878" lat="29.6164790" lon="78.3037917" version="1" timestamp="2015-02-23T18:46:30Z" changeset="29051163" uid="91490" user="Heinz_V"/>
  <node id="3368720879" lat="29.6164812" lon="78.3083353" version="1" timestamp="2015-02-23T18:46:31Z" changeset="29051163" uid="91490" user="Heinz_V"/>
  <node id="3368720880" lat="29.6165869" lon="78.2720171" version="1" timestamp="2015-02-23T18:46:31Z" changeset="29051163" uid="91490" user="Heinz_V"/>
  <node id="3368720881" lat="29.6158178" lon="78.3053447" version="2" timestamp="2018-09-16T17:08:56Z" changeset="62641119" uid="7590183" user="lskdjf"/>
  <node id="3368720882" lat="29.6166261" lon="78.3086259" version="1" timestamp="2015-02-23T18:46:31Z" changeset="29051163" uid="91490" user="Heinz_V"/>
  <node id="3368720883" lat="29.6161818" lon="78.3047107" version="2" timestamp="2018-09-16T17:08:56Z" changeset="62641119" uid="7590183" user="lskdjf"/>
  <node id="3368720884" lat="29.6167012" lon="78.2728064" version="1" timestamp="2015-02-23T18:46:31Z" changeset="29051163" uid="91490" user="Heinz_V"/>
  <node id="3368720885" lat="29.6167347" lon="78.3093102" version="1" timestamp="2015-02-23T18:46:31Z" changeset="29051163" uid="91490" user="Heinz_V"/>
  <node id="3368720886" lat="29.6167775" lon="78.2756345" version="1" timestamp="2015-02-23T18:46:31Z" changeset="29051163" uid="91490" user="Heinz_V"/>
  <node id="3368720887" lat="29.6168010" lon="78.2953653" version="1" timestamp="2015-02-23T18:46:31Z" changeset="29051163" uid="91490" user="Heinz_V"/>
  <node id="3368720888" lat="29.6168156" lon="78.2690136" version="1" timestamp="2015-02-23T18:46:31Z" changeset="29051163" uid="91490" user="Heinz_V"/>
  <node id="3368720889" lat="29.6168537" lon="78.2708990" version="1" timestamp="2015-02-23T18:46:31Z" changeset="29051163" uid="91490" user="Heinz_V"/>
  <node id="3368720890" lat="29.6168936" lon="78.3295302" version="1" timestamp="2015-02-23T18:46:31Z" changeset="29051163" uid="91490" user="Heinz_V"/>
  <node id="3368720891" lat="29.6169109" lon="78.2770924" version="1" timestamp="2015-02-23T18:46:31Z" changeset="29051163" uid="91490" user="Heinz_V"/>
  <node id="3368720892" lat="29.6169299" lon="78.2750425" version="1" timestamp="2015-02-23T18:46:31Z" changeset="29051163" uid="91490" user="Heinz_V"/>
  <node id="3368721193" lat="29.6169585" lon="78.2706359" version="1" timestamp="2015-02-23T18:46:31Z" changeset="29051163" uid="91490" user="Heinz_V"/>
  <node id="3368721194" lat="29.6169964" lon="78.2952025" version="1" timestamp="2015-02-23T18:46:31Z" changeset="29051163" uid="91490" user="Heinz_V"/>
  <node id="3368721195" lat="29.6170252" lon="78.2696932" version="1" timestamp="2015-02-23T18:46:31Z" changeset="29051163" uid="91490" user="Heinz_V"/>
  <node id="3368721196" lat="29.6170889" lon="78.3020378" version="1" timestamp="2015-02-23T18:46:31Z" changeset="29051163" uid="91490" user="Heinz_V"/>
  <node id="3368721197" lat="29.6171175" lon="78.2988151" version="1" timestamp="2015-02-23T18:46:31Z" changeset="29051163" uid="91490" user="Heinz_V"/>
  <node id="3368721198" lat="29.6172635" lon="78.2774541" version="1" timestamp="2015-02-23T18:46:31Z" changeset="29051163" uid="91490" user="Heinz_V"/>
  <node id="3368721199" lat="29.6172890" lon="78.3014240" version="1" timestamp="2015-02-23T18:46:31Z" changeset="29051163" uid="91490" user="Heinz_V"/>
  <node id="3368721200" lat="29.6174224" lon="78.3329037" version="1" timestamp="2015-02-23T18:46:31Z" changeset="29051163" uid="91490" user="Heinz_V"/>
  <node id="3368721201" lat="29.6174502" lon="78.3310469" version="1" timestamp="2015-02-23T18:46:31Z" changeset="29051163" uid="91490" user="Heinz_V"/>
  <node id="3368721202" lat="29.6174572" lon="78.2936225" version="1" timestamp="2015-02-23T18:46:31Z" changeset="29051163" uid="91490" user="Heinz_V"/>
  <node id="3368721203" lat="29.6174572" lon="78.3335560" version="1" timestamp="2015-02-23T18:46:31Z" changeset="29051163" uid="91490" user="Heinz_V"/>
  <node id="3368721204" lat="29.6175082" lon="78.3006567" version="1" timestamp="2015-02-23T18:46:31Z" changeset="29051163" uid="91490" user="Heinz_V"/>
  <node id="3368721205" lat="29.6175163" lon="78.3337961" version="1" timestamp="2015-02-23T18:46:31Z" changeset="29051163" uid="91490" user="Heinz_V"/>
  <node id="3368721206" lat="29.6175303" lon="78.2738587" version="1" timestamp="2015-02-23T18:46:31Z" changeset="29051163" uid="91490" user="Heinz_V"/>
  <node id="3368721207" lat="29.6175558" lon="78.2992645" version="1" timestamp="2015-02-23T18:46:31Z" changeset="29051163" uid="91490" user="Heinz_V"/>
  <node id="3368721208" lat="29.6175650" lon="78.3318592" version="1" timestamp="2015-02-23T18:46:31Z" changeset="29051163" uid="91490" user="Heinz_V"/>
  <node id="3368721209" lat="29.6175780" lon="78.2776624" version="1" timestamp="2015-02-23T18:46:31Z" changeset="29051163" uid="91490" user="Heinz_V"/>
  <node id="3368721210" lat="29.6176668" lon="78.2934032" version="1" timestamp="2015-02-23T18:46:31Z" changeset="29051163" uid="91490" user="Heinz_V"/>
  <node id="3368721211" lat="29.6178607" lon="78.3349046" version="1" timestamp="2015-02-23T18:46:31Z" changeset="29051163" uid="91490" user="Heinz_V"/>
  <node id="3368721212" lat="29.6182552" lon="78.3349174" version="3" timestamp="2021-01-14T16:56:56Z" changeset="97507299" uid="1306" user="PlaneMad"/>
  <node id="3368721213" lat="29.6184261" lon="78.2779474" version="1" timestamp="2015-02-23T18:46:31Z" changeset="29051163" uid="91490" user="Heinz_V"/>
  <node id="3368721214" lat="29.6185531" lon="78.2928113" version="1" timestamp="2015-02-23T18:46:31Z" changeset="29051163" uid="91490" user="Heinz_V"/>
  <node id="3368721215" lat="29.6188389" lon="78.2928113" version="1" timestamp="2015-02-23T18:46:31Z" changeset="29051163" uid="91490" user="Heinz_V"/>
  <node id="3368721216" lat="29.6197568" lon="78.3348691" version="3" timestamp="2021-01-14T16:56:56Z" changeset="97507299" uid="1306" user="PlaneMad"/>
  <node id="3368721217" lat="29.6190836" lon="78.2774870" version="1" timestamp="2015-02-23T18:46:31Z" changeset="29051163" uid="91490" user="Heinz_V"/>
  <node id="3368721218" lat="29.6192106" lon="78.2928442" version="1" timestamp="2015-02-23T18:46:31Z" changeset="29051163" uid="91490" user="Heinz_V"/>
  <node id="3368721219" lat="29.6198501" lon="78.3364463" version="2" timestamp="2021-01-14T16:56:56Z" changeset="97507299" uid="1306" user="PlaneMad"/>
  <node id="3368721220" lat="29.6195936" lon="78.3367950" version="2" timestamp="2021-01-14T16:56:56Z" changeset="97507299" uid="1306" user="PlaneMad"/>
  <node id="3368721221" lat="29.6197030" lon="78.2766539" version="1" timestamp="2015-02-23T18:46:31Z" changeset="29051163" uid="91490" user="Heinz_V"/>
  <node id="3368721222" lat="29.6198205" lon="78.2931731" version="1" timestamp="2015-02-23T18:46:31Z" changeset="29051163" uid="91490" user="Heinz_V"/>
  <node id="3368721223" lat="29.6201699" lon="78.2765443" version="1" timestamp="2015-02-23T18:46:31Z" changeset="29051163" uid="91490" user="Heinz_V"/>
  <node id="3368721226" lat="29.6207482" lon="78.3389984" version="1" timestamp="2015-02-23T18:46:31Z" changeset="29051163" uid="91490" user="Heinz_V"/>
  <node id="3368721227" lat="29.6209359" lon="78.2769096" version="1" timestamp="2015-02-23T18:46:31Z" changeset="29051163" uid="91490" user="Heinz_V"/>
  <node id="3368721228" lat="29.6209638" lon="78.3390184" version="1" timestamp="2015-02-23T18:46:31Z" changeset="29051163" uid="91490" user="Heinz_V"/>
  <node id="3368721229" lat="29.6212561" lon="78.3390344" version="1" timestamp="2015-02-23T18:46:31Z" changeset="29051163" uid="91490" user="Heinz_V"/>
  <node id="3368721230" lat="29.6212980" lon="78.2780770" version="1" timestamp="2015-02-23T18:46:31Z" changeset="29051163" uid="91490" user="Heinz_V"/>
  <node id="3368721231" lat="29.6215970" lon="78.3389904" version="1" timestamp="2015-02-23T18:46:31Z" changeset="29051163" uid="91490" user="Heinz_V"/>
  <node id="3368721232" lat="29.6216220" lon="78.2791677" version="1" timestamp="2015-02-23T18:46:32Z" changeset="29051163" uid="91490" user="Heinz_V"/>
  <node id="3368721233" lat="29.6220651" lon="78.2795678" version="1" timestamp="2015-02-23T18:46:32Z" changeset="29051163" uid="91490" user="Heinz_V"/>
  <node id="3368721234" lat="29.6220910" lon="78.3435524" version="1" timestamp="2015-02-23T18:46:32Z" changeset="29051163" uid="91490" user="Heinz_V"/>
  <node id="3368721235" lat="29.6221188" lon="78.3429082" version="1" timestamp="2015-02-23T18:46:32Z" changeset="29051163" uid="91490" user="Heinz_V"/>
  <node id="3368721236" lat="29.6222614" lon="78.3437805" version="1" timestamp="2015-02-23T18:46:32Z" changeset="29051163" uid="91490" user="Heinz_V"/>
  <node id="3368721237" lat="29.6222858" lon="78.3426520" version="1" timestamp="2015-02-23T18:46:32Z" changeset="29051163" uid="91490" user="Heinz_V"/>
  <node id="3368721238" lat="29.6224898" lon="78.2943295" version="1" timestamp="2015-02-23T18:46:32Z" changeset="29051163" uid="91490" user="Heinz_V"/>
  <node id="3368721239" lat="29.6224980" lon="78.3438806" version="1" timestamp="2015-02-23T18:46:32Z" changeset="29051163" uid="91490" user="Heinz_V"/>
  <node id="3368721240" lat="29.6225293" lon="78.3420118" version="1" timestamp="2015-02-23T18:46:32Z" changeset="29051163" uid="91490" user="Heinz_V"/>
  <node id="3368721241" lat="29.6226035" lon="78.2798637" version="1" timestamp="2015-02-23T18:46:32Z" changeset="29051163" uid="91490" user="Heinz_V"/>
  <node id="3368721242" lat="29.6226650" lon="78.3392065" version="1" timestamp="2015-02-23T18:46:32Z" changeset="29051163" uid="91490" user="Heinz_V"/>
  <node id="3368721243" lat="29.6228563" lon="78.3439086" version="1" timestamp="2015-02-23T18:46:32Z" changeset="29051163" uid="91490" user="Heinz_V"/>
  <node id="3368721244" lat="29.6228807" lon="78.3416076" version="1" timestamp="2015-02-23T18:46:32Z" changeset="29051163" uid="91490" user="Heinz_V"/>
  <node id="3368721245" lat="29.6231568" lon="78.2946912" version="1" timestamp="2015-02-23T18:46:32Z" changeset="29051163" uid="91490" user="Heinz_V"/>
  <node id="3368721246" lat="29.6234581" lon="78.3393786" version="1" timestamp="2015-02-23T18:46:32Z" changeset="29051163" uid="91490" user="Heinz_V"/>
  <node id="3368721247" lat="29.6235590" lon="78.3438926" version="1" timestamp="2015-02-23T18:46:32Z" changeset="29051163" uid="91490" user="Heinz_V"/>
  <node id="3368721248" lat="29.6236147" lon="78.3413515" version="1" timestamp="2015-02-23T18:46:32Z" changeset="29051163" uid="91490" user="Heinz_V"/>
  <node id="3368721249" lat="29.6237422" lon="78.2797432" version="1" timestamp="2015-02-23T18:46:32Z" changeset="29051163" uid="91490" user="Heinz_V"/>
  <node id="3368721250" lat="29.6237677" lon="78.3394866" version="1" timestamp="2015-02-23T18:46:32Z" changeset="29051163" uid="91490" user="Heinz_V"/>
  <node id="3368721251" lat="29.6237677" lon="78.3412594" version="1" timestamp="2015-02-23T18:46:32Z" changeset="29051163" uid="91490" user="Heinz_V"/>
  <node id="3368721252" lat="29.6239347" lon="78.3410633" version="1" timestamp="2015-02-23T18:46:32Z" changeset="29051163" uid="91490" user="Heinz_V"/>
  <node id="3368721253" lat="29.6239973" lon="78.3397668" version="1" timestamp="2015-02-23T18:46:32Z" changeset="29051163" uid="91490" user="Heinz_V"/>
  <node id="3368721254" lat="29.6240565" lon="78.3399949" version="1" timestamp="2015-02-23T18:46:32Z" changeset="29051163" uid="91490" user="Heinz_V"/>
  <node id="3368721255" lat="29.6240669" lon="78.3402830" version="1" timestamp="2015-02-23T18:46:32Z" changeset="29051163" uid="91490" user="Heinz_V"/>
  <node id="3368721256" lat="29.6242377" lon="78.2795075" version="1" timestamp="2015-02-23T18:46:32Z" changeset="29051163" uid="91490" user="Heinz_V"/>
  <node id="3368721257" lat="29.6242907" lon="78.2946584" version="1" timestamp="2015-02-23T18:46:32Z" changeset="29051163" uid="91490" user="Heinz_V"/>
  <node id="3368721258" lat="29.6246427" lon="78.2792718" version="1" timestamp="2015-02-23T18:46:32Z" changeset="29051163" uid="91490" user="Heinz_V"/>
  <node id="3368721259" lat="29.6247970" lon="78.3446788" version="1" timestamp="2015-02-23T18:46:32Z" changeset="29051163" uid="91490" user="Heinz_V"/>
  <node id="3368721260" lat="29.6248339" lon="78.2942637" version="1" timestamp="2015-02-23T18:46:32Z" changeset="29051163" uid="91490" user="Heinz_V"/>
  <node id="3368721261" lat="29.6248903" lon="78.3487841" version="1" timestamp="2015-02-23T18:46:32Z" changeset="29051163" uid="91490" user="Heinz_V"/>
  <node id="3368721262" lat="29.6249619" lon="78.2791567" version="1" timestamp="2015-02-23T18:46:32Z" changeset="29051163" uid="91490" user="Heinz_V"/>
  <node id="3368721263" lat="29.6249738" lon="78.3494604" version="1" timestamp="2015-02-23T18:46:32Z" changeset="29051163" uid="91490" user="Heinz_V"/>
  <node id="3368721264" lat="29.6250538" lon="78.3484360" version="1" timestamp="2015-02-23T18:46:32Z" changeset="29051163" uid="91490" user="Heinz_V"/>
  <node id="3368721265" lat="29.6251950" lon="78.3508722" version="1" timestamp="2015-02-23T18:46:32Z" changeset="29051163" uid="91490" user="Heinz_V"/>
  <node id="3368721266" lat="29.6252001" lon="78.2789101" version="1" timestamp="2015-02-23T18:46:32Z" changeset="29051163" uid="91490" user="Heinz_V"/>
  <node id="3368721267" lat="29.6253426" lon="78.3479197" version="1" timestamp="2015-02-23T18:46:32Z" changeset="29051163" uid="91490" user="Heinz_V"/>
  <node id="3368721268" lat="29.6253953" lon="78.3463035" version="1" timestamp="2015-02-23T18:46:32Z" changeset="29051163" uid="91490" user="Heinz_V"/>
  <node id="3368721269" lat="29.6254261" lon="78.3498446" version="1" timestamp="2015-02-23T18:46:32Z" changeset="29051163" uid="91490" user="Heinz_V"/>
  <node id="3368721270" lat="29.6254301" lon="78.3447108" version="1" timestamp="2015-02-23T18:46:32Z" changeset="29051163" uid="91490" user="Heinz_V"/>
  <node id="3368721271" lat="29.6254469" lon="78.3473435" version="1" timestamp="2015-02-23T18:46:32Z" changeset="29051163" uid="91490" user="Heinz_V"/>
  <node id="3368721272" lat="29.6254643" lon="78.3509491" version="1" timestamp="2015-02-23T18:46:32Z" changeset="29051163" uid="91490" user="Heinz_V"/>
  <node id="3368721273" lat="29.6255553" lon="78.3459434" version="1" timestamp="2015-02-23T18:46:32Z" changeset="29051163" uid="91490" user="Heinz_V"/>
  <node id="3368721274" lat="29.6255946" lon="78.2932641" version="1" timestamp="2015-02-23T18:46:32Z" changeset="29051163" uid="91490" user="Heinz_V"/>
  <node id="3368721275" lat="29.6257051" lon="78.2776824" version="1" timestamp="2015-02-23T18:46:32Z" changeset="29051163" uid="91490" user="Heinz_V"/>
  <node id="3368721276" lat="29.6257051" lon="78.2785319" version="1" timestamp="2015-02-23T18:46:32Z" changeset="29051163" uid="91490" user="Heinz_V"/>
  <node id="3368721277" lat="29.6257501" lon="78.3448389" version="1" timestamp="2015-02-23T18:46:32Z" changeset="29051163" uid="91490" user="Heinz_V"/>
  <node id="3368721278" lat="29.6257528" lon="78.2774138" version="1" timestamp="2015-02-23T18:46:32Z" changeset="29051163" uid="91490" user="Heinz_V"/>
  <node id="3368721279" lat="29.6257571" lon="78.3456072" version="1" timestamp="2015-02-23T18:46:32Z" changeset="29051163" uid="91490" user="Heinz_V"/>
  <node id="3368721280" lat="29.6257766" lon="78.2782140" version="1" timestamp="2015-02-23T18:46:32Z" changeset="29051163" uid="91490" user="Heinz_V"/>
  <node id="3368721281" lat="29.6258197" lon="78.3451190" version="1" timestamp="2015-02-23T18:46:32Z" changeset="29051163" uid="91490" user="Heinz_V"/>
  <node id="3368721282" lat="29.6258304" lon="78.2845751" version="1" timestamp="2015-02-23T18:46:32Z" changeset="29051163" uid="91490" user="Heinz_V"/>
  <node id="3368721283" lat="29.6258480" lon="78.2771562" version="1" timestamp="2015-02-23T18:46:32Z" changeset="29051163" uid="91490" user="Heinz_V"/>
  <node id="3368721284" lat="29.6258507" lon="78.2837303" version="1" timestamp="2015-02-23T18:46:32Z" changeset="29051163" uid="91490" user="Heinz_V"/>
  <node id="3368721285" lat="29.6258574" lon="78.3509971" version="1" timestamp="2015-02-23T18:46:32Z" changeset="29051163" uid="91490" user="Heinz_V"/>
  <node id="3368721286" lat="29.6260453" lon="78.3498766" version="1" timestamp="2015-02-23T18:46:32Z" changeset="29051163" uid="91490" user="Heinz_V"/>
  <node id="3368721287" lat="29.6260958" lon="78.2769534" version="1" timestamp="2015-02-23T18:46:32Z" changeset="29051163" uid="91490" user="Heinz_V"/>
  <node id="3368721288" lat="29.6261983" lon="78.3499486" version="1" timestamp="2015-02-23T18:46:32Z" changeset="29051163" uid="91490" user="Heinz_V"/>
  <node id="3368721289" lat="29.6263027" lon="78.3500487" version="1" timestamp="2015-02-23T18:46:32Z" changeset="29051163" uid="91490" user="Heinz_V"/>
  <node id="3368721290" lat="29.6264105" lon="78.3507770" version="1" timestamp="2015-02-23T18:46:32Z" changeset="29051163" uid="91490" user="Heinz_V"/>
  <node id="3368721291" lat="29.6264436" lon="78.2846682" version="1" timestamp="2015-02-23T18:46:32Z" changeset="29051163" uid="91490" user="Heinz_V"/>
  <node id="3368721292" lat="29.6264769" lon="78.2769150" version="1" timestamp="2015-02-23T18:46:32Z" changeset="29051163" uid="91490" user="Heinz_V"/>
  <node id="3368721393" lat="29.6265114" lon="78.3504649" version="1" timestamp="2015-02-23T18:46:32Z" changeset="29051163" uid="91490" user="Heinz_V"/>
  <node id="3368721394" lat="29.6268074" lon="78.2845751" version="1" timestamp="2015-02-23T18:46:33Z" changeset="29051163" uid="91490" user="Heinz_V"/>
  <node id="3368721395" lat="29.6270365" lon="78.2922642" version="1" timestamp="2015-02-23T18:46:33Z" changeset="29051163" uid="91490" user="Heinz_V"/>
  <node id="3368721396" lat="29.6270500" lon="78.2845984" version="1" timestamp="2015-02-23T18:46:33Z" changeset="29051163" uid="91490" user="Heinz_V"/>
  <node id="3368721397" lat="29.6270868" lon="78.2774302" version="1" timestamp="2015-02-23T18:46:33Z" changeset="29051163" uid="91490" user="Heinz_V"/>
  <node id="3368721398" lat="29.6271869" lon="78.2917330" version="2" timestamp="2018-09-16T18:31:29Z" changeset="62643219" uid="7590183" user="lskdjf"/>
  <node id="3368721399" lat="29.6274610" lon="78.2847689" version="1" timestamp="2015-02-23T18:46:33Z" changeset="29051163" uid="91490" user="Heinz_V"/>
  <node id="3368721400" lat="29.6275203" lon="78.2779180" version="1" timestamp="2015-02-23T18:46:33Z" changeset="29051163" uid="91490" user="Heinz_V"/>
  <node id="3368721401" lat="29.6275394" lon="78.2800117" version="1" timestamp="2015-02-23T18:46:33Z" changeset="29051163" uid="91490" user="Heinz_V"/>
  <node id="3368721402" lat="29.6272279" lon="78.2913401" version="2" timestamp="2018-09-16T18:31:29Z" changeset="62643219" uid="7590183" user="lskdjf"/>
  <node id="3368721403" lat="29.6276204" lon="78.2785922" version="1" timestamp="2015-02-23T18:46:33Z" changeset="29051163" uid="91490" user="Heinz_V"/>
  <node id="3368721404" lat="29.6277237" lon="78.2905590" version="1" timestamp="2015-02-23T18:46:33Z" changeset="29051163" uid="91490" user="Heinz_V"/>
  <node id="3368721405" lat="29.6287475" lon="78.2909131" version="2" timestamp="2018-09-16T18:31:29Z" changeset="62643219" uid="7590183" user="lskdjf"/>
  <node id="3368721407" lat="29.6294201" lon="78.2900622" version="2" timestamp="2018-09-16T18:31:29Z" changeset="62643219" uid="7590183" user="lskdjf"/>
  <node id="3368721408" lat="29.6282291" lon="78.2856758" version="1" timestamp="2015-02-23T18:46:33Z" changeset="29051163" uid="91490" user="Heinz_V"/>
  <node id="3368721413" lat="29.6292262" lon="78.2891715" version="1" timestamp="2015-02-23T18:46:33Z" changeset="29051163" uid="91490" user="Heinz_V"/>
  <node id="3368721414" lat="29.6292532" lon="78.2875516" version="1" timestamp="2015-02-23T18:46:33Z" changeset="29051163" uid="91490" user="Heinz_V"/>
  <node id="3368721416" lat="29.6292382" lon="78.2886803" version="2" timestamp="2018-09-16T18:31:29Z" changeset="62643219" uid="7590183" user="lskdjf"/>
  <node id="4502191467" lat="29.5837499" lon="78.1992862" version="1" timestamp="2016-11-15T10:29:14Z" changeset="43666515" uid="439726" user="chandusekharreddy"/>
  <node id="4502191468" lat="29.5833138" lon="78.1990179" version="1" timestamp="2016-11-15T10:29:14Z" changeset="43666515" uid="439726" user="chandusekharreddy"/>
  <node id="4502191469" lat="29.5832554" lon="78.1983152" version="1" timestamp="2016-11-15T10:29:14Z" changeset="43666515" uid="439726" user="chandusekharreddy"/>
  <node id="4502191470" lat="29.5834421" lon="78.1979746" version="1" timestamp="2016-11-15T10:29:14Z" changeset="43666515" uid="439726" user="chandusekharreddy"/>
  <node id="4502191471" lat="29.5831691" lon="78.1987390" version="1" timestamp="2016-11-15T10:29:14Z" changeset="43666515" uid="439726" user="chandusekharreddy"/>
  <node id="5166880637" lat="29.6179148" lon="78.3542803" version="2" timestamp="2018-09-16T19:56:55Z" changeset="62645177" uid="7590183" user="lskdjf"/>
  <node id="5166880638" lat="29.6178576" lon="78.3541662" version="2" timestamp="2018-09-16T19:56:55Z" changeset="62645177" uid="7590183" user="lskdjf"/>
  <node id="5166880650" lat="29.6166229" lon="78.3546799" version="2" timestamp="2019-04-12T11:15:32Z" changeset="69145675" uid="9304126" user="ejont"/>
  <node id="5166880651" lat="29.6165437" lon="78.3545660" version="2" timestamp="2019-04-12T11:15:32Z" changeset="69145675" uid="9304126" user="ejont"/>
  <node id="5166880654" lat="29.6163012" lon="78.3541864" version="1" timestamp="2017-10-14T06:39:37Z" changeset="52916785" uid="6652107" user="Favas007"/>
  <node id="5166880655" lat="29.6162452" lon="78.3540845" version="1" timestamp="2017-10-14T06:39:37Z" changeset="52916785" uid="6652107" user="Favas007"/>
  <node id="5166880656" lat="29.6161846" lon="78.3539772" version="1" timestamp="2017-10-14T06:39:37Z" changeset="52916785" uid="6652107" user="Favas007"/>
  <node id="5166880657" lat="29.6160960" lon="78.3538538" version="1" timestamp="2017-10-14T06:39:37Z" changeset="52916785" uid="6652107" user="Favas007"/>
  <node id="5166880658" lat="29.6160120" lon="78.3536875" version="1" timestamp="2017-10-14T06:39:37Z" changeset="52916785" uid="6652107" user="Favas007"/>
  <node id="5166880659" lat="29.6160167" lon="78.3535266" version="1" timestamp="2017-10-14T06:39:37Z" changeset="52916785" uid="6652107" user="Favas007"/>
  <node id="5166880660" lat="29.6160167" lon="78.3534461" version="1" timestamp="2017-10-14T06:39:37Z" changeset="52916785" uid="6652107" user="Favas007"/>
  <node id="5166880661" lat="29.6160213" lon="78.3532852" version="1" timestamp="2017-10-14T06:39:37Z" changeset="52916785" uid="6652107" user="Favas007"/>
  <node id="5166880662" lat="29.6159747" lon="78.3530974" version="1" timestamp="2017-10-14T06:39:37Z" changeset="52916785" uid="6652107" user="Favas007"/>
  <node id="5166880663" lat="29.6159234" lon="78.3529580" version="1" timestamp="2017-10-14T06:39:37Z" changeset="52916785" uid="6652107" user="Favas007"/>
  <node id="5166880664" lat="29.6158255" lon="78.3527648" version="1" timestamp="2017-10-14T06:39:37Z" changeset="52916785" uid="6652107" user="Favas007"/>
  <node id="5166880665" lat="29.6157602" lon="78.3526468" version="1" timestamp="2017-10-14T06:39:37Z" changeset="52916785" uid="6652107" user="Favas007"/>
  <node id="5166880666" lat="29.6156436" lon="78.3524966" version="1" timestamp="2017-10-14T06:39:37Z" changeset="52916785" uid="6652107" user="Favas007"/>
  <node id="5166880667" lat="29.6155550" lon="78.3523840" version="1" timestamp="2017-10-14T06:39:37Z" changeset="52916785" uid="6652107" user="Favas007"/>
  <node id="5166880668" lat="29.6154769" lon="78.3522619" version="2" timestamp="2018-09-16T19:56:56Z" changeset="62645177" uid="7590183" user="lskdjf"/>
  <node id="5166880669" lat="29.6153871" lon="78.3521318" version="1" timestamp="2017-10-14T06:39:37Z" changeset="52916785" uid="6652107" user="Favas007"/>
  <node id="5166880670" lat="29.6152892" lon="78.3519977" version="1" timestamp="2017-10-14T06:39:38Z" changeset="52916785" uid="6652107" user="Favas007"/>
  <node id="5166880671" lat="29.6151959" lon="78.3518422" version="1" timestamp="2017-10-14T06:39:38Z" changeset="52916785" uid="6652107" user="Favas007"/>
  <node id="5166880672" lat="29.6151026" lon="78.3516973" version="1" timestamp="2017-10-14T06:39:38Z" changeset="52916785" uid="6652107" user="Favas007"/>
  <node id="5166880674" lat="29.6149301" lon="78.3514237" version="1" timestamp="2017-10-14T06:39:38Z" changeset="52916785" uid="6652107" user="Favas007"/>
  <node id="5166880675" lat="29.6148275" lon="78.3512306" version="1" timestamp="2017-10-14T06:39:38Z" changeset="52916785" uid="6652107" user="Favas007"/>
  <node id="5166880676" lat="29.6147482" lon="78.3510214" version="1" timestamp="2017-10-14T06:39:38Z" changeset="52916785" uid="6652107" user="Favas007"/>
  <node id="5166880677" lat="29.6146829" lon="78.3508283" version="1" timestamp="2017-10-14T06:39:38Z" changeset="52916785" uid="6652107" user="Favas007"/>
  <node id="5166880678" lat="29.6146269" lon="78.3506727" version="1" timestamp="2017-10-14T06:39:38Z" changeset="52916785" uid="6652107" user="Favas007"/>
  <node id="5166880679" lat="29.6145710" lon="78.3504099" version="1" timestamp="2017-10-14T06:39:38Z" changeset="52916785" uid="6652107" user="Favas007"/>
  <node id="5166880680" lat="29.6145150" lon="78.3501309" version="1" timestamp="2017-10-14T06:39:38Z" changeset="52916785" uid="6652107" user="Favas007"/>
  <node id="5166880681" lat="29.6144450" lon="78.3499432" version="1" timestamp="2017-10-14T06:39:38Z" changeset="52916785" uid="6652107" user="Favas007"/>
  <node id="5166880682" lat="29.6143984" lon="78.3497608" version="1" timestamp="2017-10-14T06:39:38Z" changeset="52916785" uid="6652107" user="Favas007"/>
  <node id="5166880683" lat="29.6143005" lon="78.3496427" version="1" timestamp="2017-10-14T06:39:38Z" changeset="52916785" uid="6652107" user="Favas007"/>
  <node id="5166880684" lat="29.6142305" lon="78.3495355" version="1" timestamp="2017-10-14T06:39:38Z" changeset="52916785" uid="6652107" user="Favas007"/>
  <node id="5166880685" lat="29.6141232" lon="78.3493745" version="1" timestamp="2017-10-14T06:39:38Z" changeset="52916785" uid="6652107" user="Favas007"/>
  <node id="5166880686" lat="29.6140440" lon="78.3492029" version="1" timestamp="2017-10-14T06:39:38Z" changeset="52916785" uid="6652107" user="Favas007"/>
  <node id="5166880687" lat="29.6139693" lon="78.3490527" version="1" timestamp="2017-10-14T06:39:38Z" changeset="52916785" uid="6652107" user="Favas007"/>
  <node id="5166885220" lat="29.6171196" lon="78.3527219" version="1" timestamp="2017-10-14T06:44:43Z" changeset="52916857" uid="6652107" user="Favas007"/>
  <node id="5166885503" lat="29.6266305" lon="78.3590251" version="1" timestamp="2017-10-14T06:43:47Z" changeset="52916844" uid="6652107" user="Favas007"/>
  <node id="5166885504" lat="29.6265419" lon="78.3589017" version="1" timestamp="2017-10-14T06:43:47Z" changeset="52916844" uid="6652107" user="Favas007"/>
  <node id="5166885505" lat="29.6264486" lon="78.3588052" version="1" timestamp="2017-10-14T06:43:47Z" changeset="52916844" uid="6652107" user="Favas007"/>
  <node id="5166885506" lat="29.6263553" lon="78.3586818" version="1" timestamp="2017-10-14T06:43:47Z" changeset="52916844" uid="6652107" user="Favas007"/>
  <node id="5166885507" lat="29.6262761" lon="78.3585638" version="1" timestamp="2017-10-14T06:43:47Z" changeset="52916844" uid="6652107" user="Favas007"/>
  <node id="5166885508" lat="29.6261548" lon="78.3584189" version="1" timestamp="2017-10-14T06:43:47Z" changeset="52916844" uid="6652107" user="Favas007"/>
  <node id="5166885509" lat="29.6260429" lon="78.3582956" version="1" timestamp="2017-10-14T06:43:47Z" changeset="52916844" uid="6652107" user="Favas007"/>
  <node id="5166885510" lat="29.6259683" lon="78.3581614" version="1" timestamp="2017-10-14T06:43:47Z" changeset="52916844" uid="6652107" user="Favas007"/>
  <node id="5166885511" lat="29.6258517" lon="78.3580059" version="1" timestamp="2017-10-14T06:43:47Z" changeset="52916844" uid="6652107" user="Favas007"/>
  <node id="5166885512" lat="29.6257351" lon="78.3578771" version="1" timestamp="2017-10-14T06:43:47Z" changeset="52916844" uid="6652107" user="Favas007"/>
  <node id="5166885513" lat="29.6255906" lon="78.3576572" version="1" timestamp="2017-10-14T06:43:47Z" changeset="52916844" uid="6652107" user="Favas007"/>
  <node id="5166885514" lat="29.6255020" lon="78.3574855" version="1" timestamp="2017-10-14T06:43:47Z" changeset="52916844" uid="6652107" user="Favas007"/>
  <node id="5166885515" lat="29.6253947" lon="78.3573031" version="1" timestamp="2017-10-14T06:43:47Z" changeset="52916844" uid="6652107" user="Favas007"/>
  <node id="5166885516" lat="29.6252408" lon="78.3570456" version="1" timestamp="2017-10-14T06:43:47Z" changeset="52916844" uid="6652107" user="Favas007"/>
  <node id="5166885517" lat="29.6251476" lon="78.3568740" version="1" timestamp="2017-10-14T06:43:47Z" changeset="52916844" uid="6652107" user="Favas007"/>
  <node id="5166885518" lat="29.6250170" lon="78.3566916" version="1" timestamp="2017-10-14T06:43:47Z" changeset="52916844" uid="6652107" user="Favas007"/>
  <node id="5166885721" lat="29.6246393" lon="78.3562678" version="2" timestamp="2018-09-16T19:56:56Z" changeset="62645177" uid="7590183" user="lskdjf"/>
  <node id="5166885723" lat="29.6243455" lon="78.3559620" version="1" timestamp="2017-10-14T06:43:47Z" changeset="52916844" uid="6652107" user="Favas007"/>
  <node id="5166885724" lat="29.6241403" lon="78.3557153" version="1" timestamp="2017-10-14T06:43:47Z" changeset="52916844" uid="6652107" user="Favas007"/>
  <node id="5166885727" lat="29.6235901" lon="78.3551144" version="1" timestamp="2017-10-14T06:43:47Z" changeset="52916844" uid="6652107" user="Favas007"/>
  <node id="5166885728" lat="29.6234129" lon="78.3549106" version="1" timestamp="2017-10-14T06:43:47Z" changeset="52916844" uid="6652107" user="Favas007"/>
  <node id="5166885729" lat="29.6231424" lon="78.3546102" version="1" timestamp="2017-10-14T06:43:47Z" changeset="52916844" uid="6652107" user="Favas007"/>
  <node id="5166885731" lat="29.6227460" lon="78.3541221" version="2" timestamp="2018-09-16T19:56:56Z" changeset="62645177" uid="7590183" user="lskdjf"/>
  <node id="5166885732" lat="29.6225362" lon="78.3538377" version="1" timestamp="2017-10-14T06:43:48Z" changeset="52916844" uid="6652107" user="Favas007"/>
  <node id="5166885734" lat="29.6221258" lon="78.3533442" version="1" timestamp="2017-10-14T06:43:48Z" changeset="52916844" uid="6652107" user="Favas007"/>
  <node id="5166885735" lat="29.6219766" lon="78.3531189" version="1" timestamp="2017-10-14T06:43:48Z" changeset="52916844" uid="6652107" user="Favas007"/>
  <node id="5166885736" lat="29.6217807" lon="78.3528399" version="1" timestamp="2017-10-14T06:43:48Z" changeset="52916844" uid="6652107" user="Favas007"/>
  <node id="5166885737" lat="29.6215476" lon="78.3525073" version="1" timestamp="2017-10-14T06:43:48Z" changeset="52916844" uid="6652107" user="Favas007"/>
  <node id="5166885738" lat="29.6213890" lon="78.3523035" version="1" timestamp="2017-10-14T06:43:48Z" changeset="52916844" uid="6652107" user="Favas007"/>
  <node id="5166885739" lat="29.6212211" lon="78.3520245" version="1" timestamp="2017-10-14T06:43:48Z" changeset="52916844" uid="6652107" user="Favas007"/>
  <node id="5166885740" lat="29.6210719" lon="78.3517241" version="1" timestamp="2017-10-14T06:43:48Z" changeset="52916844" uid="6652107" user="Favas007"/>
  <node id="5166885741" lat="29.6208854" lon="78.3513272" version="1" timestamp="2017-10-14T06:43:48Z" changeset="52916844" uid="6652107" user="Favas007"/>
  <node id="5166885742" lat="29.6207175" lon="78.3511233" version="1" timestamp="2017-10-14T06:43:48Z" changeset="52916844" uid="6652107" user="Favas007"/>
  <node id="5166886621" lat="29.6171616" lon="78.3528104" version="1" timestamp="2017-10-14T06:44:43Z" changeset="52916857" uid="6652107" user="Favas007"/>
  <node id="5166886628" lat="29.6173994" lon="78.3532584" version="2" timestamp="2018-09-16T19:56:56Z" changeset="62645177" uid="7590183" user="lskdjf"/>
  <node id="5166886633" lat="29.6175020" lon="78.3534595" version="2" timestamp="2018-09-16T19:56:56Z" changeset="62645177" uid="7590183" user="lskdjf"/>
  <node id="5166886634" lat="29.6175860" lon="78.3536097" version="1" timestamp="2017-10-14T06:44:43Z" changeset="52916857" uid="6652107" user="Favas007"/>
  <node id="5166886637" lat="29.6177049" lon="78.3538163" version="1" timestamp="2017-10-14T06:44:43Z" changeset="52916857" uid="6652107" user="Favas007"/>
  <node id="5166886639" lat="29.6177865" lon="78.3539692" version="1" timestamp="2017-10-14T06:44:43Z" changeset="52916857" uid="6652107" user="Favas007"/>
  <node id="5166886640" lat="29.6178285" lon="78.3540657" version="1" timestamp="2017-10-14T06:44:43Z" changeset="52916857" uid="6652107" user="Favas007"/>
  <node id="5702231372" lat="29.6091120" lon="78.3410309" version="1" timestamp="2018-06-19T11:53:22Z" changeset="59976010" uid="8092228" user="Halloween123"/>
  <node id="5702231373" lat="29.6093425" lon="78.3413199" version="1" timestamp="2018-06-19T11:53:22Z" changeset="59976010" uid="8092228" user="Halloween123"/>
  <node id="5702231374" lat="29.6088975" lon="78.3407620" version="1" timestamp="2018-06-19T11:53:22Z" changeset="59976010" uid="8092228" user="Halloween123"/>
  <node id="5702231375" lat="29.6078451" lon="78.3416157" version="2" timestamp="2023-10-10T11:58:10Z" changeset="142390043" uid="19620700" user="jyotikatke"/>
  <node id="5702231376" lat="29.6052649" lon="78.3404872" version="3" timestamp="2022-09-01T09:10:16Z" changeset="125645574" uid="12250792" user="mglsj"/>
  <node id="5702231377" lat="29.6058099" lon="78.3408692" version="1" timestamp="2018-06-19T11:53:22Z" changeset="59976010" uid="8092228" user="Halloween123"/>
  <node id="5702231378" lat="29.6063346" lon="78.3410919" version="1" timestamp="2018-06-19T11:53:22Z" changeset="59976010" uid="8092228" user="Halloween123"/>
  <node id="5702231379" lat="29.6069339" lon="78.3412984" version="1" timestamp="2018-06-19T11:53:22Z" changeset="59976010" uid="8092228" user="Halloween123"/>
  <node id="5702231380" lat="29.6072927" lon="78.3407957" version="2" timestamp="2023-10-10T11:58:10Z" changeset="142390043" uid="19620700" user="jyotikatke"/>
  <node id="5702231381" lat="29.6075269" lon="78.3405029" version="2" timestamp="2023-10-10T11:58:10Z" changeset="142390043" uid="19620700" user="jyotikatke"/>
  <node id="5702231382" lat="29.6077491" lon="78.3400339" version="2" timestamp="2023-10-10T11:58:10Z" changeset="142390043" uid="19620700" user="jyotikatke"/>
  <node id="5702231383" lat="29.6079064" lon="78.3399063" version="1" timestamp="2018-06-19T11:53:22Z" changeset="59976010" uid="8092228" user="Halloween123"/>
  <node id="5702231384" lat="29.6082935" lon="78.3402148" version="1" timestamp="2018-06-19T11:53:22Z" changeset="59976010" uid="8092228" user="Halloween123"/>
  <node id="5702231385" lat="29.6086279" lon="78.3404578" version="2" timestamp="2023-10-10T11:58:10Z" changeset="142390043" uid="19620700" user="jyotikatke"/>
  <node id="5702231386" lat="29.6089418" lon="78.3407137" version="1" timestamp="2018-06-19T11:53:23Z" changeset="59976010" uid="8092228" user="Halloween123"/>
  <node id="5702231387" lat="29.6092216" lon="78.3404133" version="1" timestamp="2018-06-19T11:53:23Z" changeset="59976010" uid="8092228" user="Halloween123"/>
  <node id="5702231388" lat="29.6094758" lon="78.3400780" version="1" timestamp="2018-06-19T11:53:23Z" changeset="59976010" uid="8092228" user="Halloween123"/>
  <node id="5702248940" lat="29.6125552" lon="78.3508348" version="1" timestamp="2018-06-19T11:58:13Z" changeset="59976182" uid="8092228" user="Halloween123"/>
  <node id="5702248941" lat="29.6123744" lon="78.3506083" version="1" timestamp="2018-06-19T11:58:13Z" changeset="59976182" uid="8092228" user="Halloween123"/>
  <node id="5702248942" lat="29.6117774" lon="78.3497500" version="1" timestamp="2018-06-19T11:58:13Z" changeset="59976182" uid="8092228" user="Halloween123"/>
  <node id="5702248943" lat="29.6112364" lon="78.3489239" version="1" timestamp="2018-06-19T11:58:13Z" changeset="59976182" uid="8092228" user="Halloween123"/>
  <node id="5702248944" lat="29.6107094" lon="78.3481407" version="1" timestamp="2018-06-19T11:58:13Z" changeset="59976182" uid="8092228" user="Halloween123"/>
  <node id="5702248945" lat="29.6102477" lon="78.3474487" version="1" timestamp="2018-06-19T11:58:13Z" changeset="59976182" uid="8092228" user="Halloween123"/>
  <node id="5702248946" lat="29.6098361" lon="78.3469745" version="1" timestamp="2018-06-19T11:58:13Z" changeset="59976182" uid="8092228" user="Halloween123"/>
  <node id="5702249622" lat="29.6138115" lon="78.3486336" version="1" timestamp="2018-06-19T11:58:39Z" changeset="59976208" uid="8092228" user="Halloween123"/>
  <node id="5702249623" lat="29.6133793" lon="78.3473532" version="1" timestamp="2018-06-19T11:58:39Z" changeset="59976208" uid="8092228" user="Halloween123"/>
  <node id="5702252512" lat="29.6256727" lon="78.3577821" version="1" timestamp="2018-06-19T12:00:37Z" changeset="59976256" uid="8092228" user="Halloween123"/>
  <node id="5702255638" lat="29.6203797" lon="78.3636741" version="1" timestamp="2018-06-19T12:00:38Z" changeset="59976256" uid="8092228" user="Halloween123"/>
  <node id="5702256367" lat="29.6110269" lon="78.3486127" version="1" timestamp="2018-06-19T12:01:13Z" changeset="59976308" uid="8092228" user="Halloween123"/>
  <node id="5702256368" lat="29.6105811" lon="78.3492458" version="1" timestamp="2018-06-19T12:01:13Z" changeset="59976308" uid="8092228" user="Halloween123"/>
  <node id="5702256369" lat="29.6103129" lon="78.3489829" version="1" timestamp="2018-06-19T12:01:13Z" changeset="59976308" uid="8092228" user="Halloween123"/>
  <node id="5702256370" lat="29.6091519" lon="78.3478780" version="1" timestamp="2018-06-19T12:01:13Z" changeset="59976308" uid="8092228" user="Halloween123"/>
  <node id="5702256371" lat="29.6093926" lon="78.3490364" version="2" timestamp="2023-11-22T06:31:25Z" changeset="144312288" uid="19795114" user="kunalchhapre"/>
  <node id="5702256372" lat="29.6097906" lon="78.3484787" version="1" timestamp="2018-06-19T12:01:13Z" changeset="59976308" uid="8092228" user="Halloween123"/>
  <node id="5702256373" lat="29.6099562" lon="78.3482158" version="1" timestamp="2018-06-19T12:01:13Z" changeset="59976308" uid="8092228" user="Halloween123"/>
  <node id="5702256374" lat="29.6103813" lon="78.3476490" version="1" timestamp="2018-06-19T12:01:13Z" changeset="59976308" uid="8092228" user="Halloween123"/>
  <node id="5702300280" lat="29.6088091" lon="78.3430342" version="1" timestamp="2018-06-19T12:14:51Z" changeset="59976789" uid="8092228" user="Halloween123"/>
  <node id="5702300281" lat="29.6088578" lon="78.3432886" version="1" timestamp="2018-06-19T12:14:51Z" changeset="59976789" uid="8092228" user="Halloween123"/>
  <node id="5702300282" lat="29.6087435" lon="78.3434254" version="1" timestamp="2018-06-19T12:14:51Z" changeset="59976789" uid="8092228" user="Halloween123"/>
  <node id="5702300283" lat="29.6089371" lon="78.3436239" version="1" timestamp="2018-06-19T12:14:51Z" changeset="59976789" uid="8092228" user="Halloween123"/>
  <node id="5702300284" lat="29.6085500" lon="78.3442059" version="1" timestamp="2018-06-19T12:14:51Z" changeset="59976789" uid="8092228" user="Halloween123"/>
  <node id="5702300285" lat="29.6088975" lon="78.3444956" version="1" timestamp="2018-06-19T12:14:51Z" changeset="59976789" uid="8092228" user="Halloween123"/>
  <node id="5702300286" lat="29.6092589" lon="78.3447424" version="1" timestamp="2018-06-19T12:14:51Z" changeset="59976789" uid="8092228" user="Halloween123"/>
  <node id="5702300287" lat="29.6094711" lon="78.3443722" version="1" timestamp="2018-06-19T12:14:51Z" changeset="59976789" uid="8092228" user="Halloween123"/>
  <node id="5702300288" lat="29.6095644" lon="78.3442864" version="1" timestamp="2018-06-19T12:14:51Z" changeset="59976789" uid="8092228" user="Halloween123"/>
  <node id="5702300289" lat="29.6097113" lon="78.3444393" version="1" timestamp="2018-06-19T12:14:51Z" changeset="59976789" uid="8092228" user="Halloween123"/>
  <node id="5702300290" lat="29.6099538" lon="78.3442998" version="1" timestamp="2018-06-19T12:14:51Z" changeset="59976789" uid="8092228" user="Halloween123"/>
  <node id="5702300291" lat="29.6100308" lon="78.3443132" version="1" timestamp="2018-06-19T12:14:51Z" changeset="59976789" uid="8092228" user="Halloween123"/>
  <node id="5702300292" lat="29.6115618" lon="78.3430798" version="1" timestamp="2018-06-19T12:14:51Z" changeset="59976789" uid="8092228" user="Halloween123"/>
  <node id="5702300293" lat="29.6114626" lon="78.3431612" version="1" timestamp="2018-06-19T12:14:51Z" changeset="59976789" uid="8092228" user="Halloween123"/>
  <node id="5702300294" lat="29.6112049" lon="78.3433919" version="1" timestamp="2018-06-19T12:14:51Z" changeset="59976789" uid="8092228" user="Halloween123"/>
  <node id="5702300295" lat="29.6109111" lon="78.3436064" version="1" timestamp="2018-06-19T12:14:51Z" changeset="59976789" uid="8092228" user="Halloween123"/>
  <node id="5702300296" lat="29.6103736" lon="78.3441254" version="1" timestamp="2018-06-19T12:14:51Z" changeset="59976789" uid="8092228" user="Halloween123"/>
  <node id="5702300297" lat="29.6101264" lon="78.3438358" version="1" timestamp="2018-06-19T12:14:51Z" changeset="59976789" uid="8092228" user="Halloween123"/>
  <node id="5702300298" lat="29.6097789" lon="78.3433583" version="1" timestamp="2018-06-19T12:14:51Z" changeset="59976789" uid="8092228" user="Halloween123"/>
  <node id="5702300299" lat="29.6096110" lon="78.3431263" version="1" timestamp="2018-06-19T12:14:52Z" changeset="59976789" uid="8092228" user="Halloween123"/>
  <node id="5702300300" lat="29.6094338" lon="78.3430941" version="1" timestamp="2018-06-19T12:14:52Z" changeset="59976789" uid="8092228" user="Halloween123"/>
  <node id="5702300301" lat="29.6092076" lon="78.3430593" version="1" timestamp="2018-06-19T12:14:52Z" changeset="59976789" uid="8092228" user="Halloween123"/>
  <node id="5702300302" lat="29.6089709" lon="78.3430378" version="1" timestamp="2018-06-19T12:14:52Z" changeset="59976789" uid="8092228" user="Halloween123"/>
  <node id="5702300303" lat="29.6087319" lon="78.3430324" version="1" timestamp="2018-06-19T12:14:52Z" changeset="59976789" uid="8092228" user="Halloween123"/>
  <node id="5702300304" lat="29.6085243" lon="78.3430298" version="1" timestamp="2018-06-19T12:14:52Z" changeset="59976789" uid="8092228" user="Halloween123"/>
  <node id="5702300305" lat="29.6082247" lon="78.3429453" version="1" timestamp="2018-06-19T12:14:52Z" changeset="59976789" uid="8092228" user="Halloween123"/>
  <node id="5702300306" lat="29.6080106" lon="78.3427095" version="1" timestamp="2018-06-19T12:14:52Z" changeset="59976789" uid="8092228" user="Halloween123"/>
  <node id="5702301050" lat="29.6074539" lon="78.3467728" version="2" timestamp="2022-09-01T09:10:16Z" changeset="125645574" uid="12250792" user="mglsj"/>
  <node id="5702301051" lat="29.6076242" lon="78.3466145" version="1" timestamp="2018-06-19T12:15:11Z" changeset="59976802" uid="8092228" user="Halloween123"/>
  <node id="5702301052" lat="29.6080066" lon="78.3463705" version="1" timestamp="2018-06-19T12:15:11Z" changeset="59976802" uid="8092228" user="Halloween123"/>
  <node id="5702301053" lat="29.6083121" lon="78.3460996" version="1" timestamp="2018-06-19T12:15:11Z" changeset="59976802" uid="8092228" user="Halloween123"/>
  <node id="5702301054" lat="29.6085337" lon="78.3458635" version="1" timestamp="2018-06-19T12:15:11Z" changeset="59976802" uid="8092228" user="Halloween123"/>
  <node id="5702301055" lat="29.6089348" lon="78.3454183" version="1" timestamp="2018-06-19T12:15:11Z" changeset="59976802" uid="8092228" user="Halloween123"/>
  <node id="5702301056" lat="29.6092193" lon="78.3450294" version="1" timestamp="2018-06-19T12:15:11Z" changeset="59976802" uid="8092228" user="Halloween123"/>
  <node id="5702301194" lat="29.6107622" lon="78.3457475" version="1" timestamp="2018-06-19T12:15:42Z" changeset="59976816" uid="8092228" user="Halloween123"/>
  <node id="5702301195" lat="29.6105228" lon="78.3454317" version="1" timestamp="2018-06-19T12:15:42Z" changeset="59976816" uid="8092228" user="Halloween123"/>
  <node id="5702301196" lat="29.6104295" lon="78.3451420" version="1" timestamp="2018-06-19T12:15:42Z" changeset="59976816" uid="8092228" user="Halloween123"/>
  <node id="5702301197" lat="29.6104948" lon="78.3448791" version="1" timestamp="2018-06-19T12:15:42Z" changeset="59976816" uid="8092228" user="Halloween123"/>
  <node id="5702301198" lat="29.6115282" lon="78.3450034" version="1" timestamp="2018-06-19T12:15:42Z" changeset="59976816" uid="8092228" user="Halloween123"/>
  <node id="5702301199" lat="29.6114089" lon="78.3448148" version="1" timestamp="2018-06-19T12:15:42Z" changeset="59976816" uid="8092228" user="Halloween123"/>
  <node id="5702301200" lat="29.6115325" lon="78.3446807" version="1" timestamp="2018-06-19T12:15:42Z" changeset="59976816" uid="8092228" user="Halloween123"/>
  <node id="5702301201" lat="29.6112107" lon="78.3443239" version="1" timestamp="2018-06-19T12:15:42Z" changeset="59976816" uid="8092228" user="Halloween123"/>
  <node id="5702301202" lat="29.6107094" lon="78.3445922" version="1" timestamp="2018-06-19T12:15:42Z" changeset="59976816" uid="8092228" user="Halloween123"/>
  <node id="5702302149" lat="29.6111897" lon="78.3415505" version="1" timestamp="2018-06-19T12:16:36Z" changeset="59976849" uid="8092228" user="Halloween123"/>
  <node id="5702302150" lat="29.6109682" lon="78.3418912" version="1" timestamp="2018-06-19T12:16:36Z" changeset="59976849" uid="8092228" user="Halloween123"/>
  <node id="5702302151" lat="29.6106721" lon="78.3421031" version="1" timestamp="2018-06-19T12:16:36Z" changeset="59976849" uid="8092228" user="Halloween123"/>
  <node id="5702302152" lat="29.6103782" lon="78.3424491" version="1" timestamp="2018-06-19T12:16:36Z" changeset="59976849" uid="8092228" user="Halloween123"/>
  <node id="5702302153" lat="29.6101031" lon="78.3427790" version="1" timestamp="2018-06-19T12:16:36Z" changeset="59976849" uid="8092228" user="Halloween123"/>
  <node id="5702302154" lat="29.6098466" lon="78.3430311" version="1" timestamp="2018-06-19T12:16:36Z" changeset="59976849" uid="8092228" user="Halloween123"/>
  <node id="5702323067" lat="29.6112014" lon="78.3427173" version="1" timestamp="2018-06-19T12:21:36Z" changeset="59977047" uid="8092228" user="Halloween123"/>
  <node id="5702323068" lat="29.6108330" lon="78.3424544" version="1" timestamp="2018-06-19T12:21:36Z" changeset="59977047" uid="8092228" user="Halloween123"/>
  <node id="5702323069" lat="29.6105913" lon="78.3421981" version="1" timestamp="2018-06-19T12:21:36Z" changeset="59977047" uid="8092228" user="Halloween123"/>
  <node id="5910290738" lat="29.6081434" lon="78.3186382" version="1" timestamp="2018-09-16T19:25:00Z" changeset="62644482" uid="7590183" user="lskdjf"/>
  <node id="5910336394" lat="29.6202972" lon="78.3362477" version="1" timestamp="2018-09-16T19:56:48Z" changeset="62645177" uid="7590183" user="lskdjf"/>
  <node id="5910336395" lat="29.6207594" lon="78.3370954" version="1" timestamp="2018-09-16T19:56:48Z" changeset="62645177" uid="7590183" user="lskdjf"/>
  <node id="5910336396" lat="29.6208947" lon="78.3370471" version="1" timestamp="2018-09-16T19:56:48Z" changeset="62645177" uid="7590183" user="lskdjf"/>
  <node id="5910336397" lat="29.6209600" lon="78.3372456" version="1" timestamp="2018-09-16T19:56:48Z" changeset="62645177" uid="7590183" user="lskdjf"/>
  <node id="5910336398" lat="29.6212724" lon="78.3380181" version="1" timestamp="2018-09-16T19:56:48Z" changeset="62645177" uid="7590183" user="lskdjf"/>
  <node id="5910336399" lat="29.6218996" lon="78.3376533" version="1" timestamp="2018-09-16T19:56:48Z" changeset="62645177" uid="7590183" user="lskdjf"/>
  <node id="5910336400" lat="29.6224406" lon="78.3382004" version="1" timestamp="2018-09-16T19:56:48Z" changeset="62645177" uid="7590183" user="lskdjf"/>
  <node id="5910336401" lat="29.6231984" lon="78.3390212" version="1" timestamp="2018-09-16T19:56:48Z" changeset="62645177" uid="7590183" user="lskdjf"/>
  <node id="5910336402" lat="29.6234548" lon="78.3390588" version="1" timestamp="2018-09-16T19:56:48Z" changeset="62645177" uid="7590183" user="lskdjf"/>
  <node id="5910336403" lat="29.6237276" lon="78.3392197" version="1" timestamp="2018-09-16T19:56:48Z" changeset="62645177" uid="7590183" user="lskdjf"/>
  <node id="5910336477" lat="29.6238885" lon="78.3392519" version="1" timestamp="2018-09-16T19:56:49Z" changeset="62645177" uid="7590183" user="lskdjf"/>
  <node id="5910336499" lat="29.6151819" lon="78.3371007" version="2" timestamp="2021-01-14T16:56:56Z" changeset="97507299" uid="1306" user="PlaneMad"/>
  <node id="5910336500" lat="29.6159537" lon="78.3368969" version="1" timestamp="2018-09-16T19:56:50Z" changeset="62645177" uid="7590183" user="lskdjf"/>
  <node id="5910336501" lat="29.6160213" lon="78.3369398" version="1" timestamp="2018-09-16T19:56:50Z" changeset="62645177" uid="7590183" user="lskdjf"/>
  <node id="5910336502" lat="29.6162312" lon="78.3371973" version="1" timestamp="2018-09-16T19:56:50Z" changeset="62645177" uid="7590183" user="lskdjf"/>
  <node id="5910336503" lat="29.6164597" lon="78.3373421" version="1" timestamp="2018-09-16T19:56:50Z" changeset="62645177" uid="7590183" user="lskdjf"/>
  <node id="5910336504" lat="29.6168981" lon="78.3374494" version="1" timestamp="2018-09-16T19:56:50Z" changeset="62645177" uid="7590183" user="lskdjf"/>
  <node id="5910336505" lat="29.6170986" lon="78.3374602" version="1" timestamp="2018-09-16T19:56:50Z" changeset="62645177" uid="7590183" user="lskdjf"/>
  <node id="5910336506" lat="29.6173271" lon="78.3373851" version="1" timestamp="2018-09-16T19:56:50Z" changeset="62645177" uid="7590183" user="lskdjf"/>
  <node id="5910336507" lat="29.6175169" lon="78.3374690" version="1" timestamp="2018-09-16T19:56:50Z" changeset="62645177" uid="7590183" user="lskdjf"/>
  <node id="5910336508" lat="29.6133801" lon="78.3368691" version="1" timestamp="2018-09-16T19:56:50Z" changeset="62645177" uid="7590183" user="lskdjf"/>
  <node id="5910336509" lat="29.6139693" lon="78.3371893" version="1" timestamp="2018-09-16T19:56:50Z" changeset="62645177" uid="7590183" user="lskdjf"/>
  <node id="5910336510" lat="29.6142212" lon="78.3373368" version="1" timestamp="2018-09-16T19:56:50Z" changeset="62645177" uid="7590183" user="lskdjf"/>
  <node id="5910336511" lat="29.6143191" lon="78.3373609" version="1" timestamp="2018-09-16T19:56:50Z" changeset="62645177" uid="7590183" user="lskdjf"/>
  <node id="5910336512" lat="29.6145756" lon="78.3372590" version="1" timestamp="2018-09-16T19:56:50Z" changeset="62645177" uid="7590183" user="lskdjf"/>
  <node id="5910336513" lat="29.6146269" lon="78.3372590" version="1" timestamp="2018-09-16T19:56:50Z" changeset="62645177" uid="7590183" user="lskdjf"/>
  <node id="5910336514" lat="29.6147482" lon="78.3373287" version="1" timestamp="2018-09-16T19:56:50Z" changeset="62645177" uid="7590183" user="lskdjf"/>
  <node id="5910336515" lat="29.6148671" lon="78.3373207" version="2" timestamp="2021-01-14T16:56:56Z" changeset="97507299" uid="1306" user="PlaneMad"/>
  <node id="5910336516" lat="29.6189081" lon="78.3351588" version="2" timestamp="2021-01-14T16:56:56Z" changeset="97507299" uid="1306" user="PlaneMad"/>
  <node id="5910336528" lat="29.6200157" lon="78.3363176" version="2" timestamp="2021-01-14T16:56:56Z" changeset="97507299" uid="1306" user="PlaneMad"/>
  <node id="5910336529" lat="29.6213983" lon="78.3359447" version="1" timestamp="2018-09-16T19:56:50Z" changeset="62645177" uid="7590183" user="lskdjf"/>
  <node id="5910336530" lat="29.6216781" lon="78.3357784" version="1" timestamp="2018-09-16T19:56:50Z" changeset="62645177" uid="7590183" user="lskdjf"/>
  <node id="5910336562" lat="29.6219285" lon="78.3530503" version="1" timestamp="2018-09-16T19:56:50Z" changeset="62645177" uid="7590183" user="lskdjf"/>
  <node id="5910336570" lat="29.6163821" lon="78.3467531" version="2" timestamp="2021-01-14T16:56:56Z" changeset="97507299" uid="1306" user="PlaneMad"/>
  <node id="5910336571" lat="29.6159281" lon="78.3477384" version="1" timestamp="2018-09-16T19:56:51Z" changeset="62645177" uid="7590183" user="lskdjf"/>
  <node id="5910336572" lat="29.6159001" lon="78.3480817" version="1" timestamp="2018-09-16T19:56:51Z" changeset="62645177" uid="7590183" user="lskdjf"/>
  <node id="5910336573" lat="29.6158721" lon="78.3483338" version="1" timestamp="2018-09-16T19:56:51Z" changeset="62645177" uid="7590183" user="lskdjf"/>
  <node id="5910336574" lat="29.6158161" lon="78.3485323" version="1" timestamp="2018-09-16T19:56:51Z" changeset="62645177" uid="7590183" user="lskdjf"/>
  <node id="5910336575" lat="29.6155130" lon="78.3493531" version="2" timestamp="2021-01-14T16:56:56Z" changeset="97507299" uid="1306" user="PlaneMad"/>
  <node id="5910336576" lat="29.6157905" lon="78.3499915" version="2" timestamp="2021-01-14T16:56:56Z" changeset="97507299" uid="1306" user="PlaneMad"/>
  <node id="5910336577" lat="29.6161846" lon="78.3507237" version="1" timestamp="2018-09-16T19:56:51Z" changeset="62645177" uid="7590183" user="lskdjf"/>
  <node id="5910336578" lat="29.6167605" lon="78.3519870" version="1" timestamp="2018-09-16T19:56:51Z" changeset="62645177" uid="7590183" user="lskdjf"/>
  <node id="6020395741" lat="29.6171391" lon="78.3314701" version="1" timestamp="2018-10-28T20:18:52Z" changeset="63959365" uid="91490" user="Heinz_V"/>
  <node id="6400401312" lat="29.6180722" lon="78.3601427" version="1" timestamp="2019-04-12T11:15:25Z" changeset="69145675" uid="9304126" user="ejont"/>
  <node id="8321764857" lat="29.6103456" lon="78.3395684" version="1" timestamp="2021-01-14T16:56:51Z" changeset="97507299" uid="1306" user="PlaneMad"/>
  <node id="8321764858" lat="29.6052712" lon="78.3394020" version="2" timestamp="2022-09-01T09:45:23Z" changeset="125647203" uid="12250792" user="mglsj"/>
  <node id="8321764859" lat="29.6149674" lon="78.3372885" version="1" timestamp="2021-01-14T16:56:51Z" changeset="97507299" uid="1306" user="PlaneMad"/>
  <node id="8321764860" lat="29.6153591" lon="78.3370310" version="1" timestamp="2021-01-14T16:56:51Z" changeset="97507299" uid="1306" user="PlaneMad"/>
  <node id="8321764861" lat="29.6034178" lon="78.3444997" version="2" timestamp="2022-09-01T09:10:16Z" changeset="125645574" uid="12250792" user="mglsj"/>
  <node id="8321764862" lat="29.6033915" lon="78.3443561" version="1" timestamp="2021-01-14T16:56:51Z" changeset="97507299" uid="1306" user="PlaneMad"/>
  <node id="8321764863" lat="29.6031933" lon="78.3439994" version="1" timestamp="2021-01-14T16:56:51Z" changeset="97507299" uid="1306" user="PlaneMad"/>
  <node id="8321764864" lat="29.6031723" lon="78.3439296" version="1" timestamp="2021-01-14T16:56:51Z" changeset="97507299" uid="1306" user="PlaneMad"/>
  <node id="8321764865" lat="29.6032096" lon="78.3438921" version="1" timestamp="2021-01-14T16:56:51Z" changeset="97507299" uid="1306" user="PlaneMad"/>
  <node id="8321764866" lat="29.6049587" lon="78.3435005" version="1" timestamp="2021-01-14T16:56:51Z" changeset="97507299" uid="1306" user="PlaneMad"/>
  <node id="8321764867" lat="29.6049190" lon="78.3432832" version="1" timestamp="2021-01-14T16:56:51Z" changeset="97507299" uid="1306" user="PlaneMad"/>
  <node id="8321764868" lat="29.6032003" lon="78.3436882" version="1" timestamp="2021-01-14T16:56:51Z" changeset="97507299" uid="1306" user="PlaneMad"/>
  <node id="8321764869" lat="29.6030814" lon="78.3437017" version="1" timestamp="2021-01-14T16:56:51Z" changeset="97507299" uid="1306" user="PlaneMad"/>
  <node id="8321764870" lat="29.6029928" lon="78.3436587" version="1" timestamp="2021-01-14T16:56:51Z" changeset="97507299" uid="1306" user="PlaneMad"/>
  <node id="8321764871" lat="29.6027805" lon="78.3433729" version="2" timestamp="2022-09-01T09:10:16Z" changeset="125645574" uid="12250792" user="mglsj"/>
  <node id="8321764873" lat="29.6096600" lon="78.3513486" version="1" timestamp="2021-01-14T16:56:51Z" changeset="97507299" uid="1306" user="PlaneMad"/>
  <node id="8321764875" lat="29.6087948" lon="78.3483204" version="1" timestamp="2021-01-14T16:56:51Z" changeset="97507299" uid="1306" user="PlaneMad"/>
  <node id="8321764876" lat="29.6088596" lon="78.3483171" version="3" timestamp="2022-09-01T09:45:23Z" changeset="125647203" uid="12250792" user="mglsj"/>
  <node id="8321764877" lat="29.6087213" lon="78.3483777" version="2" timestamp="2022-09-01T09:10:16Z" changeset="125645574" uid="12250792" user="mglsj"/>
  <node id="8321764878" lat="29.6086899" lon="78.3482748" version="1" timestamp="2021-01-14T16:56:51Z" changeset="97507299" uid="1306" user="PlaneMad"/>
  <node id="8321764879" lat="29.6086221" lon="78.3481368" version="2" timestamp="2022-09-01T09:10:16Z" changeset="125645574" uid="12250792" user="mglsj"/>
  <node id="8321764880" lat="29.6074283" lon="78.3468559" version="1" timestamp="2021-01-14T16:56:51Z" changeset="97507299" uid="1306" user="PlaneMad"/>
  <node id="8321764881" lat="29.6071601" lon="78.3465582" version="1" timestamp="2021-01-14T16:56:51Z" changeset="97507299" uid="1306" user="PlaneMad"/>
  <node id="8321764882" lat="29.6067101" lon="78.3459198" version="1" timestamp="2021-01-14T16:56:51Z" changeset="97507299" uid="1306" user="PlaneMad"/>
  <node id="8321764884" lat="29.6055857" lon="78.3434961" version="1" timestamp="2021-01-14T16:56:51Z" changeset="97507299" uid="1306" user="PlaneMad"/>
  <node id="8321764885" lat="29.6052961" lon="78.3408400" version="2" timestamp="2022-09-01T09:10:16Z" changeset="125645574" uid="12250792" user="mglsj"/>
  <node id="8321764886" lat="29.6052687" lon="78.3411057" version="2" timestamp="2022-09-01T09:10:16Z" changeset="125645574" uid="12250792" user="mglsj"/>
  <node id="8321764887" lat="29.6053268" lon="78.3417092" version="2" timestamp="2022-09-01T09:10:16Z" changeset="125645574" uid="12250792" user="mglsj"/>
  <node id="8321764888" lat="29.6054719" lon="78.3428892" version="2" timestamp="2022-09-01T09:10:16Z" changeset="125645574" uid="12250792" user="mglsj"/>
  <node id="8321764889" lat="29.6056863" lon="78.3438599" version="1" timestamp="2021-01-14T16:56:51Z" changeset="97507299" uid="1306" user="PlaneMad"/>
  <node id="8321764890" lat="29.6058169" lon="78.3442676" version="1" timestamp="2021-01-14T16:56:51Z" changeset="97507299" uid="1306" user="PlaneMad"/>
  <node id="8321764891" lat="29.6059568" lon="78.3446002" version="1" timestamp="2021-01-14T16:56:51Z" changeset="97507299" uid="1306" user="PlaneMad"/>
  <node id="8321764892" lat="29.6063961" lon="78.3453869" version="2" timestamp="2022-09-01T09:10:16Z" changeset="125645574" uid="12250792" user="mglsj"/>
  <node id="8321764893" lat="29.6053211" lon="78.3410843" version="2" timestamp="2022-09-01T09:10:16Z" changeset="125645574" uid="12250792" user="mglsj"/>
  <node id="8321764894" lat="29.6058309" lon="78.3440584" version="1" timestamp="2021-01-14T16:56:51Z" changeset="97507299" uid="1306" user="PlaneMad"/>
  <node id="8321764895" lat="29.6026830" lon="78.3433406" version="2" timestamp="2022-09-01T09:10:16Z" changeset="125645574" uid="12250792" user="mglsj"/>
  <node id="8321764896" lat="29.6033434" lon="78.3443655" version="2" timestamp="2022-09-01T09:10:16Z" changeset="125645574" uid="12250792" user="mglsj"/>
  <node id="8321764897" lat="29.6049076" lon="78.3433507" version="2" timestamp="2022-09-01T09:10:16Z" changeset="125645574" uid="12250792" user="mglsj"/>
  <node id="8321764898" lat="29.6040801" lon="78.3402783" version="2" timestamp="2023-10-10T12:09:10Z" changeset="142390419" uid="19620700" user="jyotikatke"/>
  <node id="8321764914" lat="29.6031962" lon="78.3437654" version="2" timestamp="2022-09-01T09:10:16Z" changeset="125645574" uid="12250792" user="mglsj"/>
  <node id="8321764916" lat="29.6054982" lon="78.3425211" version="2" timestamp="2022-09-01T09:10:16Z" changeset="125645574" uid="12250792" user="mglsj"/>
  <node id="8321777780" lat="29.6200879" lon="78.3353466" version="1" timestamp="2021-01-14T16:56:52Z" changeset="97507299" uid="1306" user="PlaneMad"/>
  <node id="8321777781" lat="29.6131345" lon="78.3504099" version="1" timestamp="2021-01-14T16:56:52Z" changeset="97507299" uid="1306" user="PlaneMad"/>
  <node id="8321777782" lat="29.6118213" lon="78.3498131" version="1" timestamp="2021-01-14T16:56:52Z" changeset="97507299" uid="1306" user="PlaneMad"/>
  <node id="8321777784" lat="29.6125912" lon="78.3488837" version="1" timestamp="2021-01-14T16:56:52Z" changeset="97507299" uid="1306" user="PlaneMad"/>
  <node id="8321777785" lat="29.6125003" lon="78.3487737" version="1" timestamp="2021-01-14T16:56:52Z" changeset="97507299" uid="1306" user="PlaneMad"/>
  <node id="8321777786" lat="29.6124886" lon="78.3485591" version="1" timestamp="2021-01-14T16:56:52Z" changeset="97507299" uid="1306" user="PlaneMad"/>
  <node id="8321777787" lat="29.6124583" lon="78.3482695" version="1" timestamp="2021-01-14T16:56:52Z" changeset="97507299" uid="1306" user="PlaneMad"/>
  <node id="8321777788" lat="29.6132838" lon="78.3477169" version="1" timestamp="2021-01-14T16:56:52Z" changeset="97507299" uid="1306" user="PlaneMad"/>
  <node id="8321777789" lat="29.6134755" lon="78.3476383" version="1" timestamp="2021-01-14T16:56:52Z" changeset="97507299" uid="1306" user="PlaneMad"/>
  <node id="8321777790" lat="29.6138994" lon="78.3476096" version="1" timestamp="2021-01-14T16:56:52Z" changeset="97507299" uid="1306" user="PlaneMad"/>
  <node id="8321777791" lat="29.6147039" lon="78.3476633" version="1" timestamp="2021-01-14T16:56:52Z" changeset="97507299" uid="1306" user="PlaneMad"/>
  <node id="8321777792" lat="29.6148788" lon="78.3479369" version="1" timestamp="2021-01-14T16:56:52Z" changeset="97507299" uid="1306" user="PlaneMad"/>
  <node id="8321777793" lat="29.6149907" lon="78.3481246" version="1" timestamp="2021-01-14T16:56:52Z" changeset="97507299" uid="1306" user="PlaneMad"/>
  <node id="8321777794" lat="29.6150956" lon="78.3483955" version="1" timestamp="2021-01-14T16:56:52Z" changeset="97507299" uid="1306" user="PlaneMad"/>
  <node id="8321777795" lat="29.6152495" lon="78.3487388" version="1" timestamp="2021-01-14T16:56:52Z" changeset="97507299" uid="1306" user="PlaneMad"/>
  <node id="8321777796" lat="29.6154990" lon="78.3490580" version="1" timestamp="2021-01-14T16:56:52Z" changeset="97507299" uid="1306" user="PlaneMad"/>
  <node id="8321777797" lat="29.6137735" lon="78.3489454" version="1" timestamp="2021-01-14T16:56:52Z" changeset="97507299" uid="1306" user="PlaneMad"/>
  <node id="8321777798" lat="29.6081435" lon="78.3331349" version="1" timestamp="2021-01-14T16:56:52Z" changeset="97507299" uid="1306" user="PlaneMad"/>
  <node id="8321777799" lat="29.6079880" lon="78.3335012" version="1" timestamp="2021-01-14T16:56:52Z" changeset="97507299" uid="1306" user="PlaneMad"/>
  <node id="8321778017" lat="29.6059008" lon="78.3442649" version="1" timestamp="2021-01-14T16:56:51Z" changeset="97507299" uid="1306" user="PlaneMad"/>
  <node id="8321778019" lat="29.6065911" lon="78.3456141" version="1" timestamp="2021-01-14T16:56:51Z" changeset="97507299" uid="1306" user="PlaneMad"/>
  <node id="8321778021" lat="29.6085756" lon="78.3479556" version="1" timestamp="2021-01-14T16:56:51Z" changeset="97507299" uid="1306" user="PlaneMad"/>
  <node id="8321778022" lat="29.6097789" lon="78.3515310" version="1" timestamp="2021-01-14T16:56:51Z" changeset="97507299" uid="1306" user="PlaneMad"/>
  <node id="8321778023" lat="29.6088928" lon="78.3503187" version="1" timestamp="2021-01-14T16:56:51Z" changeset="97507299" uid="1306" user="PlaneMad"/>
  <node id="8321778024" lat="29.6086526" lon="78.3499378" version="1" timestamp="2021-01-14T16:56:51Z" changeset="97507299" uid="1306" user="PlaneMad"/>
  <node id="8321778025" lat="29.6088018" lon="78.3484867" version="1" timestamp="2021-01-14T16:56:51Z" changeset="97507299" uid="1306" user="PlaneMad"/>
  <node id="8321778026" lat="29.6146698" lon="78.3438470" version="1" timestamp="2021-01-14T16:56:51Z" changeset="97507299" uid="1306" user="PlaneMad"/>
  <node id="8321778027" lat="29.6143098" lon="78.3442542" version="1" timestamp="2021-01-14T16:56:51Z" changeset="97507299" uid="1306" user="PlaneMad"/>
  <node id="8321778028" lat="29.6138481" lon="78.3447236" version="1" timestamp="2021-01-14T16:56:51Z" changeset="97507299" uid="1306" user="PlaneMad"/>
  <node id="8321778029" lat="29.6134470" lon="78.3452091" version="1" timestamp="2021-01-14T16:56:51Z" changeset="97507299" uid="1306" user="PlaneMad"/>
  <node id="8321778030" lat="29.6128379" lon="78.3458235" version="1" timestamp="2021-01-14T16:56:51Z" changeset="97507299" uid="1306" user="PlaneMad"/>
  <node id="8321778039" lat="29.6194677" lon="78.3341718" version="1" timestamp="2021-01-14T16:56:51Z" changeset="97507299" uid="1306" user="PlaneMad"/>
  <node id="8321778040" lat="29.6189865" lon="78.3348091" version="1" timestamp="2021-01-14T16:56:51Z" changeset="97507299" uid="1306" user="PlaneMad"/>
  <node id="8321778041" lat="29.6201765" lon="78.3392358" version="1" timestamp="2021-01-14T16:56:51Z" changeset="97507299" uid="1306" user="PlaneMad"/>
  <node id="8321778042" lat="29.6194677" lon="78.3389783" version="1" timestamp="2021-01-14T16:56:51Z" changeset="97507299" uid="1306" user="PlaneMad"/>
  <node id="8321778043" lat="29.6192159" lon="78.3384740" version="1" timestamp="2021-01-14T16:56:51Z" changeset="97507299" uid="1306" user="PlaneMad"/>
  <node id="8321778044" lat="29.6200086" lon="78.3359528" version="1" timestamp="2021-01-14T16:56:51Z" changeset="97507299" uid="1306" user="PlaneMad"/>
  <node id="8634786127" lat="29.4459136" lon="78.0654573" version="1" timestamp="2021-04-16T09:34:17Z" changeset="103047709" uid="11387827" user="WebiShabeelle"/>
  <node id="8634786128" lat="29.4463900" lon="78.0655754" version="1" timestamp="2021-04-16T09:34:17Z" changeset="103047709" uid="11387827" user="WebiShabeelle"/>
  <node id="9992375555" lat="29.6030836" lon="78.3437809" version="1" timestamp="2022-09-01T09:10:16Z" changeset="125645574" uid="12250792" user="mglsj"/>
  <node id="9992375556" lat="29.6027604" lon="78.3434091" version="1" timestamp="2022-09-01T09:10:16Z" changeset="125645574" uid="12250792" user="mglsj"/>
  <node id="9992375557" lat="29.6030668" lon="78.3438695" version="2" timestamp="2023-04-16T09:07:42Z" changeset="134966187" uid="12250792" user="mglsj"/>
  <node id="9992375558" lat="29.6043021" lon="78.3435057" version="1" timestamp="2022-09-01T09:10:16Z" changeset="125645574" uid="12250792" user="mglsj"/>
  <node id="9992375559" lat="29.6055262" lon="78.3431091" version="1" timestamp="2022-09-01T09:10:16Z" changeset="125645574" uid="12250792" user="mglsj"/>
  <node id="9992375560" lat="29.6054396" lon="78.3432212" version="1" timestamp="2022-09-01T09:10:16Z" changeset="125645574" uid="12250792" user="mglsj"/>
  <node id="9992375561" lat="29.6053479" lon="78.3432527" version="1" timestamp="2022-09-01T09:10:16Z" changeset="125645574" uid="12250792" user="mglsj"/>
  <node id="9992375562" lat="29.6027271" lon="78.3434527" version="1" timestamp="2022-09-01T09:10:16Z" changeset="125645574" uid="12250792" user="mglsj"/>
  <node id="9992375563" lat="29.6031660" lon="78.3438627" version="2" timestamp="2023-04-16T09:07:42Z" changeset="134966187" uid="12250792" user="mglsj"/>
  <node id="9992375564" lat="29.6034083" lon="78.3438041" version="1" timestamp="2022-09-01T09:10:16Z" changeset="125645574" uid="12250792" user="mglsj"/>
  <node id="9992375565" lat="29.6044465" lon="78.3435524" version="1" timestamp="2022-09-01T09:10:16Z" changeset="125645574" uid="12250792" user="mglsj"/>
  <node id="9992375566" lat="29.6049167" lon="78.3434445" version="1" timestamp="2022-09-01T09:10:16Z" changeset="125645574" uid="12250792" user="mglsj"/>
  <node id="9992375567" lat="29.6054364" lon="78.3433299" version="1" timestamp="2022-09-01T09:10:16Z" changeset="125645574" uid="12250792" user="mglsj"/>
  <node id="9992375568" lat="29.6054977" lon="78.3432977" version="1" timestamp="2022-09-01T09:10:16Z" changeset="125645574" uid="12250792" user="mglsj"/>
  <node id="9992375569" lat="29.6055550" lon="78.3432348" version="1" timestamp="2022-09-01T09:10:16Z" changeset="125645574" uid="12250792" user="mglsj"/>
  <node id="9992375570" lat="29.6055940" lon="78.3431490" version="1" timestamp="2022-09-01T09:10:16Z" changeset="125645574" uid="12250792" user="mglsj"/>
  <node id="9992375573" lat="29.6031532" lon="78.3440380" version="2" timestamp="2023-04-16T09:07:42Z" changeset="134966187" uid="12250792" user="mglsj"/>
  <node id="9992375575" lat="29.6056843" lon="78.3435207" version="1" timestamp="2022-09-01T09:10:16Z" changeset="125645574" uid="12250792" user="mglsj"/>
  <node id="9992375576" lat="29.6055981" lon="78.3434028" version="1" timestamp="2022-09-01T09:10:16Z" changeset="125645574" uid="12250792" user="mglsj"/>
  <node id="9992375577" lat="29.6054974" lon="78.3433495" version="1" timestamp="2022-09-01T09:10:16Z" changeset="125645574" uid="12250792" user="mglsj"/>
  <node id="9992375578" lat="29.6035026" lon="78.3446630" version="1" timestamp="2022-09-01T09:10:16Z" changeset="125645574" uid="12250792" user="mglsj"/>
  <node id="9992375579" lat="29.6033320" lon="78.3445093" version="1" timestamp="2022-09-01T09:10:16Z" changeset="125645574" uid="12250792" user="mglsj"/>
  <node id="9992375580" lat="29.6030372" lon="78.3440705" version="1" timestamp="2022-09-01T09:10:16Z" changeset="125645574" uid="12250792" user="mglsj"/>
  <node id="9992375581" lat="29.6026587" lon="78.3434509" version="1" timestamp="2022-09-01T09:10:16Z" changeset="125645574" uid="12250792" user="mglsj"/>
  <node id="9992375582" lat="29.6025949" lon="78.3431946" version="1" timestamp="2022-09-01T09:10:16Z" changeset="125645574" uid="12250792" user="mglsj"/>
  <node id="9992375583" lat="29.6070260" lon="78.3462552" version="1" timestamp="2022-09-01T09:10:16Z" changeset="125645574" uid="12250792" user="mglsj"/>
  <node id="9992375584" lat="29.6075214" lon="78.3467100" version="1" timestamp="2022-09-01T09:10:16Z" changeset="125645574" uid="12250792" user="mglsj"/>
  <node id="9992375585" lat="29.6059652" lon="78.3478010" version="1" timestamp="2022-09-01T09:10:16Z" changeset="125645574" uid="12250792" user="mglsj"/>
  <node id="9992375587" lat="29.6068155" lon="78.3525316" version="1" timestamp="2022-09-01T09:10:16Z" changeset="125645574" uid="12250792" user="mglsj"/>
  <node id="9992375588" lat="29.6073326" lon="78.3518787" version="1" timestamp="2022-09-01T09:10:16Z" changeset="125645574" uid="12250792" user="mglsj"/>
  <node id="9992375589" lat="29.6082565" lon="78.3506076" version="1" timestamp="2022-09-01T09:10:16Z" changeset="125645574" uid="12250792" user="mglsj"/>
  <node id="9992375590" lat="29.6084528" lon="78.3498072" version="1" timestamp="2022-09-01T09:10:16Z" changeset="125645574" uid="12250792" user="mglsj"/>
  <node id="9992375591" lat="29.6083721" lon="78.3496768" version="1" timestamp="2022-09-01T09:10:16Z" changeset="125645574" uid="12250792" user="mglsj"/>
  <node id="9992375657" lat="29.6056158" lon="78.3476606" version="1" timestamp="2022-09-01T09:10:16Z" changeset="125645574" uid="12250792" user="mglsj"/>
  <node id="9992375658" lat="29.6057984" lon="78.3477161" version="1" timestamp="2022-09-01T09:10:16Z" changeset="125645574" uid="12250792" user="mglsj"/>
  <node id="9992375661" lat="29.6058184" lon="78.3477263" version="1" timestamp="2022-09-01T09:10:16Z" changeset="125645574" uid="12250792" user="mglsj">
    <tag k="railway" v="level_crossing"/>
  </node>
  <node id="9992375662" lat="29.6057637" lon="78.3477056" version="1" timestamp="2022-09-01T09:10:16Z" changeset="125645574" uid="12250792" user="mglsj">
    <tag k="railway" v="level_crossing"/>
  </node>
  <node id="9992423584" lat="29.6051958" lon="78.3395312" version="1" timestamp="2022-09-01T09:45:23Z" changeset="125647203" uid="12250792" user="mglsj"/>
  <node id="9992423585" lat="29.6051812" lon="78.3394238" version="1" timestamp="2022-09-01T09:45:23Z" changeset="125647203" uid="12250792" user="mglsj"/>
  <node id="9992423586" lat="29.6050935" lon="78.3393782" version="1" timestamp="2022-09-01T09:45:23Z" changeset="125647203" uid="12250792" user="mglsj"/>
  <node id="9992423587" lat="29.6067659" lon="78.3457586" version="1" timestamp="2022-09-01T09:45:23Z" changeset="125647203" uid="12250792" user="mglsj"/>
  <node id="9992423588" lat="29.6071409" lon="78.3462870" version="1" timestamp="2022-09-01T09:45:23Z" changeset="125647203" uid="12250792" user="mglsj"/>
  <node id="9992423589" lat="29.6082780" lon="78.3475348" version="1" timestamp="2022-09-01T09:45:23Z" changeset="125647203" uid="12250792" user="mglsj"/>
  <node id="9992423590" lat="29.6086558" lon="78.3479492" version="1" timestamp="2022-09-01T09:45:23Z" changeset="125647203" uid="12250792" user="mglsj"/>
  <node id="9992423591" lat="29.6088084" lon="78.3481818" version="1" timestamp="2022-09-01T09:45:23Z" changeset="125647203" uid="12250792" user="mglsj"/>
  <node id="9992423592" lat="29.6065876" lon="78.3455040" version="1" timestamp="2022-09-01T09:45:23Z" changeset="125647203" uid="12250792" user="mglsj"/>
  <node id="9992423593" lat="29.6061687" lon="78.3446665" version="1" timestamp="2022-09-01T09:45:23Z" changeset="125647203" uid="12250792" user="mglsj"/>
  <node id="9992423594" lat="29.6059831" lon="78.3443006" version="1" timestamp="2022-09-01T09:45:23Z" changeset="125647203" uid="12250792" user="mglsj"/>
  <node id="9992423595" lat="29.6057534" lon="78.3435973" version="1" timestamp="2022-09-01T09:45:23Z" changeset="125647203" uid="12250792" user="mglsj"/>
  <node id="9992423596" lat="29.6057229" lon="78.3434833" version="1" timestamp="2022-09-01T09:45:23Z" changeset="125647203" uid="12250792" user="mglsj"/>
  <node id="9992423597" lat="29.6056332" lon="78.3430606" version="1" timestamp="2022-09-01T09:45:23Z" changeset="125647203" uid="12250792" user="mglsj"/>
  <node id="9992423598" lat="29.6055254" lon="78.3422882" version="1" timestamp="2022-09-01T09:45:23Z" changeset="125647203" uid="12250792" user="mglsj"/>
  <node id="9992423599" lat="29.6053769" lon="78.3410929" version="1" timestamp="2022-09-01T09:45:23Z" changeset="125647203" uid="12250792" user="mglsj"/>
  <node id="9992423600" lat="29.6052777" lon="78.3411989" version="1" timestamp="2022-09-01T09:45:23Z" changeset="125647203" uid="12250792" user="mglsj"/>
  <node id="9992423601" lat="29.6061080" lon="78.3447181" version="1" timestamp="2022-09-01T09:45:23Z" changeset="125647203" uid="12250792" user="mglsj"/>
  <node id="9992423602" lat="29.6087647" lon="78.3481108" version="1" timestamp="2022-09-01T09:45:23Z" changeset="125647203" uid="12250792" user="mglsj"/>
  <node id="9992423603" lat="29.6028617" lon="78.3275203" version="1" timestamp="2022-09-01T09:45:23Z" changeset="125647203" uid="12250792" user="mglsj"/>
  <node id="9992423604" lat="29.6029404" lon="78.3272225" version="1" timestamp="2022-09-01T09:45:23Z" changeset="125647203" uid="12250792" user="mglsj"/>
  <node id="10004212829" lat="29.6136966" lon="78.2637611" version="1" timestamp="2022-09-06T12:47:07Z" changeset="125857858" uid="16485053" user="Subhashish">
    <tag k="bridge:support" v="yes"/>
    <tag k="source" v="stackbox"/>
  </node>
  <node id="10004558165" lat="29.5868423" lon="78.2030113" version="1" timestamp="2022-09-06T15:40:36Z" changeset="125864560" uid="16485053" user="Subhashish"/>
  <node id="10815928516" lat="29.6030051" lon="78.3438410" version="1" timestamp="2023-04-16T09:07:42Z" changeset="134966187" uid="12250792" user="mglsj"/>
  <node id="10815928517" lat="29.6030179" lon="78.3437566" version="1" timestamp="2023-04-16T09:07:42Z" changeset="134966187" uid="12250792" user="mglsj"/>
  <node id="11252691535" lat="29.6043619" lon="78.3434130" version="1" timestamp="2023-10-10T12:06:41Z" changeset="142390323" uid="19620700" user="jyotikatke"/>
  <node id="11252691536" lat="29.6036317" lon="78.3424705" version="1" timestamp="2023-10-10T12:06:41Z" changeset="142390323" uid="19620700" user="jyotikatke"/>
  <node id="11252719699" lat="29.6026847" lon="78.3377970" version="1" timestamp="2023-10-10T12:17:26Z" changeset="142390788" uid="19620700" user="jyotikatke"/>
  <node id="11252719701" lat="29.6026086" lon="78.3393450" version="1" timestamp="2023-10-10T12:17:26Z" changeset="142390788" uid="19620700" user="jyotikatke"/>
  <node id="11252719702" lat="29.6029423" lon="78.3392500" version="1" timestamp="2023-10-10T12:17:26Z" changeset="142390788" uid="19620700" user="jyotikatke"/>
  <node id="11252719703" lat="29.6035256" lon="78.3390910" version="1" timestamp="2023-10-10T12:17:26Z" changeset="142390788" uid="19620700" user="jyotikatke"/>
  <node id="11252719704" lat="29.6026485" lon="78.3396244" version="1" timestamp="2023-10-10T12:17:26Z" changeset="142390788" uid="19620700" user="jyotikatke"/>
  <node id="11252719706" lat="29.6028495" lon="78.3387269" version="1" timestamp="2023-10-10T12:17:26Z" changeset="142390788" uid="19620700" user="jyotikatke"/>
  <node id="11252719707" lat="29.6026101" lon="78.3388033" version="1" timestamp="2023-10-10T12:17:26Z" changeset="142390788" uid="19620700" user="jyotikatke"/>
  <node id="11252719708" lat="29.6024847" lon="78.3365140" version="1" timestamp="2023-10-10T12:17:26Z" changeset="142390788" uid="19620700" user="jyotikatke"/>
  <node id="11252719709" lat="29.6025040" lon="78.3364999" version="1" timestamp="2023-10-10T12:17:26Z" changeset="142390788" uid="19620700" user="jyotikatke"/>
  <node id="11252719710" lat="29.6030824" lon="78.3363712" version="1" timestamp="2023-10-10T12:17:26Z" changeset="142390788" uid="19620700" user="jyotikatke"/>
  <node id="11252719711" lat="29.6019509" lon="78.3357036" version="1" timestamp="2023-10-10T12:17:26Z" changeset="142390788" uid="19620700" user="jyotikatke"/>
  <node id="11252719713" lat="29.6026229" lon="78.3374073" version="1" timestamp="2023-10-10T12:17:26Z" changeset="142390788" uid="19620700" user="jyotikatke"/>
  <node id="11252719714" lat="29.6020291" lon="78.3361763" version="1" timestamp="2023-10-10T12:17:26Z" changeset="142390788" uid="19620700" user="jyotikatke"/>
  <node id="11252719715" lat="29.6030146" lon="78.3359554" version="1" timestamp="2023-10-10T12:17:26Z" changeset="142390788" uid="19620700" user="jyotikatke"/>
  <node id="11252719724" lat="29.6029238" lon="78.3354753" version="1" timestamp="2023-10-10T12:17:26Z" changeset="142390788" uid="19620700" user="jyotikatke"/>
  <node id="11252724293" lat="29.6054148" lon="78.3405923" version="1" timestamp="2023-10-10T11:58:10Z" changeset="142390043" uid="19620700" user="jyotikatke"/>
  <node id="11252724294" lat="29.6056400" lon="78.3402553" version="1" timestamp="2023-10-10T11:58:10Z" changeset="142390043" uid="19620700" user="jyotikatke"/>
  <node id="11252724295" lat="29.6058580" lon="78.3399332" version="1" timestamp="2023-10-10T11:58:10Z" changeset="142390043" uid="19620700" user="jyotikatke"/>
  <node id="11252724296" lat="29.6071128" lon="78.3395845" version="1" timestamp="2023-10-10T11:58:10Z" changeset="142390043" uid="19620700" user="jyotikatke"/>
  <node id="11252724297" lat="29.6062591" lon="78.3406252" version="1" timestamp="2023-10-10T11:58:10Z" changeset="142390043" uid="19620700" user="jyotikatke"/>
  <node id="11252724298" lat="29.6060632" lon="78.3409767" version="1" timestamp="2023-10-10T11:58:10Z" changeset="142390043" uid="19620700" user="jyotikatke"/>
  <node id="11252724299" lat="29.6071696" lon="78.3395394" version="1" timestamp="2023-10-10T11:58:10Z" changeset="142390043" uid="19620700" user="jyotikatke"/>
  <node id="11252724300" lat="29.6072446" lon="78.3395195" version="1" timestamp="2023-10-10T11:58:10Z" changeset="142390043" uid="19620700" user="jyotikatke"/>
  <node id="11252724301" lat="29.6078812" lon="78.3399555" version="1" timestamp="2023-10-10T11:58:10Z" changeset="142390043" uid="19620700" user="jyotikatke"/>
  <node id="11252724302" lat="29.6065483" lon="78.3411655" version="1" timestamp="2023-10-10T11:58:10Z" changeset="142390043" uid="19620700" user="jyotikatke"/>
  <node id="11252724303" lat="29.6070381" lon="78.3405286" version="1" timestamp="2023-10-10T11:58:10Z" changeset="142390043" uid="19620700" user="jyotikatke"/>
  <node id="11252724304" lat="29.6071874" lon="78.3403623" version="1" timestamp="2023-10-10T11:58:10Z" changeset="142390043" uid="19620700" user="jyotikatke"/>
  <node id="11252724305" lat="29.6084981" lon="78.3412475" version="1" timestamp="2023-10-10T11:58:10Z" changeset="142390043" uid="19620700" user="jyotikatke"/>
  <node id="11252726005" lat="29.6082756" lon="78.3435482" version="1" timestamp="2023-10-10T12:02:02Z" changeset="142390168" uid="19620700" user="jyotikatke"/>
  <node id="11252726006" lat="29.6080347" lon="78.3432528" version="1" timestamp="2023-10-10T12:02:02Z" changeset="142390168" uid="19620700" user="jyotikatke"/>
  <node id="11252726007" lat="29.6077599" lon="78.3429582" version="1" timestamp="2023-10-10T12:02:02Z" changeset="142390168" uid="19620700" user="jyotikatke"/>
  <node id="11252726008" lat="29.6071797" lon="78.3420946" version="1" timestamp="2023-10-10T12:02:02Z" changeset="142390168" uid="19620700" user="jyotikatke"/>
  <node id="11252726009" lat="29.6074141" lon="78.3417963" version="1" timestamp="2023-10-10T12:02:02Z" changeset="142390168" uid="19620700" user="jyotikatke"/>
  <node id="11252726010" lat="29.6076039" lon="78.3419413" version="1" timestamp="2023-10-10T12:02:02Z" changeset="142390168" uid="19620700" user="jyotikatke"/>
  <node id="11252735664" lat="29.6032451" lon="78.3406460" version="1" timestamp="2023-10-10T12:09:10Z" changeset="142390419" uid="19620700" user="jyotikatke"/>
  <node id="11252735665" lat="29.6025576" lon="78.3404989" version="1" timestamp="2023-10-10T12:09:10Z" changeset="142390419" uid="19620700" user="jyotikatke"/>
  <node id="11252735666" lat="29.6026088" lon="78.3400149" version="1" timestamp="2023-10-10T12:09:10Z" changeset="142390419" uid="19620700" user="jyotikatke"/>
  <node id="11252735667" lat="29.6040309" lon="78.3401848" version="1" timestamp="2023-10-10T12:09:10Z" changeset="142390419" uid="19620700" user="jyotikatke"/>
  <node id="11252739026" lat="29.6073320" lon="78.3384039" version="1" timestamp="2023-10-10T12:04:02Z" changeset="142390226" uid="19620700" user="jyotikatke"/>
  <node id="11252739027" lat="29.6078124" lon="78.3375031" version="1" timestamp="2023-10-10T12:04:02Z" changeset="142390226" uid="19620700" user="jyotikatke"/>
  <node id="11252751886" lat="29.6030675" lon="78.3285606" version="1" timestamp="2023-10-10T12:20:13Z" changeset="142390892" uid="18812446" user="neharikas"/>
  <node id="11252751888" lat="29.6032459" lon="78.3294623" version="1" timestamp="2023-10-10T12:20:13Z" changeset="142390892" uid="18812446" user="neharikas"/>
  <node id="11252751890" lat="29.6033244" lon="78.3298592" version="1" timestamp="2023-10-10T12:20:13Z" changeset="142390892" uid="18812446" user="neharikas"/>
  <node id="11252751892" lat="29.6035136" lon="78.3308140" version="1" timestamp="2023-10-10T12:20:13Z" changeset="142390892" uid="18812446" user="neharikas"/>
  <node id="11252755637" lat="29.6031967" lon="78.3419272" version="1" timestamp="2023-10-10T12:06:41Z" changeset="142390323" uid="19620700" user="jyotikatke"/>
  <node id="11252768406" lat="29.6078234" lon="78.3286309" version="1" timestamp="2023-10-10T12:26:55Z" changeset="142391131" uid="18812446" user="neharikas"/>
  <node id="11252768411" lat="29.6055714" lon="78.3292531" version="1" timestamp="2023-10-10T12:26:55Z" changeset="142391131" uid="18812446" user="neharikas"/>
  <node id="11252768413" lat="29.6057577" lon="78.3295803" version="1" timestamp="2023-10-10T12:26:55Z" changeset="142391131" uid="18812446" user="neharikas"/>
  <node id="11252768417" lat="29.6059043" lon="78.3298378" version="1" timestamp="2023-10-10T12:26:55Z" changeset="142391131" uid="18812446" user="neharikas"/>
  <node id="11252768418" lat="29.6068516" lon="78.3313504" version="1" timestamp="2023-10-10T12:26:55Z" changeset="142391131" uid="18812446" user="neharikas"/>
  <node id="11252768422" lat="29.6040383" lon="78.3055048" version="1" timestamp="2023-10-10T12:26:55Z" changeset="142391131" uid="18812446" user="neharikas"/>
  <node id="11252778893" lat="29.6050090" lon="78.3324283" version="1" timestamp="2023-10-10T12:21:46Z" changeset="142390955" uid="18812446" user="neharikas"/>
  <node id="11252778895" lat="29.6039962" lon="78.3332276" version="1" timestamp="2023-10-10T12:21:46Z" changeset="142390955" uid="18812446" user="neharikas"/>
  <node id="11252778896" lat="29.6057568" lon="78.3319465" version="2" timestamp="2023-10-11T05:45:37Z" changeset="142419396" uid="16275544" user="nileshbarawkar"/>
  <node id="11252778898" lat="29.6061845" lon="78.3327287" version="1" timestamp="2023-10-10T12:21:46Z" changeset="142390955" uid="18812446" user="neharikas"/>
  <node id="11252778899" lat="29.6063757" lon="78.3330881" version="1" timestamp="2023-10-10T12:21:46Z" changeset="142390955" uid="18812446" user="neharikas"/>
  <node id="11252778900" lat="29.6065950" lon="78.3334207" version="1" timestamp="2023-10-10T12:21:46Z" changeset="142390955" uid="18812446" user="neharikas"/>
  <node id="11252778901" lat="29.6074693" lon="78.3343479" version="1" timestamp="2023-10-10T12:21:46Z" changeset="142390955" uid="18812446" user="neharikas"/>
  <node id="11252778903" lat="29.6048184" lon="78.3325787" version="2" timestamp="2023-10-11T05:45:37Z" changeset="142419396" uid="16275544" user="nileshbarawkar"/>
  <node id="11252778904" lat="29.6049695" lon="78.3330910" version="2" timestamp="2023-10-11T05:45:37Z" changeset="142419396" uid="16275544" user="nileshbarawkar"/>
  <node id="11252778905" lat="29.6050496" lon="78.3335112" version="2" timestamp="2023-10-11T05:45:37Z" changeset="142419396" uid="16275544" user="nileshbarawkar"/>
  <node id="11252778906" lat="29.6050759" lon="78.3335248" version="2" timestamp="2023-10-11T05:45:37Z" changeset="142419396" uid="16275544" user="nileshbarawkar"/>
  <node id="11252778908" lat="29.6056668" lon="78.3332367" version="2" timestamp="2023-10-11T05:45:37Z" changeset="142419396" uid="16275544" user="nileshbarawkar"/>
  <node id="11252778911" lat="29.6067769" lon="78.3323103" version="1" timestamp="2023-10-10T12:21:46Z" changeset="142390955" uid="18812446" user="neharikas"/>
  <node id="11252778912" lat="29.6063338" lon="78.3337802" version="1" timestamp="2023-10-10T12:21:46Z" changeset="142390955" uid="18812446" user="neharikas"/>
  <node id="11252778913" lat="29.6039848" lon="78.3330808" version="2" timestamp="2023-10-11T05:45:37Z" changeset="142419396" uid="16275544" user="nileshbarawkar"/>
  <node id="11252778916" lat="29.6044594" lon="78.3325229" version="2" timestamp="2023-10-11T05:45:37Z" changeset="142419396" uid="16275544" user="nileshbarawkar"/>
  <node id="11252778917" lat="29.6038546" lon="78.3325196" version="1" timestamp="2023-10-10T12:21:46Z" changeset="142390955" uid="18812446" user="neharikas"/>
  <node id="11252778918" lat="29.6043711" lon="78.3323641" version="1" timestamp="2023-10-10T12:21:46Z" changeset="142390955" uid="18812446" user="neharikas"/>
  <node id="11254396485" lat="29.6128732" lon="78.3318388" version="1" timestamp="2023-10-11T05:04:23Z" changeset="142418419" uid="18812446" user="neharikas"/>
  <node id="11254396486" lat="29.6126307" lon="78.3321228" version="1" timestamp="2023-10-11T05:04:23Z" changeset="142418419" uid="18812446" user="neharikas"/>
  <node id="11254396487" lat="29.6117401" lon="78.3331043" version="1" timestamp="2023-10-11T05:04:23Z" changeset="142418419" uid="18812446" user="neharikas"/>
  <node id="11254396488" lat="29.6125421" lon="78.3340832" version="1" timestamp="2023-10-11T05:04:23Z" changeset="142418419" uid="18812446" user="neharikas"/>
  <node id="11254396489" lat="29.6078176" lon="78.3287972" version="1" timestamp="2023-10-11T05:04:23Z" changeset="142418419" uid="18812446" user="neharikas"/>
  <node id="11254396492" lat="29.6090485" lon="78.3311519" version="1" timestamp="2023-10-11T05:04:23Z" changeset="142418419" uid="18812446" user="neharikas"/>
  <node id="11254396496" lat="29.6079914" lon="78.3299022" version="1" timestamp="2023-10-11T05:04:23Z" changeset="142418419" uid="18812446" user="neharikas"/>
  <node id="11254396497" lat="29.6096410" lon="78.3327986" version="1" timestamp="2023-10-11T05:04:23Z" changeset="142418419" uid="18812446" user="neharikas"/>
  <node id="11254396498" lat="29.6092911" lon="78.3323051" version="1" timestamp="2023-10-11T05:04:23Z" changeset="142418419" uid="18812446" user="neharikas"/>
  <node id="11254396499" lat="29.6094170" lon="78.3321281" version="1" timestamp="2023-10-11T05:04:23Z" changeset="142418419" uid="18812446" user="neharikas"/>
  <node id="11254396500" lat="29.6097622" lon="78.3318170" version="1" timestamp="2023-10-11T05:04:23Z" changeset="142418419" uid="18812446" user="neharikas"/>
  <node id="11254396501" lat="29.6097622" lon="78.3317473" version="1" timestamp="2023-10-11T05:04:23Z" changeset="142418419" uid="18812446" user="neharikas"/>
  <node id="11254396502" lat="29.6093657" lon="78.3312860" version="1" timestamp="2023-10-11T05:04:23Z" changeset="142418419" uid="18812446" user="neharikas"/>
  <node id="11254396503" lat="29.6091605" lon="78.3310446" version="1" timestamp="2023-10-11T05:04:23Z" changeset="142418419" uid="18812446" user="neharikas"/>
  <node id="11254396504" lat="29.6088806" lon="78.3315649" version="1" timestamp="2023-10-11T05:04:23Z" changeset="142418419" uid="18812446" user="neharikas"/>
  <node id="11254396505" lat="29.6084842" lon="78.3323051" version="1" timestamp="2023-10-11T05:04:23Z" changeset="142418419" uid="18812446" user="neharikas"/>
  <node id="11254396506" lat="29.6091069" lon="78.3335710" version="1" timestamp="2023-10-11T05:04:23Z" changeset="142418419" uid="18812446" user="neharikas"/>
  <node id="11254396507" lat="29.6088387" lon="78.3328253" version="1" timestamp="2023-10-11T05:04:23Z" changeset="142418419" uid="18812446" user="neharikas"/>
  <node id="11254396508" lat="29.6098835" lon="78.3326806" version="1" timestamp="2023-10-11T05:04:23Z" changeset="142418419" uid="18812446" user="neharikas"/>
  <node id="11254396509" lat="29.6102567" lon="78.3324553" version="1" timestamp="2023-10-11T05:04:23Z" changeset="142418419" uid="18812446" user="neharikas"/>
  <node id="11254396510" lat="29.6109284" lon="78.3320262" version="1" timestamp="2023-10-11T05:04:23Z" changeset="142418419" uid="18812446" user="neharikas"/>
  <node id="11254396511" lat="29.6103733" lon="78.3328523" version="1" timestamp="2023-10-11T05:04:23Z" changeset="142418419" uid="18812446" user="neharikas"/>
  <node id="11254396512" lat="29.6106159" lon="78.3327611" version="1" timestamp="2023-10-11T05:04:23Z" changeset="142418419" uid="18812446" user="neharikas"/>
  <node id="11254396513" lat="29.6111337" lon="78.3324500" version="1" timestamp="2023-10-11T05:04:23Z" changeset="142418419" uid="18812446" user="neharikas"/>
  <node id="11254396514" lat="29.6116748" lon="78.3321067" version="1" timestamp="2023-10-11T05:04:23Z" changeset="142418419" uid="18812446" user="neharikas"/>
  <node id="11254396515" lat="29.6124442" lon="78.3316161" version="1" timestamp="2023-10-11T05:04:23Z" changeset="142418419" uid="18812446" user="neharikas"/>
  <node id="11254396516" lat="29.6107418" lon="78.3338982" version="1" timestamp="2023-10-11T05:04:23Z" changeset="142418419" uid="18812446" user="neharikas"/>
  <node id="11254396517" lat="29.6111477" lon="78.3335549" version="1" timestamp="2023-10-11T05:04:23Z" changeset="142418419" uid="18812446" user="neharikas"/>
  <node id="11254396518" lat="29.6116048" lon="78.3330078" version="1" timestamp="2023-10-11T05:04:23Z" changeset="142418419" uid="18812446" user="neharikas"/>
  <node id="11254396519" lat="29.6112456" lon="78.3325894" version="1" timestamp="2023-10-11T05:04:23Z" changeset="142418419" uid="18812446" user="neharikas"/>
  <node id="11254396520" lat="29.6106065" lon="78.3337373" version="1" timestamp="2023-10-11T05:04:23Z" changeset="142418419" uid="18812446" user="neharikas"/>
  <node id="11254396521" lat="29.6109891" lon="78.3341825" version="1" timestamp="2023-10-11T05:04:23Z" changeset="142418419" uid="18812446" user="neharikas"/>
  <node id="11254396522" lat="29.6108211" lon="78.3343863" version="1" timestamp="2023-10-11T05:04:23Z" changeset="142418419" uid="18812446" user="neharikas"/>
  <node id="11254396523" lat="29.6100328" lon="78.3329971" version="1" timestamp="2023-10-11T05:04:23Z" changeset="142418419" uid="18812446" user="neharikas"/>
  <node id="11254396524" lat="29.6102380" lon="78.3338767" version="1" timestamp="2023-10-11T05:04:23Z" changeset="142418419" uid="18812446" user="neharikas"/>
  <node id="11254396525" lat="29.6103686" lon="78.3340430" version="1" timestamp="2023-10-11T05:04:23Z" changeset="142418419" uid="18812446" user="neharikas"/>
  <node id="11254396526" lat="29.6107512" lon="78.3317098" version="1" timestamp="2023-10-11T05:04:23Z" changeset="142418419" uid="18812446" user="neharikas"/>
  <node id="11254396527" lat="29.6106625" lon="78.3316615" version="1" timestamp="2023-10-11T05:04:23Z" changeset="142418419" uid="18812446" user="neharikas"/>
  <node id="11254396528" lat="29.6099628" lon="78.3311358" version="1" timestamp="2023-10-11T05:04:23Z" changeset="142418419" uid="18812446" user="neharikas"/>
  <node id="11254396529" lat="29.6120059" lon="78.3313277" version="1" timestamp="2023-10-11T05:04:23Z" changeset="142418419" uid="18812446" user="neharikas"/>
  <node id="11254396530" lat="29.6116701" lon="78.3315703" version="1" timestamp="2023-10-11T05:04:23Z" changeset="142418419" uid="18812446" user="neharikas"/>
  <node id="11254396531" lat="29.6098135" lon="78.3331955" version="1" timestamp="2023-10-11T05:04:23Z" changeset="142418419" uid="18812446" user="neharikas"/>
  <node id="11254396532" lat="29.6096829" lon="78.3332814" version="1" timestamp="2023-10-11T05:04:23Z" changeset="142418419" uid="18812446" user="neharikas"/>
  <node id="11254396533" lat="29.6094031" lon="78.3334208" version="1" timestamp="2023-10-11T05:04:23Z" changeset="142418419" uid="18812446" user="neharikas"/>
  <node id="11254396534" lat="29.6088946" lon="78.3337158" version="1" timestamp="2023-10-11T05:04:23Z" changeset="142418419" uid="18812446" user="neharikas"/>
  <node id="11254396535" lat="29.6086829" lon="78.3339089" version="1" timestamp="2023-10-11T05:04:23Z" changeset="142418419" uid="18812446" user="neharikas"/>
  <node id="11254396536" lat="29.6097389" lon="78.3335173" version="1" timestamp="2023-10-11T05:04:23Z" changeset="142418419" uid="18812446" user="neharikas"/>
  <node id="11254408237" lat="29.6098975" lon="78.3339304" version="1" timestamp="2023-10-11T05:04:23Z" changeset="142418419" uid="18812446" user="neharikas"/>
  <node id="11254408238" lat="29.6095337" lon="78.3338177" version="1" timestamp="2023-10-11T05:04:23Z" changeset="142418419" uid="18812446" user="neharikas"/>
  <node id="11254408239" lat="29.6134794" lon="78.3320846" version="1" timestamp="2023-10-11T05:04:23Z" changeset="142418419" uid="18812446" user="neharikas"/>
  <node id="11254408240" lat="29.6136006" lon="78.3310393" version="1" timestamp="2023-10-11T05:04:23Z" changeset="142418419" uid="18812446" user="neharikas"/>
  <node id="11254408241" lat="29.6140902" lon="78.3305619" version="1" timestamp="2023-10-11T05:04:23Z" changeset="142418419" uid="18812446" user="neharikas"/>
  <node id="11254408242" lat="29.6141322" lon="78.3305404" version="1" timestamp="2023-10-11T05:04:23Z" changeset="142418419" uid="18812446" user="neharikas"/>
  <node id="11254408243" lat="29.6142115" lon="78.3304546" version="1" timestamp="2023-10-11T05:04:23Z" changeset="142418419" uid="18812446" user="neharikas"/>
  <node id="11254408244" lat="29.6142861" lon="78.3303581" version="1" timestamp="2023-10-11T05:04:23Z" changeset="142418419" uid="18812446" user="neharikas"/>
  <node id="11254408245" lat="29.6142488" lon="78.3302561" version="1" timestamp="2023-10-11T05:04:23Z" changeset="142418419" uid="18812446" user="neharikas"/>
  <node id="11254408246" lat="29.6052881" lon="78.3287114" version="1" timestamp="2023-10-11T05:04:23Z" changeset="142418419" uid="18812446" user="neharikas"/>
  <node id="11254408250" lat="29.6117308" lon="78.3347794" version="1" timestamp="2023-10-11T05:04:23Z" changeset="142418419" uid="18812446" user="neharikas"/>
  <node id="11254408251" lat="29.6117634" lon="78.3348101" version="1" timestamp="2023-10-11T05:04:23Z" changeset="142418419" uid="18812446" user="neharikas"/>
  <node id="11254408252" lat="29.6118986" lon="78.3349174" version="1" timestamp="2023-10-11T05:04:23Z" changeset="142418419" uid="18812446" user="neharikas"/>
  <node id="11254408253" lat="29.6120338" lon="78.3349979" version="1" timestamp="2023-10-11T05:04:23Z" changeset="142418419" uid="18812446" user="neharikas"/>
  <node id="11254408254" lat="29.6130037" lon="78.3354056" version="1" timestamp="2023-10-11T05:04:23Z" changeset="142418419" uid="18812446" user="neharikas"/>
  <node id="11254408255" lat="29.6133581" lon="78.3355075" version="1" timestamp="2023-10-11T05:04:23Z" changeset="142418419" uid="18812446" user="neharikas"/>
  <node id="11254408256" lat="29.6135633" lon="78.3354646" version="1" timestamp="2023-10-11T05:04:23Z" changeset="142418419" uid="18812446" user="neharikas"/>
  <node id="11254408257" lat="29.6139503" lon="78.3353036" version="1" timestamp="2023-10-11T05:04:23Z" changeset="142418419" uid="18812446" user="neharikas"/>
  <node id="11254408258" lat="29.6145798" lon="78.3349335" version="1" timestamp="2023-10-11T05:04:23Z" changeset="142418419" uid="18812446" user="neharikas"/>
  <node id="11254408259" lat="29.6154212" lon="78.3346642" version="1" timestamp="2023-10-11T05:04:23Z" changeset="142418419" uid="18812446" user="neharikas"/>
  <node id="11254408260" lat="29.6157921" lon="78.3352500" version="1" timestamp="2023-10-11T05:04:23Z" changeset="142418419" uid="18812446" user="neharikas"/>
  <node id="11254408261" lat="29.6153206" lon="78.3347955" version="1" timestamp="2023-10-11T05:04:23Z" changeset="142418419" uid="18812446" user="neharikas"/>
  <node id="11254408262" lat="29.6144958" lon="78.3358322" version="1" timestamp="2023-10-11T05:04:23Z" changeset="142418419" uid="18812446" user="neharikas"/>
  <node id="11254408263" lat="29.6148036" lon="78.3362800" version="1" timestamp="2023-10-11T05:04:23Z" changeset="142418419" uid="18812446" user="neharikas"/>
  <node id="11254408264" lat="29.6148735" lon="78.3363443" version="1" timestamp="2023-10-11T05:04:23Z" changeset="142418419" uid="18812446" user="neharikas"/>
  <node id="11254408265" lat="29.6151160" lon="78.3360868" version="1" timestamp="2023-10-11T05:04:23Z" changeset="142418419" uid="18812446" user="neharikas"/>
  <node id="11254408266" lat="29.6151160" lon="78.3360064" version="1" timestamp="2023-10-11T05:04:23Z" changeset="142418419" uid="18812446" user="neharikas"/>
  <node id="11254408267" lat="29.6147653" lon="78.3355350" version="2" timestamp="2025-03-13T12:14:09Z" changeset="163567656" uid="19419485" user="ashwini_15"/>
  <node id="11254408268" lat="29.6142068" lon="78.3355880" version="1" timestamp="2023-10-11T05:04:23Z" changeset="142418419" uid="18812446" user="neharikas"/>
  <node id="11254408269" lat="29.6140902" lon="78.3357167" version="1" timestamp="2023-10-11T05:04:23Z" changeset="142418419" uid="18812446" user="neharikas"/>
  <node id="11254408270" lat="29.6139456" lon="78.3359581" version="1" timestamp="2023-10-11T05:04:23Z" changeset="142418419" uid="18812446" user="neharikas"/>
  <node id="11254408271" lat="29.6139410" lon="78.3360761" version="1" timestamp="2023-10-11T05:04:23Z" changeset="142418419" uid="18812446" user="neharikas"/>
  <node id="11254408272" lat="29.6140762" lon="78.3362222" version="1" timestamp="2023-10-11T05:04:23Z" changeset="142418419" uid="18812446" user="neharikas"/>
  <node id="11254408273" lat="29.6118893" lon="78.3374816" version="1" timestamp="2023-10-11T05:04:23Z" changeset="142418419" uid="18812446" user="neharikas"/>
  <node id="11254408274" lat="29.6119406" lon="78.3372134" version="1" timestamp="2023-10-11T05:04:23Z" changeset="142418419" uid="18812446" user="neharikas"/>
  <node id="11254408275" lat="29.6120711" lon="78.3368164" version="1" timestamp="2023-10-11T05:04:23Z" changeset="142418419" uid="18812446" user="neharikas"/>
  <node id="11254408276" lat="29.6120572" lon="78.3367145" version="1" timestamp="2023-10-11T05:04:23Z" changeset="142418419" uid="18812446" user="neharikas"/>
  <node id="11254408277" lat="29.6120012" lon="78.3365858" version="1" timestamp="2023-10-11T05:04:23Z" changeset="142418419" uid="18812446" user="neharikas"/>
  <node id="11254408278" lat="29.6120618" lon="78.3363658" version="1" timestamp="2023-10-11T05:04:23Z" changeset="142418419" uid="18812446" user="neharikas"/>
  <node id="11254408279" lat="29.6123509" lon="78.3358884" version="1" timestamp="2023-10-11T05:04:23Z" changeset="142418419" uid="18812446" user="neharikas"/>
  <node id="11254408280" lat="29.6125281" lon="78.3359152" version="1" timestamp="2023-10-11T05:04:23Z" changeset="142418419" uid="18812446" user="neharikas"/>
  <node id="11254408281" lat="29.6127333" lon="78.3361298" version="1" timestamp="2023-10-11T05:04:23Z" changeset="142418419" uid="18812446" user="neharikas"/>
  <node id="11254408282" lat="29.6133068" lon="78.3369372" version="1" timestamp="2023-10-11T05:04:23Z" changeset="142418419" uid="18812446" user="neharikas"/>
  <node id="11254408283" lat="29.6123183" lon="78.3358454" version="1" timestamp="2023-10-11T05:04:23Z" changeset="142418419" uid="18812446" user="neharikas"/>
  <node id="11254408284" lat="29.6120572" lon="78.3356684" version="1" timestamp="2023-10-11T05:04:23Z" changeset="142418419" uid="18812446" user="neharikas"/>
  <node id="11254408285" lat="29.6110077" lon="78.3353843" version="1" timestamp="2023-10-11T05:04:23Z" changeset="142418419" uid="18812446" user="neharikas"/>
  <node id="11254408286" lat="29.6114788" lon="78.3354592" version="1" timestamp="2023-10-11T05:04:23Z" changeset="142418419" uid="18812446" user="neharikas"/>
  <node id="11254408287" lat="29.6116748" lon="78.3355129" version="1" timestamp="2023-10-11T05:04:23Z" changeset="142418419" uid="18812446" user="neharikas"/>
  <node id="11254408288" lat="29.6113156" lon="78.3367360" version="1" timestamp="2023-10-11T05:04:23Z" changeset="142418419" uid="18812446" user="neharikas"/>
  <node id="11254408289" lat="29.6112689" lon="78.3366555" version="1" timestamp="2023-10-11T05:04:23Z" changeset="142418419" uid="18812446" user="neharikas"/>
  <node id="11254408290" lat="29.6112176" lon="78.3365804" version="1" timestamp="2023-10-11T05:04:23Z" changeset="142418419" uid="18812446" user="neharikas"/>
  <node id="11254408291" lat="29.6110777" lon="78.3364195" version="1" timestamp="2023-10-11T05:04:23Z" changeset="142418419" uid="18812446" user="neharikas"/>
  <node id="11254408292" lat="29.6110124" lon="78.3363229" version="1" timestamp="2023-10-11T05:04:23Z" changeset="142418419" uid="18812446" user="neharikas"/>
  <node id="11254408293" lat="29.6109004" lon="78.3361405" version="1" timestamp="2023-10-11T05:04:23Z" changeset="142418419" uid="18812446" user="neharikas"/>
  <node id="11254408294" lat="29.6108165" lon="78.3359903" version="1" timestamp="2023-10-11T05:04:23Z" changeset="142418419" uid="18812446" user="neharikas"/>
  <node id="11254408295" lat="29.6108211" lon="78.3359420" version="1" timestamp="2023-10-11T05:04:23Z" changeset="142418419" uid="18812446" user="neharikas"/>
  <node id="11254408296" lat="29.6108351" lon="78.3358669" version="1" timestamp="2023-10-11T05:04:23Z" changeset="142418419" uid="18812446" user="neharikas"/>
  <node id="11254408297" lat="29.6100421" lon="78.3383400" version="1" timestamp="2023-10-11T05:04:23Z" changeset="142418419" uid="18812446" user="neharikas"/>
  <node id="11254408298" lat="29.6108585" lon="78.3388067" version="1" timestamp="2023-10-11T05:04:23Z" changeset="142418419" uid="18812446" user="neharikas"/>
  <node id="11254408299" lat="29.6109378" lon="78.3388228" version="1" timestamp="2023-10-11T05:04:23Z" changeset="142418419" uid="18812446" user="neharikas"/>
  <node id="11254408300" lat="29.6110569" lon="78.3389173" version="1" timestamp="2023-10-11T05:04:23Z" changeset="142418419" uid="18812446" user="neharikas"/>
  <node id="11254408301" lat="29.6097716" lon="78.3379430" version="1" timestamp="2023-10-11T05:04:23Z" changeset="142418419" uid="18812446" user="neharikas"/>
  <node id="11254408302" lat="29.6095663" lon="78.3376694" version="1" timestamp="2023-10-11T05:04:23Z" changeset="142418419" uid="18812446" user="neharikas"/>
  <node id="11254408303" lat="29.6094684" lon="78.3374226" version="1" timestamp="2023-10-11T05:04:23Z" changeset="142418419" uid="18812446" user="neharikas"/>
  <node id="11254408304" lat="29.6094311" lon="78.3373690" version="1" timestamp="2023-10-11T05:04:23Z" changeset="142418419" uid="18812446" user="neharikas"/>
  <node id="11254408305" lat="29.6092865" lon="78.3363819" version="1" timestamp="2023-10-11T05:04:23Z" changeset="142418419" uid="18812446" user="neharikas"/>
  <node id="11254408306" lat="29.6092818" lon="78.3358286" version="1" timestamp="2023-10-11T05:04:23Z" changeset="142418419" uid="18812446" user="neharikas"/>
  <node id="11254408307" lat="29.6103780" lon="78.3379269" version="1" timestamp="2023-10-11T05:04:23Z" changeset="142418419" uid="18812446" user="neharikas"/>
  <node id="11254408308" lat="29.6103920" lon="78.3378840" version="1" timestamp="2023-10-11T05:04:23Z" changeset="142418419" uid="18812446" user="neharikas"/>
  <node id="11254408309" lat="29.6103360" lon="78.3377016" version="1" timestamp="2023-10-11T05:04:23Z" changeset="142418419" uid="18812446" user="neharikas"/>
  <node id="11254408310" lat="29.6093844" lon="78.3374119" version="1" timestamp="2023-10-11T05:04:23Z" changeset="142418419" uid="18812446" user="neharikas"/>
  <node id="11254408311" lat="29.6092445" lon="78.3376908" version="1" timestamp="2023-10-11T05:04:23Z" changeset="142418419" uid="18812446" user="neharikas"/>
  <node id="11254408312" lat="29.6106718" lon="78.3394772" version="1" timestamp="2023-10-11T05:04:23Z" changeset="142418419" uid="18812446" user="neharikas"/>
  <node id="11254408313" lat="29.6106542" lon="78.3391823" version="1" timestamp="2023-10-11T05:04:23Z" changeset="142418419" uid="18812446" user="neharikas"/>
  <node id="11254408314" lat="29.6106735" lon="78.3389334" version="1" timestamp="2023-10-11T05:04:23Z" changeset="142418419" uid="18812446" user="neharikas"/>
  <node id="11254408315" lat="29.6201807" lon="78.3324463" version="2" timestamp="2023-10-30T08:24:03Z" changeset="143351139" uid="19620700" user="jyotikatke"/>
  <node id="11254408317" lat="29.6190655" lon="78.3329274" version="1" timestamp="2023-10-11T05:04:23Z" changeset="142418419" uid="18812446" user="neharikas"/>
  <node id="11254408318" lat="29.6182588" lon="78.3332492" version="1" timestamp="2023-10-11T05:04:23Z" changeset="142418419" uid="18812446" user="neharikas"/>
  <node id="11254408319" lat="29.6172750" lon="78.3336086" version="1" timestamp="2023-10-11T05:04:23Z" changeset="142418419" uid="18812446" user="neharikas"/>
  <node id="11254408320" lat="29.6169626" lon="78.3337212" version="1" timestamp="2023-10-11T05:04:23Z" changeset="142418419" uid="18812446" user="neharikas"/>
  <node id="11254408321" lat="29.6166455" lon="78.3338392" version="1" timestamp="2023-10-11T05:04:23Z" changeset="142418419" uid="18812446" user="neharikas"/>
  <node id="11254408322" lat="29.6163229" lon="78.3339768" version="1" timestamp="2023-10-11T05:04:23Z" changeset="142418419" uid="18812446" user="neharikas"/>
  <node id="11254408323" lat="29.6172252" lon="78.3344826" version="1" timestamp="2023-10-11T05:04:23Z" changeset="142418419" uid="18812446" user="neharikas"/>
  <node id="11254408324" lat="29.6171274" lon="78.3342573" version="1" timestamp="2023-10-11T05:04:23Z" changeset="142418419" uid="18812446" user="neharikas"/>
  <node id="11254408325" lat="29.6171134" lon="78.3341929" version="1" timestamp="2023-10-11T05:04:23Z" changeset="142418419" uid="18812446" user="neharikas"/>
  <node id="11254408326" lat="29.6174210" lon="78.3340213" version="1" timestamp="2023-10-11T05:04:23Z" changeset="142418419" uid="18812446" user="neharikas"/>
  <node id="11254408327" lat="29.6168244" lon="78.3343646" version="1" timestamp="2023-10-11T05:04:23Z" changeset="142418419" uid="18812446" user="neharikas"/>
  <node id="11254408328" lat="29.6165820" lon="78.3345040" version="1" timestamp="2023-10-11T05:04:23Z" changeset="142418419" uid="18812446" user="neharikas"/>
  <node id="11254408329" lat="29.6165335" lon="78.3345473" version="1" timestamp="2023-10-11T05:04:23Z" changeset="142418419" uid="18812446" user="neharikas"/>
  <node id="11254408330" lat="29.6169596" lon="78.3347132" version="1" timestamp="2023-10-11T05:04:23Z" changeset="142418419" uid="18812446" user="neharikas"/>
  <node id="11254408331" lat="29.6164123" lon="78.3342683" version="1" timestamp="2023-10-11T05:04:23Z" changeset="142418419" uid="18812446" user="neharikas"/>
  <node id="11254408332" lat="29.6166315" lon="78.3348048" version="1" timestamp="2023-10-11T05:04:23Z" changeset="142418419" uid="18812446" user="neharikas"/>
  <node id="11254408333" lat="29.6176706" lon="78.3334641" version="1" timestamp="2023-10-11T05:04:23Z" changeset="142418419" uid="18812446" user="neharikas"/>
  <node id="11254414897" lat="29.6053914" lon="78.3333644" version="1" timestamp="2023-10-11T05:45:37Z" changeset="142419396" uid="16275544" user="nileshbarawkar"/>
  <node id="11266125376" lat="29.6151533" lon="78.3394879" version="1" timestamp="2023-10-16T06:48:28Z" changeset="142648077" uid="18812448" user="rajanik"/>
  <node id="11266125377" lat="29.6158752" lon="78.3402818" version="1" timestamp="2023-10-16T06:48:28Z" changeset="142648077" uid="18812448" user="rajanik"/>
  <node id="11266125378" lat="29.6145362" lon="78.3378567" version="1" timestamp="2023-10-16T06:48:28Z" changeset="142648077" uid="18812448" user="rajanik"/>
  <node id="11266125379" lat="29.6151023" lon="78.3385583" version="1" timestamp="2023-10-16T06:48:28Z" changeset="142648077" uid="18812448" user="rajanik"/>
  <node id="11266125380" lat="29.6154917" lon="78.3390040" version="1" timestamp="2023-10-16T06:48:28Z" changeset="142648077" uid="18812448" user="rajanik"/>
  <node id="11266125381" lat="29.6155377" lon="78.3390925" version="1" timestamp="2023-10-16T06:48:28Z" changeset="142648077" uid="18812448" user="rajanik"/>
  <node id="11266125382" lat="29.6146777" lon="78.3389568" version="1" timestamp="2023-10-16T06:48:28Z" changeset="142648077" uid="18812448" user="rajanik"/>
  <node id="11266125383" lat="29.6145425" lon="78.3387530" version="1" timestamp="2023-10-16T06:48:28Z" changeset="142648077" uid="18812448" user="rajanik"/>
  <node id="11266125384" lat="29.6141741" lon="78.3383238" version="1" timestamp="2023-10-16T06:48:28Z" changeset="142648077" uid="18812448" user="rajanik"/>
  <node id="11266125385" lat="29.6140798" lon="78.3381859" version="1" timestamp="2023-10-16T06:48:28Z" changeset="142648077" uid="18812448" user="rajanik"/>
  <node id="11266125386" lat="29.6137078" lon="78.3385169" version="1" timestamp="2023-10-16T06:48:28Z" changeset="142648077" uid="18812448" user="rajanik"/>
  <node id="11266125387" lat="29.6149015" lon="78.3374548" version="1" timestamp="2023-10-16T06:48:28Z" changeset="142648077" uid="18812448" user="rajanik"/>
  <node id="11266125388" lat="29.6141718" lon="78.3423005" version="1" timestamp="2023-10-16T06:48:28Z" changeset="142648077" uid="18812448" user="rajanik"/>
  <node id="11266125389" lat="29.6146532" lon="78.3432609" version="1" timestamp="2023-10-16T06:48:28Z" changeset="142648077" uid="18812448" user="rajanik"/>
  <node id="11266125390" lat="29.6144437" lon="78.3427189" version="1" timestamp="2023-10-16T06:48:28Z" changeset="142648077" uid="18812448" user="rajanik"/>
  <node id="11266125391" lat="29.6139265" lon="78.3417812" version="1" timestamp="2023-10-16T06:48:28Z" changeset="142648077" uid="18812448" user="rajanik"/>
  <node id="11266125392" lat="29.6136224" lon="78.3413616" version="1" timestamp="2023-10-16T06:48:28Z" changeset="142648077" uid="18812448" user="rajanik"/>
  <node id="11266125393" lat="29.6127239" lon="78.3402121" version="1" timestamp="2023-10-16T06:48:28Z" changeset="142648077" uid="18812448" user="rajanik"/>
  <node id="11266125394" lat="29.6123922" lon="78.3397869" version="1" timestamp="2023-10-16T06:48:28Z" changeset="142648077" uid="18812448" user="rajanik"/>
  <node id="11266125395" lat="29.6121793" lon="78.3395037" version="1" timestamp="2023-10-16T06:48:28Z" changeset="142648077" uid="18812448" user="rajanik"/>
  <node id="11266125396" lat="29.6119433" lon="78.3391732" version="1" timestamp="2023-10-16T06:48:28Z" changeset="142648077" uid="18812448" user="rajanik"/>
  <node id="11266125397" lat="29.6120385" lon="78.3390051" version="1" timestamp="2023-10-16T06:48:28Z" changeset="142648077" uid="18812448" user="rajanik"/>
  <node id="11266125398" lat="29.6121569" lon="78.3388508" version="1" timestamp="2023-10-16T06:48:28Z" changeset="142648077" uid="18812448" user="rajanik"/>
  <node id="11266125399" lat="29.6122481" lon="78.3387004" version="1" timestamp="2023-10-16T06:48:28Z" changeset="142648077" uid="18812448" user="rajanik"/>
  <node id="11266125400" lat="29.6125374" lon="78.3383667" version="1" timestamp="2023-10-16T06:48:28Z" changeset="142648077" uid="18812448" user="rajanik"/>
  <node id="11266125401" lat="29.6148642" lon="78.3409631" version="1" timestamp="2023-10-16T06:48:28Z" changeset="142648077" uid="18812448" user="rajanik"/>
  <node id="11266125402" lat="29.6148083" lon="78.3410382" version="1" timestamp="2023-10-16T06:48:28Z" changeset="142648077" uid="18812448" user="rajanik"/>
  <node id="11266125403" lat="29.6144446" lon="78.3414084" version="1" timestamp="2023-10-16T06:48:28Z" changeset="142648077" uid="18812448" user="rajanik"/>
  <node id="11266125404" lat="29.6144270" lon="78.3415604" version="1" timestamp="2023-10-16T06:48:28Z" changeset="142648077" uid="18812448" user="rajanik"/>
  <node id="11266125405" lat="29.6144306" lon="78.3416605" version="1" timestamp="2023-10-16T06:48:28Z" changeset="142648077" uid="18812448" user="rajanik"/>
  <node id="11266125406" lat="29.6144576" lon="78.3418452" version="1" timestamp="2023-10-16T06:48:28Z" changeset="142648077" uid="18812448" user="rajanik"/>
  <node id="11266125407" lat="29.6145194" lon="78.3419561" version="1" timestamp="2023-10-16T06:48:28Z" changeset="142648077" uid="18812448" user="rajanik"/>
  <node id="11266125408" lat="29.6128885" lon="78.3435597" version="1" timestamp="2023-10-16T06:48:28Z" changeset="142648077" uid="18812448" user="rajanik"/>
  <node id="11266125409" lat="29.6130831" lon="78.3438432" version="1" timestamp="2023-10-16T06:48:28Z" changeset="142648077" uid="18812448" user="rajanik"/>
  <node id="11266125410" lat="29.6131831" lon="78.3439744" version="1" timestamp="2023-10-16T06:48:28Z" changeset="142648077" uid="18812448" user="rajanik"/>
  <node id="11277153007" lat="29.4887935" lon="78.1655426" version="1" timestamp="2023-10-20T11:30:26Z" changeset="142865706" uid="16531141" user="tusharvalvi">
    <tag k="ford" v="yes"/>
  </node>
  <node id="11299444024" lat="29.6216752" lon="78.3317589" version="1" timestamp="2023-10-30T08:24:03Z" changeset="143351139" uid="19620700" user="jyotikatke"/>
  <node id="11299444026" lat="29.6212720" lon="78.3319081" version="1" timestamp="2023-10-30T08:24:03Z" changeset="143351139" uid="19620700" user="jyotikatke"/>
  <node id="11299444027" lat="29.6199254" lon="78.3325565" version="1" timestamp="2023-10-30T08:24:03Z" changeset="143351139" uid="19620700" user="jyotikatke"/>
  <node id="11299444028" lat="29.6191213" lon="78.3307648" version="1" timestamp="2023-10-30T08:24:03Z" changeset="143351139" uid="19620700" user="jyotikatke"/>
  <node id="11367951180" lat="29.6101779" lon="78.3473683" version="1" timestamp="2023-11-22T06:34:38Z" changeset="144312372" uid="19795114" user="kunalchhapre"/>
  <node id="11367951181" lat="29.6095623" lon="78.3482640" version="1" timestamp="2023-11-22T06:34:38Z" changeset="144312372" uid="19795114" user="kunalchhapre"/>
  <node id="11367951182" lat="29.6102763" lon="78.3474916" version="1" timestamp="2023-11-22T06:34:38Z" changeset="144312372" uid="19795114" user="kunalchhapre"/>
  <node id="11367951183" lat="29.6104297" lon="78.3473361" version="1" timestamp="2023-11-22T06:34:38Z" changeset="144312372" uid="19795114" user="kunalchhapre"/>
  <node id="11367951184" lat="29.6106069" lon="78.3471859" version="1" timestamp="2023-11-22T06:34:38Z" changeset="144312372" uid="19795114" user="kunalchhapre"/>
  <node id="11367951185" lat="29.6125234" lon="78.3495623" version="1" timestamp="2023-11-22T06:34:38Z" changeset="144312372" uid="19795114" user="kunalchhapre"/>
  <node id="11367951186" lat="29.6125279" lon="78.3495902" version="1" timestamp="2023-11-22T06:34:38Z" changeset="144312372" uid="19795114" user="kunalchhapre"/>
  <node id="11367951187" lat="29.6126213" lon="78.3494497" version="1" timestamp="2023-11-22T06:34:38Z" changeset="144312372" uid="19795114" user="kunalchhapre"/>
  <node id="11367951188" lat="29.6128312" lon="78.3492673" version="1" timestamp="2023-11-22T06:34:38Z" changeset="144312372" uid="19795114" user="kunalchhapre"/>
  <node id="11367951189" lat="29.6134233" lon="78.3487684" version="1" timestamp="2023-11-22T06:34:38Z" changeset="144312372" uid="19795114" user="kunalchhapre"/>
  <node id="11367951190" lat="29.6126375" lon="78.3489486" version="1" timestamp="2023-11-22T06:34:38Z" changeset="144312372" uid="19795114" user="kunalchhapre"/>
  <node id="11367951191" lat="29.6130857" lon="78.3464831" version="1" timestamp="2023-11-22T06:34:38Z" changeset="144312372" uid="19795114" user="kunalchhapre"/>
  <node id="11367951192" lat="29.6123835" lon="78.3470303" version="1" timestamp="2023-11-22T06:34:38Z" changeset="144312372" uid="19795114" user="kunalchhapre"/>
  <node id="11367951193" lat="29.6117027" lon="78.3478296" version="1" timestamp="2023-11-22T06:34:38Z" changeset="144312372" uid="19795114" user="kunalchhapre"/>
  <node id="11367951194" lat="29.6116981" lon="78.3478832" version="1" timestamp="2023-11-22T06:34:38Z" changeset="144312372" uid="19795114" user="kunalchhapre"/>
  <node id="11367951195" lat="29.6120012" lon="78.3482373" version="1" timestamp="2023-11-22T06:34:38Z" changeset="144312372" uid="19795114" user="kunalchhapre"/>
  <node id="11367951196" lat="29.6121131" lon="78.3484304" version="1" timestamp="2023-11-22T06:34:38Z" changeset="144312372" uid="19795114" user="kunalchhapre"/>
  <node id="11367951197" lat="29.6124441" lon="78.3482748" version="1" timestamp="2023-11-22T06:34:38Z" changeset="144312372" uid="19795114" user="kunalchhapre"/>
  <node id="11367951198" lat="29.6116747" lon="78.3458019" version="1" timestamp="2023-11-22T06:34:38Z" changeset="144312372" uid="19795114" user="kunalchhapre"/>
  <node id="11367951199" lat="29.6119825" lon="78.3454317" version="1" timestamp="2023-11-22T06:34:38Z" changeset="144312372" uid="19795114" user="kunalchhapre"/>
  <node id="11367951200" lat="29.6116533" lon="78.3448631" version="1" timestamp="2023-11-22T06:34:38Z" changeset="144312372" uid="19795114" user="kunalchhapre"/>
  <node id="11367951201" lat="29.6114789" lon="78.3456034" version="1" timestamp="2023-11-22T06:34:38Z" changeset="144312372" uid="19795114" user="kunalchhapre"/>
  <node id="11367951202" lat="29.6113716" lon="78.3454478" version="1" timestamp="2023-11-22T06:34:38Z" changeset="144312372" uid="19795114" user="kunalchhapre"/>
  <node id="11367951203" lat="29.6112397" lon="78.3452922" version="1" timestamp="2023-11-22T06:34:38Z" changeset="144312372" uid="19795114" user="kunalchhapre"/>
  <node id="11367955954" lat="29.6130727" lon="78.3557311" version="1" timestamp="2023-11-22T06:08:04Z" changeset="144311683" uid="19795114" user="kunalchhapre"/>
  <node id="11367955958" lat="29.6125664" lon="78.3550929" version="1" timestamp="2023-11-22T06:08:04Z" changeset="144311683" uid="19795114" user="kunalchhapre"/>
  <node id="11367955964" lat="29.6118090" lon="78.3541382" version="1" timestamp="2023-11-22T06:08:04Z" changeset="144311683" uid="19795114" user="kunalchhapre"/>
  <node id="11367968928" lat="29.6101172" lon="78.3457428" version="1" timestamp="2023-11-22T06:39:51Z" changeset="144312493" uid="19795114" user="kunalchhapre"/>
  <node id="11367968929" lat="29.6100519" lon="78.3458340" version="1" timestamp="2023-11-22T06:39:51Z" changeset="144312493" uid="19795114" user="kunalchhapre"/>
  <node id="11367968930" lat="29.6100863" lon="78.3465851" version="1" timestamp="2023-11-22T06:39:51Z" changeset="144312493" uid="19795114" user="kunalchhapre"/>
  <node id="11367968931" lat="29.6094970" lon="78.3458931" version="1" timestamp="2023-11-22T06:39:51Z" changeset="144312493" uid="19795114" user="kunalchhapre"/>
  <node id="11367968932" lat="29.6105377" lon="78.3443535" version="1" timestamp="2023-11-22T06:39:51Z" changeset="144312493" uid="19795114" user="kunalchhapre"/>
  <node id="11367968933" lat="29.6103737" lon="78.3445251" version="1" timestamp="2023-11-22T06:39:51Z" changeset="144312493" uid="19795114" user="kunalchhapre"/>
  <node id="11367968934" lat="29.6100753" lon="78.3448389" version="1" timestamp="2023-11-22T06:39:51Z" changeset="144312493" uid="19795114" user="kunalchhapre"/>
  <node id="11367968935" lat="29.6125561" lon="78.3421379" version="1" timestamp="2023-11-22T06:39:51Z" changeset="144312493" uid="19795114" user="kunalchhapre"/>
  <node id="11367968936" lat="29.6125281" lon="78.3424008" version="1" timestamp="2023-11-22T06:39:51Z" changeset="144312493" uid="19795114" user="kunalchhapre"/>
  <node id="11367968937" lat="29.6125374" lon="78.3425349" version="1" timestamp="2023-11-22T06:39:51Z" changeset="144312493" uid="19795114" user="kunalchhapre"/>
  <node id="11367968938" lat="29.6124628" lon="78.3427441" version="1" timestamp="2023-11-22T06:39:51Z" changeset="144312493" uid="19795114" user="kunalchhapre"/>
  <node id="11367968939" lat="29.6124302" lon="78.3427924" version="1" timestamp="2023-11-22T06:39:51Z" changeset="144312493" uid="19795114" user="kunalchhapre"/>
  <node id="11367968940" lat="29.6118125" lon="78.3434254" version="1" timestamp="2023-11-22T06:39:51Z" changeset="144312493" uid="19795114" user="kunalchhapre"/>
  <node id="11367968941" lat="29.6113496" lon="78.3439215" version="1" timestamp="2023-11-22T06:39:51Z" changeset="144312493" uid="19795114" user="kunalchhapre"/>
  <node id="11367968942" lat="29.6115395" lon="78.3436937" version="1" timestamp="2023-11-22T06:39:51Z" changeset="144312493" uid="19795114" user="kunalchhapre"/>
  <node id="11367968943" lat="29.6116748" lon="78.3435649" version="1" timestamp="2023-11-22T06:39:51Z" changeset="144312493" uid="19795114" user="kunalchhapre"/>
  <node id="11367968944" lat="29.6127519" lon="78.3420199" version="1" timestamp="2023-11-22T06:39:51Z" changeset="144312493" uid="19795114" user="kunalchhapre"/>
  <node id="11367968945" lat="29.6131144" lon="78.3417088" version="1" timestamp="2023-11-22T06:39:51Z" changeset="144312493" uid="19795114" user="kunalchhapre"/>
  <node id="11367968946" lat="29.6126866" lon="78.3426690" version="1" timestamp="2023-11-22T06:39:51Z" changeset="144312493" uid="19795114" user="kunalchhapre"/>
  <node id="11367968947" lat="29.6127566" lon="78.3427763" version="1" timestamp="2023-11-22T06:39:51Z" changeset="144312493" uid="19795114" user="kunalchhapre"/>
  <node id="11367968948" lat="29.6129291" lon="78.3429962" version="1" timestamp="2023-11-22T06:39:51Z" changeset="144312493" uid="19795114" user="kunalchhapre"/>
  <node id="11367968949" lat="29.6131576" lon="78.3432926" version="1" timestamp="2023-11-22T06:39:51Z" changeset="144312493" uid="19795114" user="kunalchhapre"/>
  <node id="11367968950" lat="29.6125560" lon="78.3434415" version="1" timestamp="2023-11-22T06:39:51Z" changeset="144312493" uid="19795114" user="kunalchhapre"/>
  <node id="11367968951" lat="29.6125654" lon="78.3434683" version="1" timestamp="2023-11-22T06:39:51Z" changeset="144312493" uid="19795114" user="kunalchhapre"/>
  <node id="11367968952" lat="29.6126726" lon="78.3435702" version="1" timestamp="2023-11-22T06:39:51Z" changeset="144312493" uid="19795114" user="kunalchhapre"/>
  <node id="11367968953" lat="29.6127799" lon="78.3436660" version="1" timestamp="2023-11-22T06:39:51Z" changeset="144312493" uid="19795114" user="kunalchhapre"/>
  <node id="11367968954" lat="29.6105323" lon="78.3439722" version="1" timestamp="2023-11-22T06:39:51Z" changeset="144312493" uid="19795114" user="kunalchhapre"/>
  <node id="11367968955" lat="29.6102898" lon="78.3436508" version="1" timestamp="2023-11-22T06:39:51Z" changeset="144312493" uid="19795114" user="kunalchhapre"/>
  <node id="11367968956" lat="29.6102618" lon="78.3435489" version="1" timestamp="2023-11-22T06:39:51Z" changeset="144312493" uid="19795114" user="kunalchhapre"/>
  <node id="11367968957" lat="29.6103877" lon="78.3434255" version="1" timestamp="2023-11-22T06:39:51Z" changeset="144312493" uid="19795114" user="kunalchhapre"/>
  <node id="11367968958" lat="29.6106255" lon="78.3431198" version="1" timestamp="2023-11-22T06:39:51Z" changeset="144312493" uid="19795114" user="kunalchhapre"/>
  <node id="11367968959" lat="29.6110079" lon="78.3425792" version="1" timestamp="2023-11-22T06:39:51Z" changeset="144312493" uid="19795114" user="kunalchhapre"/>
  <node id="11367968960" lat="29.6080561" lon="78.3447290" version="1" timestamp="2023-11-22T06:39:51Z" changeset="144312493" uid="19795114" user="kunalchhapre"/>
  <node id="11367968961" lat="29.6084711" lon="78.3442516" version="1" timestamp="2023-11-22T06:39:51Z" changeset="144312493" uid="19795114" user="kunalchhapre"/>
  <node id="11367968962" lat="29.6092452" lon="78.3431895" version="1" timestamp="2023-11-22T06:39:51Z" changeset="144312493" uid="19795114" user="kunalchhapre"/>
  <node id="11367968963" lat="29.6092732" lon="78.3430694" version="1" timestamp="2023-11-22T06:39:51Z" changeset="144312493" uid="19795114" user="kunalchhapre"/>
  <node id="11367971875" lat="29.6135025" lon="78.3562729" version="1" timestamp="2023-11-22T06:08:04Z" changeset="144311683" uid="19795114" user="kunalchhapre"/>
  <node id="11367975739" lat="29.6054941" lon="78.3482105" version="1" timestamp="2023-11-22T06:48:38Z" changeset="144312727" uid="19795114" user="kunalchhapre"/>
  <node id="11367975740" lat="29.6055500" lon="78.3481354" version="1" timestamp="2023-11-22T06:48:38Z" changeset="144312727" uid="19795114" user="kunalchhapre"/>
  <node id="11367975741" lat="29.6056331" lon="78.3479717" version="1" timestamp="2023-11-22T06:48:38Z" changeset="144312727" uid="19795114" user="kunalchhapre"/>
  <node id="11367975742" lat="29.6056819" lon="78.3476807" version="1" timestamp="2023-11-22T06:48:38Z" changeset="144312727" uid="19795114" user="kunalchhapre"/>
  <node id="11367975743" lat="29.6051582" lon="78.3486450" version="1" timestamp="2023-11-22T06:48:38Z" changeset="144312727" uid="19795114" user="kunalchhapre"/>
  <node id="11367975744" lat="29.6050416" lon="78.3487845" version="1" timestamp="2023-11-22T06:48:38Z" changeset="144312727" uid="19795114" user="kunalchhapre"/>
  <node id="11367975745" lat="29.6044585" lon="78.3494818" version="1" timestamp="2023-11-22T06:48:38Z" changeset="144312727" uid="19795114" user="kunalchhapre"/>
  <node id="11367975746" lat="29.6041646" lon="78.3498573" version="1" timestamp="2023-11-22T06:48:38Z" changeset="144312727" uid="19795114" user="kunalchhapre"/>
  <node id="11367975747" lat="29.6037448" lon="78.3503723" version="1" timestamp="2023-11-22T06:48:38Z" changeset="144312727" uid="19795114" user="kunalchhapre"/>
  <node id="11367975748" lat="29.6055594" lon="78.3482856" version="1" timestamp="2023-11-22T06:48:38Z" changeset="144312727" uid="19795114" user="kunalchhapre"/>
  <node id="11367975749" lat="29.6057133" lon="78.3491493" version="1" timestamp="2023-11-22T06:48:38Z" changeset="144312727" uid="19795114" user="kunalchhapre"/>
  <node id="11367975750" lat="29.6050323" lon="78.3499915" version="1" timestamp="2023-11-22T06:48:38Z" changeset="144312727" uid="19795114" user="kunalchhapre"/>
  <node id="11367975751" lat="29.6042859" lon="78.3508766" version="1" timestamp="2023-11-22T06:48:38Z" changeset="144312727" uid="19795114" user="kunalchhapre"/>
  <node id="11367975752" lat="29.6046404" lon="78.3513165" version="1" timestamp="2023-11-22T06:48:38Z" changeset="144312727" uid="19795114" user="kunalchhapre"/>
  <node id="11367975753" lat="29.6047570" lon="78.3514237" version="1" timestamp="2023-11-22T06:48:38Z" changeset="144312727" uid="19795114" user="kunalchhapre"/>
  <node id="11367975754" lat="29.6047850" lon="78.3514237" version="1" timestamp="2023-11-22T06:48:38Z" changeset="144312727" uid="19795114" user="kunalchhapre"/>
  <node id="11367975755" lat="29.6049343" lon="78.3512789" version="1" timestamp="2023-11-22T06:48:38Z" changeset="144312727" uid="19795114" user="kunalchhapre"/>
  <node id="11367975756" lat="29.6054288" lon="78.3506835" version="1" timestamp="2023-11-22T06:48:38Z" changeset="144312727" uid="19795114" user="kunalchhapre"/>
  <node id="11367975757" lat="29.6059185" lon="78.3500934" version="1" timestamp="2023-11-22T06:48:38Z" changeset="144312727" uid="19795114" user="kunalchhapre"/>
  <node id="11367975758" lat="29.6048038" lon="78.3484791" version="1" timestamp="2023-11-22T06:48:38Z" changeset="144312727" uid="19795114" user="kunalchhapre"/>
  <node id="11367975759" lat="29.6049624" lon="78.3482753" version="1" timestamp="2023-11-22T06:48:38Z" changeset="144312727" uid="19795114" user="kunalchhapre"/>
  <node id="11367975760" lat="29.6055175" lon="78.3475758" version="1" timestamp="2023-11-22T06:48:38Z" changeset="144312727" uid="19795114" user="kunalchhapre"/>
  <node id="11367975761" lat="29.6042766" lon="78.3475185" version="1" timestamp="2023-11-22T06:48:38Z" changeset="144312727" uid="19795114" user="kunalchhapre"/>
  <node id="11367975762" lat="29.6048292" lon="78.3468484" version="1" timestamp="2023-11-22T06:48:38Z" changeset="144312727" uid="19795114" user="kunalchhapre"/>
  <node id="11367975763" lat="29.6036656" lon="78.3464515" version="1" timestamp="2023-11-22T06:48:38Z" changeset="144312727" uid="19795114" user="kunalchhapre"/>
  <node id="11367975764" lat="29.6041719" lon="78.3457917" version="1" timestamp="2023-11-22T06:48:38Z" changeset="144312727" uid="19795114" user="kunalchhapre"/>
  <node id="11367975765" lat="29.6045239" lon="78.3477818" version="1" timestamp="2023-11-22T06:48:38Z" changeset="144312727" uid="19795114" user="kunalchhapre"/>
  <node id="11367975766" lat="29.6048691" lon="78.3480607" version="1" timestamp="2023-11-22T06:48:38Z" changeset="144312727" uid="19795114" user="kunalchhapre"/>
  <node id="11367975767" lat="29.6053449" lon="78.3474268" version="1" timestamp="2023-11-22T06:48:38Z" changeset="144312727" uid="19795114" user="kunalchhapre"/>
  <node id="11367975768" lat="29.6039361" lon="78.3471649" version="1" timestamp="2023-11-22T06:48:38Z" changeset="144312727" uid="19795114" user="kunalchhapre"/>
  <node id="11367977913" lat="29.6164029" lon="78.3587383" version="1" timestamp="2023-11-22T06:17:45Z" changeset="144311935" uid="19795114" user="kunalchhapre"/>
  <node id="11367977923" lat="29.6173652" lon="78.3531940" version="1" timestamp="2023-11-22T06:17:45Z" changeset="144311935" uid="19795114" user="kunalchhapre"/>
  <node id="11367977924" lat="29.6163629" lon="78.3542830" version="1" timestamp="2023-11-22T06:17:45Z" changeset="144311935" uid="19795114" user="kunalchhapre"/>
  <node id="11367977925" lat="29.6160053" lon="78.3532209" version="1" timestamp="2023-11-22T06:17:45Z" changeset="144311935" uid="19795114" user="kunalchhapre"/>
  <node id="11367977926" lat="29.6161558" lon="78.3531297" version="1" timestamp="2023-11-22T06:17:45Z" changeset="144311935" uid="19795114" user="kunalchhapre"/>
  <node id="11367977927" lat="29.6164542" lon="78.3527649" version="1" timestamp="2023-11-22T06:17:45Z" changeset="144311935" uid="19795114" user="kunalchhapre"/>
  <node id="11367977928" lat="29.6166408" lon="78.3525718" version="1" timestamp="2023-11-22T06:17:45Z" changeset="144311935" uid="19795114" user="kunalchhapre"/>
  <node id="11367977929" lat="29.6168319" lon="78.3524055" version="1" timestamp="2023-11-22T06:17:45Z" changeset="144311935" uid="19795114" user="kunalchhapre"/>
  <node id="11367977930" lat="29.6169230" lon="78.3523196" version="1" timestamp="2023-11-22T06:17:45Z" changeset="144311935" uid="19795114" user="kunalchhapre"/>
  <node id="11367977931" lat="29.6160706" lon="78.3515664" version="1" timestamp="2023-11-22T06:17:45Z" changeset="144311935" uid="19795114" user="kunalchhapre"/>
  <node id="11367977936" lat="29.6165801" lon="78.3546183" version="1" timestamp="2023-11-22T06:17:45Z" changeset="144311935" uid="19795114" user="kunalchhapre"/>
  <node id="11367980732" lat="29.6201986" lon="78.3472824" version="1" timestamp="2023-11-22T06:26:22Z" changeset="144312174" uid="19795114" user="kunalchhapre"/>
  <node id="11367980733" lat="29.6200307" lon="78.3473361" version="1" timestamp="2023-11-22T06:26:22Z" changeset="144312174" uid="19795114" user="kunalchhapre"/>
  <node id="11367980734" lat="29.6199328" lon="78.3474326" version="1" timestamp="2023-11-22T06:26:22Z" changeset="144312174" uid="19795114" user="kunalchhapre"/>
  <node id="11367980735" lat="29.6198162" lon="78.3476526" version="1" timestamp="2023-11-22T06:26:22Z" changeset="144312174" uid="19795114" user="kunalchhapre"/>
  <node id="11367980736" lat="29.6197136" lon="78.3479154" version="1" timestamp="2023-11-22T06:26:22Z" changeset="144312174" uid="19795114" user="kunalchhapre"/>
  <node id="11367980737" lat="29.6196437" lon="78.3483982" version="1" timestamp="2023-11-22T06:26:22Z" changeset="144312174" uid="19795114" user="kunalchhapre"/>
  <node id="11367980738" lat="29.6196577" lon="78.3484948" version="1" timestamp="2023-11-22T06:26:22Z" changeset="144312174" uid="19795114" user="kunalchhapre"/>
  <node id="11367980739" lat="29.6194618" lon="78.3490312" version="1" timestamp="2023-11-22T06:26:22Z" changeset="144312174" uid="19795114" user="kunalchhapre"/>
  <node id="11367980740" lat="29.6191634" lon="78.3493156" version="1" timestamp="2023-11-22T06:26:22Z" changeset="144312174" uid="19795114" user="kunalchhapre"/>
  <node id="11367980741" lat="29.6189629" lon="78.3480764" version="1" timestamp="2023-11-22T06:26:22Z" changeset="144312174" uid="19795114" user="kunalchhapre"/>
  <node id="11367980742" lat="29.6187997" lon="78.3476150" version="1" timestamp="2023-11-22T06:26:22Z" changeset="144312174" uid="19795114" user="kunalchhapre"/>
  <node id="11367980743" lat="29.6187857" lon="78.3475453" version="1" timestamp="2023-11-22T06:26:22Z" changeset="144312174" uid="19795114" user="kunalchhapre"/>
  <node id="11367980744" lat="29.6188370" lon="78.3474702" version="1" timestamp="2023-11-22T06:26:22Z" changeset="144312174" uid="19795114" user="kunalchhapre"/>
  <node id="11367980745" lat="29.6189443" lon="78.3473790" version="1" timestamp="2023-11-22T06:26:22Z" changeset="144312174" uid="19795114" user="kunalchhapre"/>
  <node id="11367980746" lat="29.6191401" lon="78.3472771" version="1" timestamp="2023-11-22T06:26:22Z" changeset="144312174" uid="19795114" user="kunalchhapre"/>
  <node id="11367980747" lat="29.6194385" lon="78.3469981" version="1" timestamp="2023-11-22T06:26:22Z" changeset="144312174" uid="19795114" user="kunalchhapre"/>
  <node id="11367980748" lat="29.6199281" lon="78.3463759" version="1" timestamp="2023-11-22T06:26:22Z" changeset="144312174" uid="19795114" user="kunalchhapre"/>
  <node id="11367980749" lat="29.6195551" lon="78.3458341" version="1" timestamp="2023-11-22T06:26:22Z" changeset="144312174" uid="19795114" user="kunalchhapre"/>
  <node id="11367980750" lat="29.6194479" lon="78.3456839" version="1" timestamp="2023-11-22T06:26:22Z" changeset="144312174" uid="19795114" user="kunalchhapre"/>
  <node id="11367980751" lat="29.6194012" lon="78.3456463" version="1" timestamp="2023-11-22T06:26:22Z" changeset="144312174" uid="19795114" user="kunalchhapre"/>
  <node id="11367980752" lat="29.6181329" lon="78.3469606" version="1" timestamp="2023-11-22T06:26:22Z" changeset="144312174" uid="19795114" user="kunalchhapre"/>
  <node id="11367980753" lat="29.6177319" lon="78.3474434" version="1" timestamp="2023-11-22T06:26:22Z" changeset="144312174" uid="19795114" user="kunalchhapre"/>
  <node id="11367980754" lat="29.6175034" lon="78.3477116" version="1" timestamp="2023-11-22T06:26:22Z" changeset="144312174" uid="19795114" user="kunalchhapre"/>
  <node id="11367980755" lat="29.6175127" lon="78.3479369" version="1" timestamp="2023-11-22T06:26:22Z" changeset="144312174" uid="19795114" user="kunalchhapre"/>
  <node id="11367980756" lat="29.6172330" lon="78.3484412" version="1" timestamp="2023-11-22T06:26:22Z" changeset="144312174" uid="19795114" user="kunalchhapre"/>
  <node id="11367980757" lat="29.6173215" lon="78.3485592" version="1" timestamp="2023-11-22T06:26:22Z" changeset="144312174" uid="19795114" user="kunalchhapre"/>
  <node id="11367980758" lat="29.6173215" lon="78.3486557" version="1" timestamp="2023-11-22T06:26:22Z" changeset="144312174" uid="19795114" user="kunalchhapre"/>
  <node id="11367980759" lat="29.6167760" lon="78.3492995" version="1" timestamp="2023-11-22T06:26:22Z" changeset="144312174" uid="19795114" user="kunalchhapre"/>
  <node id="11367980760" lat="29.6183664" lon="78.3471536" version="1" timestamp="2023-11-22T06:26:22Z" changeset="144312174" uid="19795114" user="kunalchhapre"/>
  <node id="11367980761" lat="29.6181891" lon="78.3469024" version="1" timestamp="2023-11-22T06:26:22Z" changeset="144312174" uid="19795114" user="kunalchhapre"/>
  <node id="11367980762" lat="29.6164646" lon="78.3513379" version="1" timestamp="2023-11-22T06:26:22Z" changeset="144312174" uid="19795114" user="kunalchhapre"/>
  <node id="11367980763" lat="29.6174754" lon="78.3503080" version="1" timestamp="2023-11-22T06:26:22Z" changeset="144312174" uid="19795114" user="kunalchhapre"/>
  <node id="11367980764" lat="29.6177319" lon="78.3499968" version="1" timestamp="2023-11-22T06:26:22Z" changeset="144312174" uid="19795114" user="kunalchhapre"/>
  <node id="11367980765" lat="29.6179091" lon="78.3498305" version="1" timestamp="2023-11-22T06:26:22Z" changeset="144312174" uid="19795114" user="kunalchhapre"/>
  <node id="11367980766" lat="29.6183521" lon="78.3492780" version="1" timestamp="2023-11-22T06:26:22Z" changeset="144312174" uid="19795114" user="kunalchhapre"/>
  <node id="11367980767" lat="29.6184267" lon="78.3491600" version="1" timestamp="2023-11-22T06:26:22Z" changeset="144312174" uid="19795114" user="kunalchhapre"/>
  <node id="11367980768" lat="29.6184873" lon="78.3491010" version="1" timestamp="2023-11-22T06:26:22Z" changeset="144312174" uid="19795114" user="kunalchhapre"/>
  <node id="11367983306" lat="29.6163971" lon="78.3543366" version="1" timestamp="2023-11-22T06:22:48Z" changeset="144312074" uid="19795114" user="kunalchhapre"/>
  <node id="11367983314" lat="29.6160150" lon="78.3535858" version="1" timestamp="2023-11-22T06:22:48Z" changeset="144312074" uid="19795114" user="kunalchhapre"/>
  <node id="11367983315" lat="29.6159227" lon="78.3535536" version="1" timestamp="2023-11-22T06:22:48Z" changeset="144312074" uid="19795114" user="kunalchhapre"/>
  <node id="11367983316" lat="29.6157035" lon="78.3532962" version="1" timestamp="2023-11-22T06:22:48Z" changeset="144312074" uid="19795114" user="kunalchhapre"/>
  <node id="11367983317" lat="29.6153398" lon="78.3527652" version="1" timestamp="2023-11-22T06:22:48Z" changeset="144312074" uid="19795114" user="kunalchhapre"/>
  <node id="11367983318" lat="29.6148968" lon="78.3521646" version="1" timestamp="2023-11-22T06:22:48Z" changeset="144312074" uid="19795114" user="kunalchhapre"/>
  <node id="11367983319" lat="29.6146729" lon="78.3518803" version="1" timestamp="2023-11-22T06:22:48Z" changeset="144312074" uid="19795114" user="kunalchhapre"/>
  <node id="11367983320" lat="29.6145983" lon="78.3516551" version="1" timestamp="2023-11-22T06:22:48Z" changeset="144312074" uid="19795114" user="kunalchhapre"/>
  <node id="11367983321" lat="29.6133439" lon="78.3530548" version="1" timestamp="2023-11-22T06:22:48Z" changeset="144312074" uid="19795114" user="kunalchhapre"/>
  <node id="11367983322" lat="29.6133719" lon="78.3530119" version="1" timestamp="2023-11-22T06:22:48Z" changeset="144312074" uid="19795114" user="kunalchhapre"/>
  <node id="11367983323" lat="29.6135724" lon="78.3524649" version="1" timestamp="2023-11-22T06:22:48Z" changeset="144312074" uid="19795114" user="kunalchhapre"/>
  <node id="11367983324" lat="29.6136797" lon="78.3523254" version="1" timestamp="2023-11-22T06:22:48Z" changeset="144312074" uid="19795114" user="kunalchhapre"/>
  <node id="11367983325" lat="29.6141320" lon="78.3520251" version="1" timestamp="2023-11-22T06:22:48Z" changeset="144312074" uid="19795114" user="kunalchhapre"/>
  <node id="11367983326" lat="29.6143652" lon="78.3518106" version="1" timestamp="2023-11-22T06:22:48Z" changeset="144312074" uid="19795114" user="kunalchhapre"/>
  <node id="11367983327" lat="29.6146170" lon="78.3525722" version="1" timestamp="2023-11-22T06:22:48Z" changeset="144312074" uid="19795114" user="kunalchhapre"/>
  <node id="11367983334" lat="29.6155183" lon="78.3534854" version="1" timestamp="2023-11-22T06:22:48Z" changeset="144312074" uid="19795114" user="kunalchhapre"/>
  <node id="11367983335" lat="29.6155720" lon="78.3534730" version="1" timestamp="2023-11-22T06:22:48Z" changeset="144312074" uid="19795114" user="kunalchhapre"/>
  <node id="11367983336" lat="29.6157202" lon="78.3533158" version="1" timestamp="2023-11-22T06:22:48Z" changeset="144312074" uid="19795114" user="kunalchhapre"/>
  <node id="11367983337" lat="29.6145657" lon="78.3513118" version="1" timestamp="2023-11-22T06:22:48Z" changeset="144312074" uid="19795114" user="kunalchhapre"/>
  <node id="11367983338" lat="29.6146170" lon="78.3511724" version="1" timestamp="2023-11-22T06:22:48Z" changeset="144312074" uid="19795114" user="kunalchhapre"/>
  <node id="11367983339" lat="29.6137450" lon="78.3502177" version="1" timestamp="2023-11-22T06:22:48Z" changeset="144312074" uid="19795114" user="kunalchhapre"/>
  <node id="11367983340" lat="29.6138662" lon="78.3507165" version="1" timestamp="2023-11-22T06:22:48Z" changeset="144312074" uid="19795114" user="kunalchhapre"/>
  <node id="11367983341" lat="29.6139035" lon="78.3511563" version="1" timestamp="2023-11-22T06:22:48Z" changeset="144312074" uid="19795114" user="kunalchhapre"/>
  <node id="11367983342" lat="29.6142766" lon="78.3516497" version="1" timestamp="2023-11-22T06:22:48Z" changeset="144312074" uid="19795114" user="kunalchhapre"/>
  <node id="11367983343" lat="29.6142906" lon="78.3516980" version="1" timestamp="2023-11-22T06:22:48Z" changeset="144312074" uid="19795114" user="kunalchhapre"/>
  <node id="11367983344" lat="29.6136844" lon="78.3498798" version="1" timestamp="2023-11-22T06:22:48Z" changeset="144312074" uid="19795114" user="kunalchhapre"/>
  <node id="11367983345" lat="29.6134419" lon="78.3506414" version="1" timestamp="2023-11-22T06:22:48Z" changeset="144312074" uid="19795114" user="kunalchhapre"/>
  <node id="11367983346" lat="29.6133519" lon="78.3508401" version="1" timestamp="2023-11-22T06:22:48Z" changeset="144312074" uid="19795114" user="kunalchhapre"/>
  <node id="11367983347" lat="29.6132423" lon="78.3509822" version="1" timestamp="2023-11-22T06:22:48Z" changeset="144312074" uid="19795114" user="kunalchhapre"/>
  <node id="11367983348" lat="29.6142697" lon="78.3495956" version="1" timestamp="2023-11-22T06:22:48Z" changeset="144312074" uid="19795114" user="kunalchhapre"/>
  <node id="11367983349" lat="29.6146636" lon="78.3484961" version="1" timestamp="2023-11-22T06:22:48Z" changeset="144312074" uid="19795114" user="kunalchhapre"/>
  <node id="11367983353" lat="29.6210241" lon="78.3516223" version="1" timestamp="2023-11-22T06:22:48Z" changeset="144312074" uid="19795114" user="kunalchhapre"/>
  <node id="11367983354" lat="29.6206136" lon="78.3520997" version="1" timestamp="2023-11-22T06:22:48Z" changeset="144312074" uid="19795114" user="kunalchhapre"/>
  <node id="11367983355" lat="29.6204411" lon="78.3522713" version="1" timestamp="2023-11-22T06:22:48Z" changeset="144312074" uid="19795114" user="kunalchhapre"/>
  <node id="11367983356" lat="29.6204084" lon="78.3523304" version="1" timestamp="2023-11-22T06:22:48Z" changeset="144312074" uid="19795114" user="kunalchhapre"/>
  <node id="11367983357" lat="29.6195877" lon="78.3532584" version="1" timestamp="2023-11-22T06:22:48Z" changeset="144312074" uid="19795114" user="kunalchhapre"/>
  <node id="11367983358" lat="29.6192800" lon="78.3537179" version="1" timestamp="2023-11-22T06:22:48Z" changeset="144312074" uid="19795114" user="kunalchhapre"/>
  <node id="11367983359" lat="29.6213597" lon="78.3501363" version="1" timestamp="2023-11-22T06:22:48Z" changeset="144312074" uid="19795114" user="kunalchhapre"/>
  <node id="11367983360" lat="29.6219798" lon="78.3503026" version="1" timestamp="2023-11-22T06:22:48Z" changeset="144312074" uid="19795114" user="kunalchhapre"/>
  <node id="11367983361" lat="29.6225580" lon="78.3506298" version="1" timestamp="2023-11-22T06:22:48Z" changeset="144312074" uid="19795114" user="kunalchhapre"/>
  <node id="11367983362" lat="29.6230896" lon="78.3508766" version="1" timestamp="2023-11-22T06:22:48Z" changeset="144312074" uid="19795114" user="kunalchhapre"/>
  <node id="11367983363" lat="29.6232948" lon="78.3509410" version="1" timestamp="2023-11-22T06:22:48Z" changeset="144312074" uid="19795114" user="kunalchhapre"/>
  <node id="11367983364" lat="29.6236119" lon="78.3509732" version="1" timestamp="2023-11-22T06:22:48Z" changeset="144312074" uid="19795114" user="kunalchhapre"/>
  <node id="11367983365" lat="29.6237517" lon="78.3510161" version="1" timestamp="2023-11-22T06:22:48Z" changeset="144312074" uid="19795114" user="kunalchhapre"/>
  <node id="11367983366" lat="29.6243393" lon="78.3512736" version="1" timestamp="2023-11-22T06:22:48Z" changeset="144312074" uid="19795114" user="kunalchhapre"/>
  <node id="11367983367" lat="29.6244978" lon="78.3513272" version="1" timestamp="2023-11-22T06:22:48Z" changeset="144312074" uid="19795114" user="kunalchhapre"/>
  <node id="11367983680" lat="29.6246967" lon="78.3563322" version="1" timestamp="2023-11-22T06:22:48Z" changeset="144312074" uid="19795114" user="kunalchhapre"/>
  <node id="11367983685" lat="29.6197463" lon="78.3486450" version="1" timestamp="2023-11-22T06:22:48Z" changeset="144312074" uid="19795114" user="kunalchhapre"/>
  <node id="11367983686" lat="29.6198022" lon="78.3487040" version="1" timestamp="2023-11-22T06:22:48Z" changeset="144312074" uid="19795114" user="kunalchhapre"/>
  <node id="11367983687" lat="29.6201799" lon="78.3492458" version="1" timestamp="2023-11-22T06:22:48Z" changeset="144312074" uid="19795114" user="kunalchhapre"/>
  <node id="11367983688" lat="29.6204597" lon="78.3497608" version="1" timestamp="2023-11-22T06:22:48Z" changeset="144312074" uid="19795114" user="kunalchhapre"/>
  <node id="11367989969" lat="29.6185106" lon="78.3490473" version="1" timestamp="2023-11-22T06:26:22Z" changeset="144312174" uid="19795114" user="kunalchhapre"/>
  <node id="11367989970" lat="29.6185572" lon="78.3489937" version="1" timestamp="2023-11-22T06:26:22Z" changeset="144312174" uid="19795114" user="kunalchhapre"/>
  <node id="11367989971" lat="29.6186365" lon="78.3489293" version="1" timestamp="2023-11-22T06:26:22Z" changeset="144312174" uid="19795114" user="kunalchhapre"/>
  <node id="11367989972" lat="29.6187671" lon="78.3487791" version="1" timestamp="2023-11-22T06:26:22Z" changeset="144312174" uid="19795114" user="kunalchhapre"/>
  <node id="11367989973" lat="29.6188044" lon="78.3486772" version="1" timestamp="2023-11-22T06:26:22Z" changeset="144312174" uid="19795114" user="kunalchhapre"/>
  <node id="11367989974" lat="29.6187531" lon="78.3483664" version="1" timestamp="2023-11-22T06:26:22Z" changeset="144312174" uid="19795114" user="kunalchhapre"/>
  <node id="11367989975" lat="29.6161576" lon="78.3506736" version="1" timestamp="2023-11-22T06:26:22Z" changeset="144312174" uid="19795114" user="kunalchhapre"/>
  <node id="11367989976" lat="29.6167853" lon="78.3500300" version="1" timestamp="2023-11-22T06:26:22Z" changeset="144312174" uid="19795114" user="kunalchhapre"/>
  <node id="11367989977" lat="29.6169119" lon="78.3498810" version="1" timestamp="2023-11-22T06:26:22Z" changeset="144312174" uid="19795114" user="kunalchhapre"/>
  <node id="11367989978" lat="29.6166896" lon="78.3496009" version="1" timestamp="2023-11-22T06:26:22Z" changeset="144312174" uid="19795114" user="kunalchhapre"/>
  <node id="11367989979" lat="29.6166656" lon="78.3495195" version="1" timestamp="2023-11-22T06:26:22Z" changeset="144312174" uid="19795114" user="kunalchhapre"/>
  <node id="11367989980" lat="29.6162817" lon="78.3490486" version="1" timestamp="2023-11-22T06:26:22Z" changeset="144312174" uid="19795114" user="kunalchhapre"/>
  <node id="11367989981" lat="29.6165568" lon="78.3487268" version="1" timestamp="2023-11-22T06:26:22Z" changeset="144312174" uid="19795114" user="kunalchhapre"/>
  <node id="11367989982" lat="29.6163796" lon="78.3484961" version="1" timestamp="2023-11-22T06:26:22Z" changeset="144312174" uid="19795114" user="kunalchhapre"/>
  <node id="11367989983" lat="29.6158862" lon="78.3482065" version="1" timestamp="2023-11-22T06:26:22Z" changeset="144312174" uid="19795114" user="kunalchhapre"/>
  <node id="11367989984" lat="29.6164072" lon="78.3468157" version="1" timestamp="2023-11-22T06:26:22Z" changeset="144312174" uid="19795114" user="kunalchhapre"/>
  <node id="11367989985" lat="29.6169299" lon="78.3465904" version="1" timestamp="2023-11-22T06:26:22Z" changeset="144312174" uid="19795114" user="kunalchhapre"/>
  <node id="11367989986" lat="29.6171630" lon="78.3464617" version="1" timestamp="2023-11-22T06:26:22Z" changeset="144312174" uid="19795114" user="kunalchhapre"/>
  <node id="11367989987" lat="29.6176060" lon="78.3461452" version="1" timestamp="2023-11-22T06:26:22Z" changeset="144312174" uid="19795114" user="kunalchhapre"/>
  <node id="11367989988" lat="29.6177039" lon="78.3460593" version="1" timestamp="2023-11-22T06:26:22Z" changeset="144312174" uid="19795114" user="kunalchhapre"/>
  <node id="11367989989" lat="29.6152058" lon="78.3460218" version="1" timestamp="2023-11-22T06:26:22Z" changeset="144312174" uid="19795114" user="kunalchhapre"/>
  <node id="11367989990" lat="29.6153025" lon="78.3461398" version="1" timestamp="2023-11-22T06:26:22Z" changeset="144312174" uid="19795114" user="kunalchhapre"/>
  <node id="11367989991" lat="29.6154284" lon="78.3462846" version="1" timestamp="2023-11-22T06:26:22Z" changeset="144312174" uid="19795114" user="kunalchhapre"/>
  <node id="11367989992" lat="29.6154844" lon="78.3463329" version="1" timestamp="2023-11-22T06:26:22Z" changeset="144312174" uid="19795114" user="kunalchhapre"/>
  <node id="11367989993" lat="29.6155123" lon="78.3463329" version="1" timestamp="2023-11-22T06:26:22Z" changeset="144312174" uid="19795114" user="kunalchhapre"/>
  <node id="11367989994" lat="29.6155916" lon="78.3462685" version="1" timestamp="2023-11-22T06:26:22Z" changeset="144312174" uid="19795114" user="kunalchhapre"/>
  <node id="11367989995" lat="29.6157595" lon="78.3460808" version="1" timestamp="2023-11-22T06:26:22Z" changeset="144312174" uid="19795114" user="kunalchhapre"/>
  <node id="11367989996" lat="29.6159740" lon="78.3458448" version="1" timestamp="2023-11-22T06:26:22Z" changeset="144312174" uid="19795114" user="kunalchhapre"/>
  <node id="11367989997" lat="29.6160952" lon="78.3456838" version="1" timestamp="2023-11-22T06:26:22Z" changeset="144312174" uid="19795114" user="kunalchhapre"/>
  <node id="11367989998" lat="29.6163656" lon="78.3457160" version="1" timestamp="2023-11-22T06:26:22Z" changeset="144312174" uid="19795114" user="kunalchhapre"/>
  <node id="11367989999" lat="29.6164962" lon="78.3458233" version="1" timestamp="2023-11-22T06:26:22Z" changeset="144312174" uid="19795114" user="kunalchhapre"/>
  <node id="11367990000" lat="29.6144539" lon="78.3446056" version="1" timestamp="2023-11-22T06:26:22Z" changeset="144312174" uid="19795114" user="kunalchhapre"/>
  <node id="11367990001" lat="29.6142767" lon="78.3448201" version="1" timestamp="2023-11-22T06:26:22Z" changeset="144312174" uid="19795114" user="kunalchhapre"/>
  <node id="11367990002" lat="29.6142673" lon="78.3451903" version="1" timestamp="2023-11-22T06:26:22Z" changeset="144312174" uid="19795114" user="kunalchhapre"/>
  <node id="11367990003" lat="29.6142953" lon="78.3453351" version="1" timestamp="2023-11-22T06:26:22Z" changeset="144312174" uid="19795114" user="kunalchhapre"/>
  <node id="11367990004" lat="29.6143746" lon="78.3455122" version="1" timestamp="2023-11-22T06:26:22Z" changeset="144312174" uid="19795114" user="kunalchhapre"/>
  <node id="11367990005" lat="29.6150146" lon="78.3463544" version="1" timestamp="2023-11-22T06:26:22Z" changeset="144312174" uid="19795114" user="kunalchhapre"/>
  <node id="11367990006" lat="29.6151813" lon="78.3464348" version="1" timestamp="2023-11-22T06:26:22Z" changeset="144312174" uid="19795114" user="kunalchhapre"/>
  <node id="11367990007" lat="29.6155543" lon="78.3466065" version="1" timestamp="2023-11-22T06:26:22Z" changeset="144312174" uid="19795114" user="kunalchhapre"/>
  <node id="11367990008" lat="29.6156942" lon="78.3466172" version="1" timestamp="2023-11-22T06:26:22Z" changeset="144312174" uid="19795114" user="kunalchhapre"/>
  <node id="11367990009" lat="29.6158108" lon="78.3466601" version="1" timestamp="2023-11-22T06:26:22Z" changeset="144312174" uid="19795114" user="kunalchhapre"/>
  <node id="11367990010" lat="29.6160532" lon="78.3468694" version="1" timestamp="2023-11-22T06:26:22Z" changeset="144312174" uid="19795114" user="kunalchhapre"/>
  <node id="11367990011" lat="29.6162692" lon="78.3469981" version="1" timestamp="2023-11-22T06:26:22Z" changeset="144312174" uid="19795114" user="kunalchhapre"/>
  <node id="11367990012" lat="29.6156802" lon="78.3470732" version="1" timestamp="2023-11-22T06:26:22Z" changeset="144312174" uid="19795114" user="kunalchhapre"/>
  <node id="11367990013" lat="29.6148526" lon="78.3471590" version="1" timestamp="2023-11-22T06:26:22Z" changeset="144312174" uid="19795114" user="kunalchhapre"/>
  <node id="11367990014" lat="29.6130024" lon="78.3462364" version="1" timestamp="2023-11-22T06:26:22Z" changeset="144312174" uid="19795114" user="kunalchhapre"/>
  <node id="11367990015" lat="29.6129850" lon="78.3451313" version="1" timestamp="2023-11-22T06:26:22Z" changeset="144312174" uid="19795114" user="kunalchhapre"/>
  <node id="11367995891" lat="29.6130567" lon="78.3543795" version="1" timestamp="2023-11-22T06:31:25Z" changeset="144312288" uid="19795114" user="kunalchhapre"/>
  <node id="11367995896" lat="29.6130932" lon="78.3538915" version="1" timestamp="2023-11-22T06:31:25Z" changeset="144312288" uid="19795114" user="kunalchhapre"/>
  <node id="11367995898" lat="29.6130610" lon="78.3542026" version="1" timestamp="2023-11-22T06:31:25Z" changeset="144312288" uid="19795114" user="kunalchhapre"/>
  <node id="11367995899" lat="29.6123578" lon="78.3548300" version="1" timestamp="2023-11-22T06:31:25Z" changeset="144312288" uid="19795114" user="kunalchhapre"/>
  <node id="11367995901" lat="29.6121664" lon="78.3545887" version="1" timestamp="2023-11-22T06:31:25Z" changeset="144312288" uid="19795114" user="kunalchhapre"/>
  <node id="11367995903" lat="29.6130878" lon="78.3536662" version="1" timestamp="2023-11-22T06:31:25Z" changeset="144312288" uid="19795114" user="kunalchhapre"/>
  <node id="11367995904" lat="29.6119544" lon="78.3543215" version="1" timestamp="2023-11-22T06:31:25Z" changeset="144312288" uid="19795114" user="kunalchhapre"/>
  <node id="11367995906" lat="29.6130465" lon="78.3532157" version="1" timestamp="2023-11-22T06:31:25Z" changeset="144312288" uid="19795114" user="kunalchhapre"/>
  <node id="11367995907" lat="29.6130190" lon="78.3529154" version="1" timestamp="2023-11-22T06:31:25Z" changeset="144312288" uid="19795114" user="kunalchhapre"/>
  <node id="11367995911" lat="29.6116473" lon="78.3539344" version="1" timestamp="2023-11-22T06:31:25Z" changeset="144312288" uid="19795114" user="kunalchhapre"/>
  <node id="11367995912" lat="29.6124440" lon="78.3514459" version="1" timestamp="2023-11-22T06:31:25Z" changeset="144312288" uid="19795114" user="kunalchhapre"/>
  <node id="11367995913" lat="29.6127144" lon="78.3512475" version="1" timestamp="2023-11-22T06:31:25Z" changeset="144312288" uid="19795114" user="kunalchhapre"/>
  <node id="11367995914" lat="29.6128065" lon="78.3511777" version="1" timestamp="2023-11-22T06:31:25Z" changeset="144312288" uid="19795114" user="kunalchhapre"/>
  <node id="11367995915" lat="29.6118797" lon="78.3514244" version="1" timestamp="2023-11-22T06:31:25Z" changeset="144312288" uid="19795114" user="kunalchhapre"/>
  <node id="11367995916" lat="29.6120429" lon="78.3511938" version="1" timestamp="2023-11-22T06:31:25Z" changeset="144312288" uid="19795114" user="kunalchhapre"/>
  <node id="11367995917" lat="29.6124479" lon="78.3507004" version="1" timestamp="2023-11-22T06:31:25Z" changeset="144312288" uid="19795114" user="kunalchhapre"/>
  <node id="11367995918" lat="29.6130550" lon="78.3495784" version="1" timestamp="2023-11-22T06:31:25Z" changeset="144312288" uid="19795114" user="kunalchhapre"/>
  <node id="11367995919" lat="29.6128543" lon="78.3497994" version="1" timestamp="2023-11-22T06:31:25Z" changeset="144312288" uid="19795114" user="kunalchhapre"/>
  <node id="11367995920" lat="29.6127564" lon="78.3498691" version="1" timestamp="2023-11-22T06:31:25Z" changeset="144312288" uid="19795114" user="kunalchhapre"/>
  <node id="11367995921" lat="29.6122258" lon="78.3503947" version="1" timestamp="2023-11-22T06:31:25Z" changeset="144312288" uid="19795114" user="kunalchhapre"/>
  <node id="11367995922" lat="29.6121828" lon="78.3504430" version="1" timestamp="2023-11-22T06:31:25Z" changeset="144312288" uid="19795114" user="kunalchhapre"/>
  <node id="11367995923" lat="29.6116745" lon="78.3511080" version="1" timestamp="2023-11-22T06:31:25Z" changeset="144312288" uid="19795114" user="kunalchhapre"/>
  <node id="11367995924" lat="29.6119759" lon="78.3500354" version="1" timestamp="2023-11-22T06:31:25Z" changeset="144312288" uid="19795114" user="kunalchhapre"/>
  <node id="11367995925" lat="29.6109961" lon="78.3505585" version="1" timestamp="2023-11-22T06:31:25Z" changeset="144312288" uid="19795114" user="kunalchhapre"/>
  <node id="11367995926" lat="29.6112966" lon="78.3508980" version="1" timestamp="2023-11-22T06:31:25Z" changeset="144312288" uid="19795114" user="kunalchhapre"/>
  <node id="11367995927" lat="29.6113339" lon="78.3508712" version="1" timestamp="2023-11-22T06:31:25Z" changeset="144312288" uid="19795114" user="kunalchhapre"/>
  <node id="11367995928" lat="29.6116745" lon="78.3504322" version="1" timestamp="2023-11-22T06:31:25Z" changeset="144312288" uid="19795114" user="kunalchhapre"/>
  <node id="11367995929" lat="29.6117079" lon="78.3496439" version="1" timestamp="2023-11-22T06:31:25Z" changeset="144312288" uid="19795114" user="kunalchhapre"/>
  <node id="11367995930" lat="29.6107342" lon="78.3502901" version="1" timestamp="2023-11-22T06:31:25Z" changeset="144312288" uid="19795114" user="kunalchhapre"/>
  <node id="11367995931" lat="29.6109608" lon="78.3499378" version="1" timestamp="2023-11-22T06:31:25Z" changeset="144312288" uid="19795114" user="kunalchhapre"/>
  <node id="11367995932" lat="29.6114472" lon="78.3492458" version="1" timestamp="2023-11-22T06:31:25Z" changeset="144312288" uid="19795114" user="kunalchhapre"/>
  <node id="11367995933" lat="29.6104943" lon="78.3493799" version="1" timestamp="2023-11-22T06:31:25Z" changeset="144312288" uid="19795114" user="kunalchhapre"/>
  <node id="11367995934" lat="29.6102103" lon="78.3497887" version="1" timestamp="2023-11-22T06:31:25Z" changeset="144312288" uid="19795114" user="kunalchhapre"/>
  <node id="11367995935" lat="29.6108104" lon="78.3482909" version="1" timestamp="2023-11-22T06:31:25Z" changeset="144312288" uid="19795114" user="kunalchhapre"/>
  <node id="11367995936" lat="29.6099320" lon="78.3495257" version="1" timestamp="2023-11-22T06:31:25Z" changeset="144312288" uid="19795114" user="kunalchhapre"/>
  <node id="11368005932" lat="29.6086566" lon="78.3527916" version="1" timestamp="2023-11-22T06:44:06Z" changeset="144312606" uid="19795114" user="kunalchhapre"/>
  <node id="11368005933" lat="29.6089551" lon="78.3530545" version="1" timestamp="2023-11-22T06:44:06Z" changeset="144312606" uid="19795114" user="kunalchhapre"/>
  <node id="11368005934" lat="29.6094682" lon="78.3524966" version="1" timestamp="2023-11-22T06:44:06Z" changeset="144312606" uid="19795114" user="kunalchhapre"/>
  <node id="11368005935" lat="29.6095381" lon="78.3524000" version="1" timestamp="2023-11-22T06:44:06Z" changeset="144312606" uid="19795114" user="kunalchhapre"/>
  <node id="11368005936" lat="29.6098786" lon="78.3520353" version="1" timestamp="2023-11-22T06:44:06Z" changeset="144312606" uid="19795114" user="kunalchhapre"/>
  <node id="11368005937" lat="29.6100206" lon="78.3518421" version="1" timestamp="2023-11-22T06:44:06Z" changeset="144312606" uid="19795114" user="kunalchhapre"/>
  <node id="11368005938" lat="29.6080455" lon="78.3522177" version="1" timestamp="2023-11-22T06:44:06Z" changeset="144312606" uid="19795114" user="kunalchhapre"/>
  <node id="11368005939" lat="29.6077377" lon="78.3519709" version="1" timestamp="2023-11-22T06:44:06Z" changeset="144312606" uid="19795114" user="kunalchhapre"/>
  <node id="11368005940" lat="29.6076957" lon="78.3520031" version="1" timestamp="2023-11-22T06:44:06Z" changeset="144312606" uid="19795114" user="kunalchhapre"/>
  <node id="11368005941" lat="29.6074112" lon="78.3523786" version="1" timestamp="2023-11-22T06:44:06Z" changeset="144312606" uid="19795114" user="kunalchhapre"/>
  <node id="11368005942" lat="29.6072153" lon="78.3526897" version="1" timestamp="2023-11-22T06:44:06Z" changeset="144312606" uid="19795114" user="kunalchhapre"/>
  <node id="11368005943" lat="29.6069727" lon="78.3530330" version="1" timestamp="2023-11-22T06:44:06Z" changeset="144312606" uid="19795114" user="kunalchhapre"/>
  <node id="11368005944" lat="29.6068934" lon="78.3531779" version="1" timestamp="2023-11-22T06:44:06Z" changeset="144312606" uid="19795114" user="kunalchhapre"/>
  <node id="11368005945" lat="29.6068299" lon="78.3532813" version="1" timestamp="2023-11-22T06:44:06Z" changeset="144312606" uid="19795114" user="kunalchhapre"/>
  <node id="11368005948" lat="29.6083755" lon="78.3532332" version="1" timestamp="2023-11-22T06:44:06Z" changeset="144312606" uid="19795114" user="kunalchhapre"/>
  <node id="11368005949" lat="29.6080224" lon="78.3529203" version="1" timestamp="2023-11-22T06:44:06Z" changeset="144312606" uid="19795114" user="kunalchhapre"/>
  <node id="11368005950" lat="29.6071449" lon="78.3521157" version="1" timestamp="2023-11-22T06:44:06Z" changeset="144312606" uid="19795114" user="kunalchhapre"/>
  <node id="11368005951" lat="29.6071937" lon="78.3521496" version="1" timestamp="2023-11-22T06:44:06Z" changeset="144312606" uid="19795114" user="kunalchhapre"/>
  <node id="11368005952" lat="29.6075558" lon="78.3535748" version="1" timestamp="2023-11-22T06:44:06Z" changeset="144312606" uid="19795114" user="kunalchhapre"/>
  <node id="11368005960" lat="29.6068172" lon="78.3528158" version="1" timestamp="2023-11-22T06:44:06Z" changeset="144312606" uid="19795114" user="kunalchhapre"/>
  <node id="11368005961" lat="29.6068009" lon="78.3527092" version="1" timestamp="2023-11-22T06:44:06Z" changeset="144312606" uid="19795114" user="kunalchhapre"/>
  <node id="11368005962" lat="29.6068802" lon="78.3525617" version="1" timestamp="2023-11-22T06:44:06Z" changeset="144312606" uid="19795114" user="kunalchhapre"/>
  <node id="11368005963" lat="29.6078596" lon="78.3512742" version="1" timestamp="2023-11-22T06:44:06Z" changeset="144312606" uid="19795114" user="kunalchhapre"/>
  <node id="11368005964" lat="29.6083144" lon="78.3506654" version="1" timestamp="2023-11-22T06:44:06Z" changeset="144312606" uid="19795114" user="kunalchhapre"/>
  <node id="11368005965" lat="29.6083539" lon="78.3505723" version="1" timestamp="2023-11-22T06:44:06Z" changeset="144312606" uid="19795114" user="kunalchhapre"/>
  <node id="11368005966" lat="29.6083797" lon="78.3503839" version="1" timestamp="2023-11-22T06:44:06Z" changeset="144312606" uid="19795114" user="kunalchhapre"/>
  <node id="11368009570" lat="29.6068350" lon="78.3534099" version="1" timestamp="2023-11-22T06:44:06Z" changeset="144312606" uid="19795114" user="kunalchhapre"/>
  <node id="11368017232" lat="29.6021355" lon="78.3511555" version="1" timestamp="2023-11-22T06:52:22Z" changeset="144312830" uid="19795114" user="kunalchhapre"/>
  <node id="11368017233" lat="29.6022008" lon="78.3512414" version="1" timestamp="2023-11-22T06:52:22Z" changeset="144312830" uid="19795114" user="kunalchhapre"/>
  <node id="11368017234" lat="29.6029192" lon="78.3519548" version="1" timestamp="2023-11-22T06:52:22Z" changeset="144312830" uid="19795114" user="kunalchhapre"/>
  <node id="11368017235" lat="29.6032783" lon="78.3521426" version="1" timestamp="2023-11-22T06:52:22Z" changeset="144312830" uid="19795114" user="kunalchhapre"/>
  <node id="11368017236" lat="29.6035536" lon="78.3523357" version="1" timestamp="2023-11-22T06:52:22Z" changeset="144312830" uid="19795114" user="kunalchhapre"/>
  <node id="11368017237" lat="29.6044538" lon="78.3531296" version="1" timestamp="2023-11-22T06:52:22Z" changeset="144312830" uid="19795114" user="kunalchhapre"/>
  <node id="11368017238" lat="29.6056406" lon="78.3542454" version="1" timestamp="2023-11-22T06:52:22Z" changeset="144312830" uid="19795114" user="kunalchhapre"/>
  <node id="11368020569" lat="29.6036469" lon="78.3469021" version="1" timestamp="2023-11-22T06:48:38Z" changeset="144312727" uid="19795114" user="kunalchhapre"/>
  <node id="11368020570" lat="29.6035909" lon="78.3468748" version="1" timestamp="2023-11-22T06:48:38Z" changeset="144312727" uid="19795114" user="kunalchhapre"/>
  <node id="11368020571" lat="29.6035443" lon="78.3466660" version="1" timestamp="2023-11-22T06:48:38Z" changeset="144312727" uid="19795114" user="kunalchhapre"/>
  <node id="11368020572" lat="29.6035256" lon="78.3467358" version="1" timestamp="2023-11-22T06:48:38Z" changeset="144312727" uid="19795114" user="kunalchhapre"/>
  <node id="11368020573" lat="29.6035909" lon="78.3464032" version="1" timestamp="2023-11-22T06:48:38Z" changeset="144312727" uid="19795114" user="kunalchhapre"/>
  <node id="11368020574" lat="29.6034277" lon="78.3462477" version="1" timestamp="2023-11-22T06:48:38Z" changeset="144312727" uid="19795114" user="kunalchhapre"/>
  <node id="11368020575" lat="29.6028833" lon="78.3456480" version="1" timestamp="2023-11-22T06:48:38Z" changeset="144312727" uid="19795114" user="kunalchhapre"/>
  <node id="11368020576" lat="29.6030928" lon="78.3453449" version="1" timestamp="2023-11-22T06:48:38Z" changeset="144312727" uid="19795114" user="kunalchhapre"/>
  <node id="11368020577" lat="29.6036656" lon="78.3475297" version="1" timestamp="2023-11-22T06:48:38Z" changeset="144312727" uid="19795114" user="kunalchhapre"/>
  <node id="11368020578" lat="29.6033904" lon="78.3478998" version="1" timestamp="2023-11-22T06:48:38Z" changeset="144312727" uid="19795114" user="kunalchhapre"/>
  <node id="11368020579" lat="29.6032877" lon="78.3480231" version="1" timestamp="2023-11-22T06:48:38Z" changeset="144312727" uid="19795114" user="kunalchhapre"/>
  <node id="11368020580" lat="29.6032178" lon="78.3481197" version="1" timestamp="2023-11-22T06:48:38Z" changeset="144312727" uid="19795114" user="kunalchhapre"/>
  <node id="11368020581" lat="29.6030078" lon="78.3484094" version="1" timestamp="2023-11-22T06:48:38Z" changeset="144312727" uid="19795114" user="kunalchhapre"/>
  <node id="11368020582" lat="29.6028433" lon="78.3486490" version="1" timestamp="2023-11-22T06:48:38Z" changeset="144312727" uid="19795114" user="kunalchhapre"/>
  <node id="11368020583" lat="29.6024142" lon="78.3491722" version="1" timestamp="2023-11-22T06:48:38Z" changeset="144312727" uid="19795114" user="kunalchhapre"/>
  <node id="11368020584" lat="29.6020933" lon="78.3488224" version="1" timestamp="2023-11-22T06:48:38Z" changeset="144312727" uid="19795114" user="kunalchhapre"/>
  <node id="11368020585" lat="29.6025051" lon="78.3482981" version="1" timestamp="2023-11-22T06:48:38Z" changeset="144312727" uid="19795114" user="kunalchhapre"/>
  <node id="11368020586" lat="29.6029285" lon="78.3476848" version="1" timestamp="2023-11-22T06:48:38Z" changeset="144312727" uid="19795114" user="kunalchhapre"/>
  <node id="11368020587" lat="29.6031966" lon="78.3489853" version="1" timestamp="2023-11-22T06:48:38Z" changeset="144312727" uid="19795114" user="kunalchhapre"/>
  <node id="11368020588" lat="29.6026999" lon="78.3495569" version="1" timestamp="2023-11-22T06:48:38Z" changeset="144312727" uid="19795114" user="kunalchhapre"/>
  <node id="11368020589" lat="29.6024107" lon="78.3498842" version="1" timestamp="2023-11-22T06:48:38Z" changeset="144312727" uid="19795114" user="kunalchhapre"/>
  <node id="11368020590" lat="29.6023501" lon="78.3499110" version="1" timestamp="2023-11-22T06:48:38Z" changeset="144312727" uid="19795114" user="kunalchhapre"/>
  <node id="11368020591" lat="29.6020795" lon="78.3501738" version="1" timestamp="2023-11-22T06:48:38Z" changeset="144312727" uid="19795114" user="kunalchhapre"/>
  <node id="11368020592" lat="29.6017716" lon="78.3503991" version="1" timestamp="2023-11-22T06:48:38Z" changeset="144312727" uid="19795114" user="kunalchhapre"/>
  <node id="11368020593" lat="29.6015944" lon="78.3505762" version="1" timestamp="2023-11-22T06:48:38Z" changeset="144312727" uid="19795114" user="kunalchhapre"/>
  <node id="11368020594" lat="29.6004329" lon="78.3517081" version="1" timestamp="2023-11-22T06:48:38Z" changeset="144312727" uid="19795114" user="kunalchhapre"/>
  <node id="11368020595" lat="29.6003069" lon="78.3519119" version="1" timestamp="2023-11-22T06:48:38Z" changeset="144312727" uid="19795114" user="kunalchhapre"/>
  <node id="11368020596" lat="29.6002183" lon="78.3528453" version="1" timestamp="2023-11-22T06:48:38Z" changeset="144312727" uid="19795114" user="kunalchhapre"/>
  <node id="11368020597" lat="29.6002323" lon="78.3528936" version="1" timestamp="2023-11-22T06:48:38Z" changeset="144312727" uid="19795114" user="kunalchhapre"/>
  <node id="11368020598" lat="29.6002649" lon="78.3538699" version="1" timestamp="2023-11-22T06:48:38Z" changeset="144312727" uid="19795114" user="kunalchhapre"/>
  <node id="11368020599" lat="29.6002976" lon="78.3540523" version="1" timestamp="2023-11-22T06:48:38Z" changeset="144312727" uid="19795114" user="kunalchhapre"/>
  <node id="11368020600" lat="29.6004375" lon="78.3544868" version="1" timestamp="2023-11-22T06:48:38Z" changeset="144312727" uid="19795114" user="kunalchhapre"/>
  <node id="11368020601" lat="29.6048332" lon="78.3468533" version="1" timestamp="2023-11-22T06:48:38Z" changeset="144312727" uid="19795114" user="kunalchhapre"/>
  <node id="12526003952" lat="29.6182268" lon="78.3381266" version="1" timestamp="2025-01-23T09:34:26Z" changeset="161666372" uid="21810426" user="rumanola"/>
  <node id="12526003953" lat="29.6182601" lon="78.3381258" version="1" timestamp="2025-01-23T09:34:26Z" changeset="161666372" uid="21810426" user="rumanola"/>
  <node id="12526003954" lat="29.6183206" lon="78.3380533" version="1" timestamp="2025-01-23T09:34:26Z" changeset="161666372" uid="21810426" user="rumanola"/>
  <node id="12526003955" lat="29.6184249" lon="78.3379395" version="1" timestamp="2025-01-23T09:34:26Z" changeset="161666372" uid="21810426" user="rumanola"/>
  <node id="12526003956" lat="29.6184452" lon="78.3379244" version="1" timestamp="2025-01-23T09:34:26Z" changeset="161666372" uid="21810426" user="rumanola"/>
  <node id="12526003957" lat="29.6184688" lon="78.3379153" version="1" timestamp="2025-01-23T09:34:26Z" changeset="161666372" uid="21810426" user="rumanola"/>
  <node id="12526003958" lat="29.6185088" lon="78.3379240" version="1" timestamp="2025-01-23T09:34:26Z" changeset="161666372" uid="21810426" user="rumanola"/>
  <node id="12526003959" lat="29.6186706" lon="78.3379768" version="1" timestamp="2025-01-23T09:34:26Z" changeset="161666372" uid="21810426" user="rumanola"/>
  <node id="12526003960" lat="29.6187501" lon="78.3379739" version="1" timestamp="2025-01-23T09:34:26Z" changeset="161666372" uid="21810426" user="rumanola"/>
  <node id="12526003961" lat="29.6188839" lon="78.3379681" version="1" timestamp="2025-01-23T09:34:26Z" changeset="161666372" uid="21810426" user="rumanola"/>
  <node id="12526003962" lat="29.6189840" lon="78.3380020" version="1" timestamp="2025-01-23T09:34:26Z" changeset="161666372" uid="21810426" user="rumanola"/>
  <node id="12526003963" lat="29.6176620" lon="78.3376034" version="1" timestamp="2025-01-23T09:34:26Z" changeset="161666372" uid="21810426" user="rumanola"/>
  <node id="12526003964" lat="29.6177066" lon="78.3375622" version="1" timestamp="2025-01-23T09:34:26Z" changeset="161666372" uid="21810426" user="rumanola">
    <tag k="access" v="private"/>
    <tag k="barrier" v="gate"/>
  </node>
  <node id="12526003965" lat="29.6177988" lon="78.3375050" version="1" timestamp="2025-01-23T09:34:26Z" changeset="161666372" uid="21810426" user="rumanola"/>
  <node id="12526003966" lat="29.6179264" lon="78.3374500" version="1" timestamp="2025-01-23T09:34:26Z" changeset="161666372" uid="21810426" user="rumanola"/>
  <way id="104954974" version="15" timestamp="2023-11-22T06:44:06Z" changeset="144312606" uid="19795114" user="kunalchhapre">
    <nd ref="430817471"/>
    <nd ref="1210126466"/>
    <nd ref="5702255638"/>
    <nd ref="1210121517"/>
    <nd ref="1210123764"/>
    <nd ref="6400401312"/>
    <nd ref="1210125788"/>
    <nd ref="1210120339"/>
    <nd ref="1210123059"/>
    <nd ref="11367977913"/>
    <nd ref="1210125067"/>
    <nd ref="1210120514"/>
    <nd ref="1210123330"/>
    <nd ref="11367971875"/>
    <nd ref="1336893640"/>
    <nd ref="1336893637"/>
    <nd ref="11367955954"/>
    <nd ref="11367955958"/>
    <nd ref="11367995899"/>
    <nd ref="11367995901"/>
    <nd ref="11367995904"/>
    <nd ref="11367955964"/>
    <nd ref="11367995911"/>
    <nd ref="1210125145"/>
    <nd ref="11368005937"/>
    <nd ref="8321778022"/>
    <nd ref="8321764873"/>
    <tag k="highway" v="trunk"/>
    <tag k="lanes" v="2"/>
    <tag k="maxspeed" v="50"/>
    <tag k="ref" v="NH534"/>
    <tag k="ref:old" v="NH119"/>
  </way>
  <way id="104954979" version="6" timestamp="2023-10-11T05:04:23Z" changeset="142418419" uid="18812446" user="neharikas">
    <nd ref="1210711472"/>
    <nd ref="1336893575"/>
    <nd ref="1336893568"/>
    <nd ref="11254396535"/>
    <nd ref="1336893561"/>
    <nd ref="8321777798"/>
    <nd ref="11252768418"/>
    <nd ref="1336893545"/>
    <nd ref="11252768417"/>
    <nd ref="11252768413"/>
    <nd ref="11252768411"/>
    <nd ref="1336893539"/>
    <nd ref="11254408246"/>
    <nd ref="1336893514"/>
    <nd ref="1210127343"/>
    <tag k="highway" v="secondary"/>
  </way>
  <way id="105021270" version="6" timestamp="2023-10-11T05:04:23Z" changeset="142418419" uid="18812446" user="neharikas">
    <nd ref="1336893561"/>
    <nd ref="1336893563"/>
    <nd ref="11254396505"/>
    <nd ref="1336893565"/>
    <nd ref="1336893562"/>
    <nd ref="11254396496"/>
    <nd ref="1336893555"/>
    <nd ref="11254396489"/>
    <nd ref="11252768406"/>
    <nd ref="1336893556"/>
    <nd ref="1336893560"/>
    <nd ref="968689529"/>
    <nd ref="968690042"/>
    <nd ref="968685644"/>
    <nd ref="968688940"/>
    <nd ref="968684073"/>
    <nd ref="968684786"/>
    <nd ref="968686804"/>
    <nd ref="968689171"/>
    <nd ref="968684335"/>
    <nd ref="968685118"/>
    <nd ref="968686945"/>
    <nd ref="968683528"/>
    <nd ref="968686182"/>
    <nd ref="968686554"/>
    <nd ref="968688593"/>
    <nd ref="968685725"/>
    <nd ref="968687415"/>
    <nd ref="968687909"/>
    <nd ref="968690121"/>
    <nd ref="968686854"/>
    <nd ref="968689038"/>
    <nd ref="968689593"/>
    <nd ref="968684923"/>
    <nd ref="968689835"/>
    <nd ref="5910290738"/>
    <nd ref="968685316"/>
    <nd ref="968685935"/>
    <nd ref="968687662"/>
    <nd ref="968684485"/>
    <nd ref="968686633"/>
    <nd ref="968687126"/>
    <nd ref="968689300"/>
    <nd ref="968686268"/>
    <nd ref="968688056"/>
    <nd ref="968688703"/>
    <nd ref="968683684"/>
    <nd ref="968687499"/>
    <nd ref="968689701"/>
    <nd ref="968682990"/>
    <nd ref="968685844"/>
    <nd ref="968687728"/>
    <nd ref="968689900"/>
    <nd ref="968683223"/>
    <nd ref="968685992"/>
    <nd ref="968689380"/>
    <nd ref="968684580"/>
    <nd ref="968685428"/>
    <nd ref="968687223"/>
    <nd ref="968683820"/>
    <nd ref="968686325"/>
    <nd ref="968686686"/>
    <nd ref="968688789"/>
    <nd ref="968685903"/>
    <nd ref="968687609"/>
    <nd ref="968688251"/>
    <nd ref="968683084"/>
    <nd ref="968688494"/>
    <nd ref="968683359"/>
    <nd ref="968684185"/>
    <nd ref="968686482"/>
    <nd ref="968690005"/>
    <nd ref="968685599"/>
    <nd ref="968686090"/>
    <nd ref="968687819"/>
    <nd ref="968684743"/>
    <nd ref="968686764"/>
    <nd ref="968687329"/>
    <nd ref="968689496"/>
    <nd ref="968686405"/>
    <nd ref="968688401"/>
    <nd ref="968688904"/>
    <nd ref="968683997"/>
    <nd ref="968689397"/>
    <nd ref="968684614"/>
    <nd ref="968685456"/>
    <nd ref="968687248"/>
    <nd ref="968683856"/>
    <nd ref="968686342"/>
    <nd ref="968686700"/>
    <nd ref="968688819"/>
    <nd ref="968685922"/>
    <nd ref="968687646"/>
    <nd ref="968688285"/>
    <nd ref="968683117"/>
    <nd ref="968687107"/>
    <nd ref="968689277"/>
    <nd ref="1864582845"/>
    <nd ref="1864582843"/>
    <nd ref="11252768422"/>
    <tag k="highway" v="tertiary"/>
    <tag k="maxspeed" v="30"/>
    <tag k="name" v="Village Road"/>
  </way>
  <way id="105021334" version="9" timestamp="2022-09-01T09:10:16Z" changeset="125645574" uid="12250792" user="mglsj">
    <nd ref="8321764893"/>
    <nd ref="8321764885"/>
    <nd ref="5702231376"/>
    <nd ref="1210121636"/>
    <nd ref="1210719812"/>
    <tag k="highway" v="trunk"/>
    <tag k="lanes" v="2"/>
    <tag k="maxspeed" v="50"/>
    <tag k="ref" v="NH534;NH734"/>
    <tag k="ref:old" v="NH119;74"/>
  </way>
  <way id="105021343" version="10" timestamp="2023-10-10T12:21:46Z" changeset="142390955" uid="18812446" user="neharikas">
    <nd ref="1210719812"/>
    <nd ref="9992423586"/>
    <nd ref="1336893526"/>
    <nd ref="1210124079"/>
    <nd ref="11252778895"/>
    <nd ref="11252778913"/>
    <nd ref="11252778917"/>
    <nd ref="11252751892"/>
    <nd ref="1210126389"/>
    <nd ref="11252751890"/>
    <nd ref="11252751888"/>
    <nd ref="11252751886"/>
    <nd ref="9992423603"/>
    <nd ref="1210121226"/>
    <nd ref="9992423604"/>
    <nd ref="1210124270"/>
    <nd ref="1210127343"/>
    <tag k="highway" v="trunk"/>
    <tag k="lanes" v="2"/>
    <tag k="maxspeed" v="50"/>
    <tag k="ref" v="NH534"/>
    <tag k="ref:old" v="NH119"/>
  </way>
  <way id="105021356" version="5" timestamp="2023-10-11T05:04:23Z" changeset="142418419" uid="18812446" user="neharikas">
    <nd ref="1210127343"/>
    <nd ref="1336893515"/>
    <nd ref="968684235"/>
    <nd ref="1210711306"/>
    <nd ref="968686507"/>
    <nd ref="968686884"/>
    <nd ref="1210649990"/>
    <nd ref="968689099"/>
    <nd ref="1210680705"/>
    <nd ref="968686125"/>
    <nd ref="968687850"/>
    <nd ref="968688530"/>
    <nd ref="968683423"/>
    <nd ref="968687364"/>
    <nd ref="968689529"/>
    <nd ref="1210709165"/>
    <nd ref="1210683798"/>
    <nd ref="1210655681"/>
    <nd ref="1210716211"/>
    <nd ref="1210688241"/>
    <nd ref="1210661231"/>
    <nd ref="11254396529"/>
    <nd ref="1210722709"/>
    <nd ref="11254396515"/>
    <nd ref="1210692993"/>
    <nd ref="11254396485"/>
    <nd ref="1210660482"/>
    <nd ref="11254408239"/>
    <nd ref="1210722118"/>
    <nd ref="1210692104"/>
    <nd ref="1210668262"/>
    <nd ref="1210731832"/>
    <tag k="highway" v="trunk"/>
    <tag k="motorroad" v="no"/>
    <tag k="ref" v="NH34"/>
    <tag k="surface" v="paved"/>
  </way>
  <way id="118932597" version="6" timestamp="2023-10-11T05:04:23Z" changeset="142418419" uid="18812446" user="neharikas">
    <nd ref="1210731832"/>
    <nd ref="1210712802"/>
    <nd ref="1210677928"/>
    <nd ref="11254396488"/>
    <nd ref="1210639658"/>
    <nd ref="11254408250"/>
    <nd ref="1210707517"/>
    <nd ref="11254408285"/>
    <nd ref="1210681647"/>
    <nd ref="1210651530"/>
    <nd ref="1210703112"/>
    <nd ref="1210681123"/>
    <nd ref="1210650356"/>
    <nd ref="1210711472"/>
    <tag k="highway" v="trunk"/>
    <tag k="lanes" v="2"/>
    <tag k="ref" v="NH734"/>
    <tag k="ref:old" v="NH74"/>
    <tag k="surface" v="paved"/>
  </way>
  <way id="118932599" version="8" timestamp="2023-10-11T05:04:23Z" changeset="142418419" uid="18812446" user="neharikas">
    <nd ref="1210711472"/>
    <nd ref="1210685426"/>
    <nd ref="11254408306"/>
    <nd ref="1210658927"/>
    <nd ref="1210721189"/>
    <nd ref="1210691558"/>
    <nd ref="1336893547"/>
    <nd ref="1210658531"/>
    <nd ref="8321764858"/>
    <nd ref="9992423584"/>
    <nd ref="1210719812"/>
    <tag k="highway" v="trunk"/>
    <tag k="lanes" v="2"/>
    <tag k="ref" v="NH734"/>
    <tag k="ref:old" v="NH74"/>
    <tag k="surface" v="paved"/>
  </way>
  <way id="118932603" version="8" timestamp="2023-11-22T06:26:22Z" changeset="144312174" uid="19795114" user="kunalchhapre">
    <nd ref="1336893644"/>
    <nd ref="8321778026"/>
    <nd ref="1336893664"/>
    <nd ref="1336893669"/>
    <nd ref="11367989996"/>
    <nd ref="1336893671"/>
    <nd ref="5910336570"/>
    <nd ref="11367989984"/>
    <nd ref="1336893678"/>
    <nd ref="1336893680"/>
    <nd ref="1336893682"/>
    <nd ref="11367980755"/>
    <nd ref="1336893689"/>
    <nd ref="11367989974"/>
    <nd ref="1336893691"/>
    <nd ref="1336893692"/>
    <nd ref="11367980739"/>
    <nd ref="1336893693"/>
    <nd ref="1336893696"/>
    <nd ref="1336893697"/>
    <nd ref="1336893698"/>
    <nd ref="5166885742"/>
    <nd ref="5166885741"/>
    <nd ref="11367983353"/>
    <nd ref="5166885740"/>
    <nd ref="5166885739"/>
    <nd ref="5166885738"/>
    <nd ref="5166885737"/>
    <nd ref="5166885736"/>
    <nd ref="5910336562"/>
    <nd ref="5166885735"/>
    <nd ref="5166885734"/>
    <nd ref="5166885732"/>
    <nd ref="5166885731"/>
    <nd ref="5166885729"/>
    <nd ref="5166885728"/>
    <nd ref="5166885727"/>
    <nd ref="5166885724"/>
    <nd ref="5166885723"/>
    <nd ref="5166885721"/>
    <nd ref="11367983680"/>
    <nd ref="5166885518"/>
    <nd ref="5166885517"/>
    <nd ref="5166885516"/>
    <nd ref="5166885515"/>
    <nd ref="5166885514"/>
    <nd ref="5166885513"/>
    <nd ref="5702252512"/>
    <nd ref="5166885512"/>
    <nd ref="5166885511"/>
    <nd ref="5166885510"/>
    <nd ref="5166885509"/>
    <nd ref="5166885508"/>
    <nd ref="5166885507"/>
    <nd ref="5166885506"/>
    <nd ref="5166885505"/>
    <nd ref="5166885504"/>
    <nd ref="5166885503"/>
    <tag k="highway" v="tertiary"/>
  </way>
  <way id="118932604" version="11" timestamp="2023-11-22T06:39:51Z" changeset="144312493" uid="19795114" user="kunalchhapre">
    <nd ref="1336893687"/>
    <nd ref="1336893685"/>
    <nd ref="1336893683"/>
    <nd ref="5910336507"/>
    <nd ref="1336893681"/>
    <nd ref="1336893676"/>
    <nd ref="11266125377"/>
    <nd ref="1336893667"/>
    <nd ref="1336893663"/>
    <nd ref="11266125407"/>
    <nd ref="11266125388"/>
    <nd ref="1336893644"/>
    <nd ref="11367968949"/>
    <nd ref="11266125408"/>
    <nd ref="11367968953"/>
    <nd ref="1336893620"/>
    <nd ref="11367951200"/>
    <nd ref="5702301198"/>
    <nd ref="11367951203"/>
    <nd ref="1336893590"/>
    <nd ref="5702301194"/>
    <nd ref="1336893582"/>
    <nd ref="11367968930"/>
    <nd ref="5702248946"/>
    <nd ref="1336893577"/>
    <nd ref="5702256370"/>
    <nd ref="1336893569"/>
    <tag k="highway" v="tertiary"/>
  </way>
  <way id="118932606" version="12" timestamp="2023-11-22T06:39:51Z" changeset="144312493" uid="19795114" user="kunalchhapre">
    <nd ref="1336893585"/>
    <nd ref="1336893588"/>
    <nd ref="1336893595"/>
    <nd ref="1336893599"/>
    <nd ref="1336893604"/>
    <nd ref="1336893600"/>
    <nd ref="1336893605"/>
    <nd ref="1336893606"/>
    <nd ref="1336893603"/>
    <nd ref="1336893598"/>
    <nd ref="1336893601"/>
    <nd ref="5702300292"/>
    <nd ref="11367968940"/>
    <nd ref="1336893620"/>
    <nd ref="1336893624"/>
    <nd ref="1336893625"/>
    <nd ref="8321778030"/>
    <nd ref="1336893628"/>
    <nd ref="11367990014"/>
    <nd ref="11367951191"/>
    <nd ref="5702249623"/>
    <nd ref="8321777789"/>
    <nd ref="5702249622"/>
    <nd ref="1336893645"/>
    <nd ref="5166880687"/>
    <nd ref="5166880686"/>
    <nd ref="5166880685"/>
    <nd ref="5166880684"/>
    <nd ref="11367983348"/>
    <nd ref="5166880683"/>
    <nd ref="5166880682"/>
    <nd ref="5166880681"/>
    <nd ref="5166880680"/>
    <nd ref="5166880679"/>
    <nd ref="5166880678"/>
    <nd ref="5166880677"/>
    <nd ref="5166880676"/>
    <nd ref="5166880675"/>
    <nd ref="5166880674"/>
    <nd ref="5166880672"/>
    <nd ref="5166880671"/>
    <nd ref="5166880670"/>
    <nd ref="5166880669"/>
    <nd ref="5166880668"/>
    <nd ref="5166880667"/>
    <nd ref="5166880666"/>
    <nd ref="5166880665"/>
    <nd ref="5166880664"/>
    <nd ref="5166880663"/>
    <nd ref="5166880662"/>
    <nd ref="11367977925"/>
    <nd ref="5166880661"/>
    <nd ref="5166880660"/>
    <nd ref="5166880659"/>
    <nd ref="11367983314"/>
    <nd ref="5166880658"/>
    <nd ref="5166880657"/>
    <nd ref="5166880656"/>
    <nd ref="5166880655"/>
    <nd ref="5166880654"/>
    <nd ref="11367977924"/>
    <nd ref="11367983306"/>
    <nd ref="5166880651"/>
    <nd ref="11367977936"/>
    <nd ref="5166880650"/>
    <tag k="highway" v="tertiary"/>
  </way>
  <way id="118932608" version="3" timestamp="2023-11-22T06:31:25Z" changeset="144312288" uid="19795114" user="kunalchhapre">
    <nd ref="1336893645"/>
    <nd ref="8321777797"/>
    <nd ref="1336893643"/>
    <nd ref="1336893639"/>
    <nd ref="8321777781"/>
    <nd ref="1336893627"/>
    <nd ref="1336893626"/>
    <nd ref="1336893630"/>
    <nd ref="11367995907"/>
    <nd ref="11367995906"/>
    <nd ref="11367995903"/>
    <nd ref="1336893633"/>
    <nd ref="11367995896"/>
    <nd ref="11367995898"/>
    <nd ref="1336893632"/>
    <nd ref="11367995891"/>
    <nd ref="1336893634"/>
    <nd ref="1336893637"/>
    <tag k="highway" v="tertiary"/>
  </way>
  <way id="118932610" version="9" timestamp="2025-03-13T12:14:09Z" changeset="163567656" uid="19419485" user="ashwini_15">
    <nd ref="8321764884"/>
    <nd ref="9992423596"/>
    <nd ref="1336893540"/>
    <nd ref="1336893549"/>
    <nd ref="1336893552"/>
    <nd ref="11252726007"/>
    <nd ref="5702300306"/>
    <nd ref="1336893566"/>
    <nd ref="5702231373"/>
    <nd ref="1336893579"/>
    <nd ref="1336893583"/>
    <nd ref="1336893585"/>
    <nd ref="11254408312"/>
    <nd ref="11254408300"/>
    <nd ref="1336893596"/>
    <nd ref="1336893597"/>
    <nd ref="1336893610"/>
    <nd ref="1336893621"/>
    <nd ref="11254408282"/>
    <nd ref="5910336508"/>
    <nd ref="11254408272"/>
    <nd ref="11254408262"/>
    <nd ref="1336893657"/>
    <nd ref="11254408267"/>
    <nd ref="11254408261"/>
    <nd ref="11254408259"/>
    <tag k="highway" v="secondary"/>
  </way>
  <way id="118932612" version="4" timestamp="2023-10-30T08:24:03Z" changeset="143351139" uid="19620700" user="jyotikatke">
    <nd ref="1210687599"/>
    <nd ref="11299444024"/>
    <nd ref="1336893699"/>
    <nd ref="8321778039"/>
    <nd ref="8321778040"/>
    <tag k="highway" v="tertiary"/>
  </way>
  <way id="118932613" version="2" timestamp="2021-01-14T16:56:59Z" changeset="97507299" uid="1306" user="PlaneMad">
    <nd ref="1210681123"/>
    <nd ref="1336893597"/>
    <tag k="highway" v="secondary"/>
  </way>
  <way id="118932617" version="3" timestamp="2023-10-10T12:21:46Z" changeset="142390955" uid="18812446" user="neharikas">
    <nd ref="8321777798"/>
    <nd ref="8321777799"/>
    <nd ref="1336893554"/>
    <nd ref="11252778901"/>
    <nd ref="1336893550"/>
    <nd ref="1336893535"/>
    <tag k="highway" v="unclassified"/>
  </way>
  <way id="118932620" version="6" timestamp="2023-11-22T06:48:38Z" changeset="144312727" uid="19795114" user="kunalchhapre">
    <nd ref="8321764896"/>
    <nd ref="8321764861"/>
    <nd ref="9992375578"/>
    <nd ref="11367975764"/>
    <nd ref="1336893529"/>
    <nd ref="11367975762"/>
    <nd ref="11368020601"/>
    <nd ref="1336893536"/>
    <nd ref="11367975767"/>
    <nd ref="11367975760"/>
    <nd ref="9992375657"/>
    <nd ref="11367975742"/>
    <nd ref="9992375662"/>
    <nd ref="9992375658"/>
    <nd ref="9992375661"/>
    <nd ref="9992375585"/>
    <nd ref="1336893558"/>
    <nd ref="9992375591"/>
    <nd ref="9992375590"/>
    <nd ref="1210123708"/>
    <tag k="highway" v="secondary"/>
  </way>
  <way id="118932621" version="3" timestamp="2023-11-22T06:39:51Z" changeset="144312493" uid="19795114" user="kunalchhapre">
    <nd ref="1336893597"/>
    <nd ref="1336893607"/>
    <nd ref="1336893608"/>
    <nd ref="1336893602"/>
    <nd ref="1336893615"/>
    <nd ref="1336893616"/>
    <nd ref="11367968945"/>
    <nd ref="1336893644"/>
    <tag k="highway" v="tertiary"/>
  </way>
  <way id="118932623" version="3" timestamp="2023-10-10T12:09:10Z" changeset="142390419" uid="19620700" user="jyotikatke">
    <nd ref="1336893466"/>
    <nd ref="11252735666"/>
    <nd ref="1336893510"/>
    <nd ref="11252735667"/>
    <nd ref="8321764898"/>
    <nd ref="1336893511"/>
    <nd ref="1336893502"/>
    <nd ref="1210121702"/>
    <tag k="highway" v="residential"/>
  </way>
  <way id="118932626" version="1" timestamp="2011-06-24T13:49:51Z" changeset="8533107" uid="1306" user="PlaneMad">
    <nd ref="1336893522"/>
    <nd ref="1336893521"/>
    <nd ref="1336893517"/>
    <nd ref="1336893516"/>
    <nd ref="1336893518"/>
    <nd ref="1336893520"/>
    <nd ref="1336893522"/>
    <nd ref="1336893526"/>
    <tag k="highway" v="service"/>
  </way>
  <way id="118932629" version="3" timestamp="2023-10-10T12:04:02Z" changeset="142390226" uid="19620700" user="jyotikatke">
    <nd ref="1336893526"/>
    <nd ref="1336893535"/>
    <nd ref="1336893543"/>
    <nd ref="1336893547"/>
    <nd ref="11252739026"/>
    <nd ref="1336893559"/>
    <nd ref="1336893570"/>
    <nd ref="1336893578"/>
    <nd ref="1336893581"/>
    <nd ref="8321764857"/>
    <nd ref="1336893583"/>
    <tag k="highway" v="tertiary"/>
  </way>
  <way id="329922144" version="10" timestamp="2023-10-20T11:30:26Z" changeset="142865706" uid="16531141" user="tusharvalvi">
    <nd ref="3220071057"/>
    <nd ref="3368721265"/>
    <nd ref="3368721272"/>
    <nd ref="3368721285"/>
    <nd ref="3368721290"/>
    <nd ref="3368721393"/>
    <nd ref="3368721289"/>
    <nd ref="3368721288"/>
    <nd ref="3368721286"/>
    <nd ref="3368721269"/>
    <nd ref="3368721263"/>
    <nd ref="3368721261"/>
    <nd ref="3368721264"/>
    <nd ref="3368721267"/>
    <nd ref="3368721271"/>
    <nd ref="3368721268"/>
    <nd ref="3368721273"/>
    <nd ref="3368721279"/>
    <nd ref="3368721281"/>
    <nd ref="3368721277"/>
    <nd ref="3368721270"/>
    <nd ref="3368721259"/>
    <nd ref="3368721247"/>
    <nd ref="3368721243"/>
    <nd ref="3368721239"/>
    <nd ref="3368721236"/>
    <nd ref="3368721234"/>
    <nd ref="3368721235"/>
    <nd ref="3368721237"/>
    <nd ref="3368721240"/>
    <nd ref="3368721244"/>
    <nd ref="3368721248"/>
    <nd ref="3368721251"/>
    <nd ref="3368721252"/>
    <nd ref="3368721255"/>
    <nd ref="3368721254"/>
    <nd ref="3368721253"/>
    <nd ref="3368721250"/>
    <nd ref="3368721246"/>
    <nd ref="3368721242"/>
    <nd ref="3368721231"/>
    <nd ref="3368721229"/>
    <nd ref="3368721228"/>
    <nd ref="3368721226"/>
    <nd ref="8321778041"/>
    <nd ref="8321778042"/>
    <nd ref="8321778043"/>
    <nd ref="3368721220"/>
    <nd ref="3368721219"/>
    <nd ref="8321778044"/>
    <nd ref="8321777780"/>
    <nd ref="3368721216"/>
    <nd ref="5910336516"/>
    <nd ref="3368721212"/>
    <nd ref="3368721211"/>
    <nd ref="3368721205"/>
    <nd ref="3368721203"/>
    <nd ref="3368721200"/>
    <nd ref="3368721208"/>
    <nd ref="3368721201"/>
    <nd ref="3368720890"/>
    <nd ref="3368720872"/>
    <nd ref="3368720847"/>
    <nd ref="3368720841"/>
    <nd ref="3368720838"/>
    <nd ref="3368720836"/>
    <nd ref="3368720834"/>
    <nd ref="3368720832"/>
    <nd ref="3368720833"/>
    <nd ref="3368720835"/>
    <nd ref="3368720839"/>
    <nd ref="3368720840"/>
    <nd ref="3368720843"/>
    <nd ref="3368720844"/>
    <nd ref="3368720845"/>
    <nd ref="3368720852"/>
    <nd ref="3368720863"/>
    <nd ref="3368720862"/>
    <nd ref="3368720859"/>
    <nd ref="3368720861"/>
    <nd ref="3368720867"/>
    <nd ref="3368720885"/>
    <nd ref="3368720882"/>
    <nd ref="3368720879"/>
    <nd ref="3368720876"/>
    <nd ref="3368720870"/>
    <nd ref="3368720866"/>
    <nd ref="3368720860"/>
    <nd ref="3368720854"/>
    <nd ref="3368720851"/>
    <nd ref="3368720848"/>
    <nd ref="3368720846"/>
    <nd ref="3368720875"/>
    <nd ref="3368720881"/>
    <nd ref="3368720883"/>
    <nd ref="3368720878"/>
    <nd ref="3368721196"/>
    <nd ref="3368721199"/>
    <nd ref="3368721204"/>
    <nd ref="3368721207"/>
    <nd ref="3368721197"/>
    <nd ref="3368720873"/>
    <nd ref="3368720855"/>
    <nd ref="3368720849"/>
    <nd ref="3368720850"/>
    <nd ref="3368720853"/>
    <nd ref="3368720856"/>
    <nd ref="3368720868"/>
    <nd ref="3368720874"/>
    <nd ref="3368720887"/>
    <nd ref="3368721194"/>
    <nd ref="3368721202"/>
    <nd ref="3368721210"/>
    <nd ref="3368721214"/>
    <nd ref="3368721215"/>
    <nd ref="3368721218"/>
    <nd ref="3368721222"/>
    <nd ref="3368721238"/>
    <nd ref="3368721245"/>
    <nd ref="3368721257"/>
    <nd ref="3368721260"/>
    <nd ref="3368721274"/>
    <nd ref="3368721395"/>
    <nd ref="3368721398"/>
    <nd ref="3368721402"/>
    <nd ref="3368721404"/>
    <nd ref="3368721405"/>
    <nd ref="3368721407"/>
    <nd ref="3368721413"/>
    <nd ref="3368721416"/>
    <nd ref="3368721414"/>
    <nd ref="3368721408"/>
    <nd ref="3368721399"/>
    <nd ref="3368721396"/>
    <nd ref="3368721394"/>
    <nd ref="3368721291"/>
    <nd ref="3368721282"/>
    <nd ref="3368721284"/>
    <nd ref="3368721401"/>
    <nd ref="3368721403"/>
    <nd ref="3368721400"/>
    <nd ref="3368721397"/>
    <nd ref="3368721292"/>
    <nd ref="3368721287"/>
    <nd ref="3368721283"/>
    <nd ref="3368721278"/>
    <nd ref="3368721275"/>
    <nd ref="3368721280"/>
    <nd ref="3368721276"/>
    <nd ref="3368721266"/>
    <nd ref="3368721262"/>
    <nd ref="3368721258"/>
    <nd ref="3368721256"/>
    <nd ref="3368721249"/>
    <nd ref="3368721241"/>
    <nd ref="3368721233"/>
    <nd ref="3368721232"/>
    <nd ref="3368721230"/>
    <nd ref="3368721227"/>
    <nd ref="3368721223"/>
    <nd ref="3368721221"/>
    <nd ref="3368721217"/>
    <nd ref="3368721213"/>
    <nd ref="3368721209"/>
    <nd ref="3368721198"/>
    <nd ref="3368720891"/>
    <nd ref="3368720886"/>
    <nd ref="3368720892"/>
    <nd ref="3368721206"/>
    <nd ref="3368720884"/>
    <nd ref="3368720880"/>
    <nd ref="3368720889"/>
    <nd ref="3368721193"/>
    <nd ref="3368721195"/>
    <nd ref="3368720888"/>
    <nd ref="3368720877"/>
    <nd ref="3368720864"/>
    <nd ref="3368720858"/>
    <nd ref="3368720857"/>
    <nd ref="3368720871"/>
    <nd ref="3368720869"/>
    <nd ref="3368720865"/>
    <nd ref="3368720842"/>
    <nd ref="10004212829"/>
    <nd ref="3368720837"/>
    <nd ref="3368720831"/>
    <nd ref="3368720830"/>
    <nd ref="3368720829"/>
    <nd ref="3368720828"/>
    <nd ref="3368720827"/>
    <nd ref="3368720821"/>
    <nd ref="3368720819"/>
    <nd ref="3368720818"/>
    <nd ref="3368720817"/>
    <nd ref="3368720822"/>
    <nd ref="3368720824"/>
    <nd ref="3368720826"/>
    <nd ref="3368720825"/>
    <nd ref="3368720823"/>
    <nd ref="3368720820"/>
    <nd ref="3368720816"/>
    <nd ref="3368720815"/>
    <nd ref="3368720814"/>
    <nd ref="3368720813"/>
    <nd ref="3368720812"/>
    <nd ref="3368720811"/>
    <nd ref="3368720810"/>
    <nd ref="3368720809"/>
    <nd ref="3368720808"/>
    <nd ref="3368720807"/>
    <nd ref="3368720801"/>
    <nd ref="3368720488"/>
    <nd ref="3368720474"/>
    <nd ref="3368720462"/>
    <nd ref="3368720468"/>
    <nd ref="3368720469"/>
    <nd ref="3368720481"/>
    <nd ref="3368720491"/>
    <nd ref="3368720800"/>
    <nd ref="3368720802"/>
    <nd ref="3368720804"/>
    <nd ref="3368720806"/>
    <nd ref="3368720805"/>
    <nd ref="3368720803"/>
    <nd ref="3368720799"/>
    <nd ref="3368720798"/>
    <nd ref="3368720490"/>
    <nd ref="3368720478"/>
    <nd ref="3368720471"/>
    <nd ref="3368720465"/>
    <nd ref="3368720459"/>
    <nd ref="3368720458"/>
    <nd ref="3368720466"/>
    <nd ref="3368720464"/>
    <nd ref="3368720453"/>
    <nd ref="3368720445"/>
    <nd ref="3368720442"/>
    <nd ref="3368720429"/>
    <nd ref="3368720421"/>
    <nd ref="3368720411"/>
    <nd ref="3368720406"/>
    <nd ref="3368720405"/>
    <nd ref="3368720404"/>
    <nd ref="3368720403"/>
    <nd ref="3368720402"/>
    <nd ref="3368720397"/>
    <nd ref="3368720393"/>
    <nd ref="3368720089"/>
    <nd ref="3368720083"/>
    <nd ref="3368720078"/>
    <nd ref="3368720079"/>
    <nd ref="3368720082"/>
    <nd ref="3368720088"/>
    <nd ref="3368720396"/>
    <nd ref="3368720410"/>
    <nd ref="3368720418"/>
    <nd ref="3368720444"/>
    <nd ref="3368720457"/>
    <nd ref="3368720473"/>
    <nd ref="3368720489"/>
    <nd ref="3368720795"/>
    <nd ref="3368720797"/>
    <nd ref="3368720794"/>
    <nd ref="3368720484"/>
    <nd ref="3368720470"/>
    <nd ref="3368720455"/>
    <nd ref="3368720446"/>
    <nd ref="3368720437"/>
    <nd ref="3368720420"/>
    <nd ref="3368720415"/>
    <nd ref="3368720412"/>
    <nd ref="3368720417"/>
    <nd ref="3368720423"/>
    <nd ref="3368720438"/>
    <nd ref="3368720454"/>
    <nd ref="3368720460"/>
    <nd ref="3368720472"/>
    <nd ref="3368720479"/>
    <nd ref="3368720486"/>
    <nd ref="3368720487"/>
    <nd ref="3368720485"/>
    <nd ref="3368720480"/>
    <nd ref="3368720475"/>
    <nd ref="3368720467"/>
    <nd ref="3368720456"/>
    <nd ref="3368720450"/>
    <nd ref="3368720447"/>
    <nd ref="3368720449"/>
    <nd ref="3368720448"/>
    <nd ref="3368720443"/>
    <nd ref="3368720439"/>
    <nd ref="3368720435"/>
    <nd ref="3368720431"/>
    <nd ref="3368720432"/>
    <nd ref="3368720428"/>
    <nd ref="3368720424"/>
    <nd ref="3368720399"/>
    <nd ref="3368720086"/>
    <nd ref="3368720075"/>
    <nd ref="3368720066"/>
    <nd ref="3368720060"/>
    <nd ref="3368720053"/>
    <nd ref="3368720050"/>
    <nd ref="3368720046"/>
    <nd ref="3368720045"/>
    <nd ref="3368720042"/>
    <nd ref="3368720041"/>
    <nd ref="3368720039"/>
    <nd ref="3368720035"/>
    <nd ref="3368720034"/>
    <nd ref="3368720033"/>
    <nd ref="3368720031"/>
    <nd ref="3368720024"/>
    <nd ref="3368720021"/>
    <nd ref="3368720015"/>
    <nd ref="3368720011"/>
    <nd ref="3368720006"/>
    <nd ref="3368720004"/>
    <nd ref="3368720000"/>
    <nd ref="3368719998"/>
    <nd ref="3368719997"/>
    <nd ref="3368719993"/>
    <nd ref="3368719691"/>
    <nd ref="3368719688"/>
    <nd ref="3368719686"/>
    <nd ref="3368719687"/>
    <nd ref="3368719689"/>
    <nd ref="3368719994"/>
    <nd ref="3368719996"/>
    <nd ref="3368720010"/>
    <nd ref="3368720013"/>
    <nd ref="3368720017"/>
    <nd ref="3368720022"/>
    <nd ref="3368720026"/>
    <nd ref="3368720030"/>
    <nd ref="3368720028"/>
    <nd ref="3368720023"/>
    <nd ref="3368720018"/>
    <nd ref="3368720012"/>
    <nd ref="3368720007"/>
    <nd ref="3368720002"/>
    <nd ref="3368719999"/>
    <nd ref="3368720001"/>
    <nd ref="3368720005"/>
    <nd ref="3368720009"/>
    <nd ref="3368720016"/>
    <nd ref="3368720019"/>
    <nd ref="3368720025"/>
    <nd ref="3368720029"/>
    <nd ref="3368720032"/>
    <nd ref="3368720037"/>
    <nd ref="3368720051"/>
    <nd ref="3368720058"/>
    <nd ref="3368720071"/>
    <nd ref="3368720091"/>
    <nd ref="3368720422"/>
    <nd ref="3368720427"/>
    <nd ref="3368720433"/>
    <nd ref="3368720436"/>
    <nd ref="3368720434"/>
    <nd ref="3368720430"/>
    <nd ref="3368720425"/>
    <nd ref="3368720414"/>
    <nd ref="3368720398"/>
    <nd ref="3368720087"/>
    <nd ref="3368720080"/>
    <nd ref="3368720070"/>
    <nd ref="3368720061"/>
    <nd ref="3368720056"/>
    <nd ref="3368720054"/>
    <nd ref="3368720055"/>
    <nd ref="3368720057"/>
    <nd ref="3368720059"/>
    <nd ref="3368720064"/>
    <nd ref="3368720073"/>
    <nd ref="3368720084"/>
    <nd ref="3368720090"/>
    <nd ref="3368720400"/>
    <nd ref="3368720409"/>
    <nd ref="3368720413"/>
    <nd ref="3368720416"/>
    <nd ref="3368720408"/>
    <nd ref="3368720395"/>
    <nd ref="3368720081"/>
    <nd ref="3368720069"/>
    <nd ref="3368720068"/>
    <nd ref="3368720072"/>
    <nd ref="3368720074"/>
    <nd ref="3368720062"/>
    <nd ref="3368720049"/>
    <nd ref="3368720044"/>
    <nd ref="3368720040"/>
    <nd ref="3368720038"/>
    <nd ref="3368720043"/>
    <nd ref="3368720047"/>
    <nd ref="3368720052"/>
    <nd ref="3368720063"/>
    <nd ref="3368720067"/>
    <nd ref="3368720076"/>
    <nd ref="3368720092"/>
    <nd ref="3368720401"/>
    <nd ref="3368720426"/>
    <nd ref="3368720441"/>
    <nd ref="3368720452"/>
    <nd ref="3368720461"/>
    <nd ref="3368720476"/>
    <nd ref="3368720483"/>
    <nd ref="3368720793"/>
    <nd ref="3368720796"/>
    <nd ref="3368720492"/>
    <nd ref="3368720482"/>
    <nd ref="3368720477"/>
    <nd ref="3368720463"/>
    <nd ref="3368720451"/>
    <nd ref="3368720440"/>
    <nd ref="3368720419"/>
    <nd ref="3368720407"/>
    <nd ref="3368720394"/>
    <nd ref="3368720085"/>
    <nd ref="3368720077"/>
    <nd ref="3368720065"/>
    <nd ref="3368720048"/>
    <nd ref="3368720036"/>
    <nd ref="3368720027"/>
    <nd ref="3368720020"/>
    <nd ref="3368720014"/>
    <nd ref="3368720008"/>
    <nd ref="3368720003"/>
    <nd ref="3368719995"/>
    <nd ref="3368719692"/>
    <nd ref="3368719690"/>
    <nd ref="3368719685"/>
    <nd ref="3368719684"/>
    <nd ref="3368719683"/>
    <nd ref="3368719682"/>
    <nd ref="3368719681"/>
    <nd ref="3368719678"/>
    <nd ref="3368719674"/>
    <nd ref="3368719672"/>
    <nd ref="3368719670"/>
    <nd ref="3368719666"/>
    <nd ref="3368719655"/>
    <nd ref="3368719647"/>
    <nd ref="3368719646"/>
    <nd ref="3368719640"/>
    <nd ref="3368719642"/>
    <nd ref="3368719641"/>
    <nd ref="3368719639"/>
    <nd ref="3368719634"/>
    <nd ref="3368719632"/>
    <nd ref="3368719633"/>
    <nd ref="3368719637"/>
    <nd ref="10004558165"/>
    <nd ref="3368719643"/>
    <nd ref="3368719648"/>
    <nd ref="3368719654"/>
    <nd ref="3368719659"/>
    <nd ref="3368719664"/>
    <nd ref="3368719668"/>
    <nd ref="3368719673"/>
    <nd ref="3368719676"/>
    <nd ref="3368719679"/>
    <nd ref="3368719680"/>
    <nd ref="3368719677"/>
    <nd ref="3368719675"/>
    <nd ref="3368719671"/>
    <nd ref="3368719669"/>
    <nd ref="3368719667"/>
    <nd ref="3368719665"/>
    <nd ref="3368719662"/>
    <nd ref="3368719658"/>
    <nd ref="3368719651"/>
    <nd ref="3368719644"/>
    <nd ref="3368719635"/>
    <nd ref="3368719631"/>
    <nd ref="3368719627"/>
    <nd ref="3368719621"/>
    <nd ref="3368719619"/>
    <nd ref="3368719617"/>
    <nd ref="3368719615"/>
    <nd ref="3368719613"/>
    <nd ref="3368719612"/>
    <nd ref="3368719611"/>
    <nd ref="3368719610"/>
    <nd ref="3368719609"/>
    <nd ref="3368719607"/>
    <nd ref="4502191467"/>
    <nd ref="4502191468"/>
    <nd ref="4502191471"/>
    <nd ref="4502191469"/>
    <nd ref="4502191470"/>
    <nd ref="3368719605"/>
    <nd ref="3368719603"/>
    <nd ref="3368719602"/>
    <nd ref="3368719601"/>
    <nd ref="3368719600"/>
    <nd ref="3368719597"/>
    <nd ref="3368719594"/>
    <nd ref="3368719391"/>
    <nd ref="3368719389"/>
    <nd ref="3368719385"/>
    <nd ref="3368719382"/>
    <nd ref="3368719381"/>
    <nd ref="3368719384"/>
    <nd ref="3368719386"/>
    <nd ref="3368719383"/>
    <nd ref="3368719388"/>
    <nd ref="3368719390"/>
    <nd ref="3368719392"/>
    <nd ref="3368719595"/>
    <nd ref="3368719598"/>
    <nd ref="3368719604"/>
    <nd ref="3368719614"/>
    <nd ref="3368719620"/>
    <nd ref="3368719626"/>
    <nd ref="3368719628"/>
    <nd ref="3368719630"/>
    <nd ref="3368719629"/>
    <nd ref="3368719625"/>
    <nd ref="3368719624"/>
    <nd ref="3368719623"/>
    <nd ref="3368719638"/>
    <nd ref="3368719645"/>
    <nd ref="3368719649"/>
    <nd ref="3368719652"/>
    <nd ref="3368719653"/>
    <nd ref="3368719656"/>
    <nd ref="3368719660"/>
    <nd ref="3368719663"/>
    <nd ref="3368719661"/>
    <nd ref="3368719657"/>
    <nd ref="3368719650"/>
    <nd ref="3368719636"/>
    <nd ref="3368719622"/>
    <nd ref="3368719618"/>
    <nd ref="3368719616"/>
    <nd ref="3368719608"/>
    <nd ref="3368719606"/>
    <nd ref="3368719599"/>
    <nd ref="3368719596"/>
    <nd ref="3368719593"/>
    <nd ref="3368719387"/>
    <nd ref="3368719380"/>
    <nd ref="3368719379"/>
    <nd ref="3368719378"/>
    <nd ref="3368719377"/>
    <nd ref="3368719376"/>
    <nd ref="3368719375"/>
    <nd ref="3368719374"/>
    <nd ref="3368719373"/>
    <nd ref="3368719372"/>
    <nd ref="3368719371"/>
    <nd ref="3368719370"/>
    <nd ref="3368719369"/>
    <nd ref="3368719368"/>
    <nd ref="3368719367"/>
    <nd ref="3368719366"/>
    <nd ref="3368719365"/>
    <nd ref="3368719364"/>
    <nd ref="3368719363"/>
    <nd ref="3368719362"/>
    <nd ref="3368719361"/>
    <nd ref="3368719360"/>
    <nd ref="3368719359"/>
    <nd ref="3368719358"/>
    <nd ref="3368719357"/>
    <nd ref="3368719356"/>
    <nd ref="3368719355"/>
    <nd ref="3368719354"/>
    <nd ref="3368719353"/>
    <nd ref="3368719352"/>
    <nd ref="3368719351"/>
    <nd ref="3368719350"/>
    <nd ref="3368719349"/>
    <nd ref="3368719348"/>
    <nd ref="3368719347"/>
    <nd ref="3368719346"/>
    <nd ref="3368719345"/>
    <nd ref="3368719344"/>
    <nd ref="3368719343"/>
    <nd ref="3368719342"/>
    <nd ref="3368719341"/>
    <nd ref="3368719340"/>
    <nd ref="3368719339"/>
    <nd ref="3368719338"/>
    <nd ref="3368719337"/>
    <nd ref="3368719336"/>
    <nd ref="3368719335"/>
    <nd ref="3368719334"/>
    <nd ref="3368719333"/>
    <nd ref="3368719332"/>
    <nd ref="3368719322"/>
    <nd ref="3368719315"/>
    <nd ref="3368719312"/>
    <nd ref="3368719305"/>
    <nd ref="3368719298"/>
    <nd ref="3368719299"/>
    <nd ref="3368719300"/>
    <nd ref="3368719302"/>
    <nd ref="3368719303"/>
    <nd ref="3368719318"/>
    <nd ref="3368719319"/>
    <nd ref="3368719321"/>
    <nd ref="3368719323"/>
    <nd ref="3368719325"/>
    <nd ref="3368719326"/>
    <nd ref="3368719328"/>
    <nd ref="3368719329"/>
    <nd ref="3368719331"/>
    <nd ref="3368719330"/>
    <nd ref="3368719327"/>
    <nd ref="3368719324"/>
    <nd ref="3368719320"/>
    <nd ref="3368719317"/>
    <nd ref="3368719310"/>
    <nd ref="3368719307"/>
    <nd ref="3368719306"/>
    <nd ref="3368719309"/>
    <nd ref="3368719313"/>
    <nd ref="3368719314"/>
    <nd ref="3368719316"/>
    <nd ref="3368719311"/>
    <nd ref="3368719308"/>
    <nd ref="3368719304"/>
    <nd ref="3368719301"/>
    <nd ref="3368719297"/>
    <nd ref="3368719296"/>
    <nd ref="3368719295"/>
    <nd ref="3368719294"/>
    <nd ref="3368719293"/>
    <nd ref="3368718992"/>
    <nd ref="3368718991"/>
    <nd ref="3368718990"/>
    <nd ref="3368718988"/>
    <nd ref="3368718972"/>
    <nd ref="3368718969"/>
    <nd ref="3368718964"/>
    <nd ref="3368718962"/>
    <nd ref="3368718961"/>
    <nd ref="3368718963"/>
    <nd ref="3368718965"/>
    <nd ref="3368718967"/>
    <nd ref="3368718968"/>
    <nd ref="3368718970"/>
    <nd ref="3368718971"/>
    <nd ref="3368718974"/>
    <nd ref="3368718977"/>
    <nd ref="3368718979"/>
    <nd ref="3368718978"/>
    <nd ref="3368718980"/>
    <nd ref="3368718985"/>
    <nd ref="3368718986"/>
    <nd ref="3368718987"/>
    <nd ref="3368718989"/>
    <nd ref="3368718984"/>
    <nd ref="3368718983"/>
    <nd ref="3368718982"/>
    <nd ref="3368718981"/>
    <nd ref="3368718976"/>
    <nd ref="3368718975"/>
    <nd ref="3368718973"/>
    <nd ref="3368718966"/>
    <nd ref="3368718960"/>
    <nd ref="3368718957"/>
    <nd ref="3368718954"/>
    <nd ref="3368718953"/>
    <nd ref="3368718952"/>
    <nd ref="3368718959"/>
    <nd ref="3368718958"/>
    <nd ref="3368718956"/>
    <nd ref="3368718955"/>
    <nd ref="3368718951"/>
    <nd ref="3368718950"/>
    <nd ref="3368718949"/>
    <nd ref="3368718948"/>
    <nd ref="3368718947"/>
    <nd ref="3368718946"/>
    <nd ref="3368718945"/>
    <nd ref="3368718944"/>
    <nd ref="3368718943"/>
    <nd ref="3368718942"/>
    <nd ref="3368718941"/>
    <nd ref="3368718940"/>
    <nd ref="3368718939"/>
    <nd ref="3368718938"/>
    <nd ref="3368718937"/>
    <nd ref="3368718936"/>
    <nd ref="3368718935"/>
    <nd ref="3368718934"/>
    <nd ref="3368718933"/>
    <nd ref="3368718932"/>
    <nd ref="3368718931"/>
    <nd ref="3368718930"/>
    <nd ref="3368718929"/>
    <nd ref="3368718928"/>
    <nd ref="3368718927"/>
    <nd ref="3368718926"/>
    <nd ref="3368718925"/>
    <nd ref="11277153007"/>
    <nd ref="3368718921"/>
    <nd ref="3368718920"/>
    <nd ref="3368718923"/>
    <nd ref="3368718924"/>
    <nd ref="3368718922"/>
    <nd ref="3368718919"/>
    <nd ref="3368718918"/>
    <nd ref="3368718917"/>
    <nd ref="3368718916"/>
    <nd ref="3368718915"/>
    <nd ref="3368718914"/>
    <nd ref="3368718913"/>
    <nd ref="3368718912"/>
    <nd ref="3368718911"/>
    <nd ref="3368718910"/>
    <nd ref="3368718909"/>
    <nd ref="3368718908"/>
    <nd ref="3368718907"/>
    <nd ref="3368718906"/>
    <nd ref="3220074772"/>
    <nd ref="3368718901"/>
    <nd ref="3368718900"/>
    <nd ref="3368718899"/>
    <nd ref="3368718903"/>
    <nd ref="3368718905"/>
    <nd ref="3368718904"/>
    <nd ref="3368718902"/>
    <nd ref="3368718898"/>
    <nd ref="3368718897"/>
    <nd ref="3368718896"/>
    <nd ref="3368718895"/>
    <nd ref="3368718894"/>
    <nd ref="3368718893"/>
    <nd ref="3368718792"/>
    <nd ref="3368718791"/>
    <nd ref="3368718790"/>
    <nd ref="3368718789"/>
    <nd ref="3368718788"/>
    <nd ref="3368718787"/>
    <nd ref="3368718786"/>
    <nd ref="3368718785"/>
    <nd ref="3368718783"/>
    <nd ref="3368718777"/>
    <nd ref="3368718778"/>
    <nd ref="3368718779"/>
    <nd ref="3368718780"/>
    <nd ref="3368718782"/>
    <nd ref="3368718784"/>
    <nd ref="3368718781"/>
    <nd ref="3368718776"/>
    <nd ref="3368718775"/>
    <nd ref="3368718774"/>
    <nd ref="3368718773"/>
    <nd ref="3368718772"/>
    <nd ref="3368718767"/>
    <nd ref="3368718766"/>
    <nd ref="3368718769"/>
    <nd ref="3368718770"/>
    <nd ref="3368718771"/>
    <nd ref="3368718768"/>
    <nd ref="3368718763"/>
    <nd ref="3368718761"/>
    <nd ref="3368718762"/>
    <nd ref="3368718765"/>
    <nd ref="3368718764"/>
    <nd ref="3368718760"/>
    <nd ref="3368718759"/>
    <nd ref="3368718758"/>
    <nd ref="3368718757"/>
    <nd ref="3368718755"/>
    <nd ref="3368718756"/>
    <nd ref="3368718754"/>
    <nd ref="3368718753"/>
    <nd ref="3368718752"/>
    <nd ref="3368718751"/>
    <nd ref="3368718750"/>
    <nd ref="3368718749"/>
    <nd ref="3368718748"/>
    <nd ref="3368718747"/>
    <nd ref="3368718746"/>
    <nd ref="3368718745"/>
    <nd ref="3368718744"/>
    <nd ref="3368718743"/>
    <nd ref="3368718742"/>
    <nd ref="3368718741"/>
    <nd ref="3368718740"/>
    <nd ref="3368718739"/>
    <nd ref="3368718738"/>
    <nd ref="3368718737"/>
    <nd ref="3368718736"/>
    <nd ref="3368718735"/>
    <nd ref="3368718734"/>
    <nd ref="3368718733"/>
    <nd ref="3368718732"/>
    <nd ref="3368718731"/>
    <nd ref="3368718730"/>
    <nd ref="3368718729"/>
    <nd ref="3368718725"/>
    <nd ref="3368718721"/>
    <nd ref="3368718719"/>
    <nd ref="3368718717"/>
    <nd ref="3368718714"/>
    <nd ref="3368718715"/>
    <nd ref="3368718718"/>
    <nd ref="3368718720"/>
    <nd ref="3368718724"/>
    <nd ref="3368718727"/>
    <nd ref="3368718728"/>
    <nd ref="3368718726"/>
    <nd ref="3368718723"/>
    <nd ref="3368718722"/>
    <nd ref="3368718716"/>
    <nd ref="3368718713"/>
    <nd ref="3368718712"/>
    <nd ref="3368718710"/>
    <nd ref="3368718705"/>
    <nd ref="3368718703"/>
    <nd ref="3368718702"/>
    <nd ref="3368718695"/>
    <nd ref="3368718693"/>
    <nd ref="3368718489"/>
    <nd ref="3368718486"/>
    <nd ref="3368718481"/>
    <nd ref="3368718477"/>
    <nd ref="3368718467"/>
    <nd ref="3368718460"/>
    <nd ref="3368718458"/>
    <nd ref="3368718453"/>
    <nd ref="3368718451"/>
    <nd ref="3368718452"/>
    <nd ref="3368718454"/>
    <nd ref="3368718462"/>
    <nd ref="3368718469"/>
    <nd ref="3368718473"/>
    <nd ref="3368718471"/>
    <nd ref="3368718470"/>
    <nd ref="3368718461"/>
    <nd ref="3368718463"/>
    <nd ref="3368718465"/>
    <nd ref="3368718468"/>
    <nd ref="3368718476"/>
    <nd ref="3368718479"/>
    <nd ref="3368718483"/>
    <nd ref="3368718485"/>
    <nd ref="3368718490"/>
    <nd ref="3368718699"/>
    <nd ref="3368718706"/>
    <nd ref="3368718708"/>
    <nd ref="3368718709"/>
    <nd ref="3368718711"/>
    <nd ref="3368718707"/>
    <nd ref="3368718704"/>
    <nd ref="3368718701"/>
    <nd ref="3368718488"/>
    <nd ref="3368718482"/>
    <nd ref="3368718478"/>
    <nd ref="3368718472"/>
    <nd ref="3368718456"/>
    <nd ref="3368718445"/>
    <nd ref="3368718442"/>
    <nd ref="3368718434"/>
    <nd ref="3368718429"/>
    <nd ref="3368718418"/>
    <nd ref="3368718408"/>
    <nd ref="3368718406"/>
    <nd ref="3368718397"/>
    <nd ref="3368718092"/>
    <nd ref="3368718086"/>
    <nd ref="3368718083"/>
    <nd ref="3368718080"/>
    <nd ref="3368718067"/>
    <nd ref="3368718052"/>
    <nd ref="3368718050"/>
    <nd ref="3368718049"/>
    <nd ref="3368718054"/>
    <nd ref="3368718058"/>
    <nd ref="3368718062"/>
    <nd ref="3368718064"/>
    <nd ref="3368718068"/>
    <nd ref="3368718066"/>
    <nd ref="3368718061"/>
    <nd ref="3368718060"/>
    <nd ref="3368718056"/>
    <nd ref="3368718059"/>
    <nd ref="3368718065"/>
    <nd ref="3368718069"/>
    <nd ref="3368718072"/>
    <nd ref="3368718074"/>
    <nd ref="3368718076"/>
    <nd ref="3368718077"/>
    <nd ref="3368718071"/>
    <nd ref="3368718057"/>
    <nd ref="3368718047"/>
    <nd ref="3368718042"/>
    <nd ref="3368718040"/>
    <nd ref="3368718036"/>
    <nd ref="3368718034"/>
    <nd ref="3368718033"/>
    <nd ref="3368718031"/>
    <nd ref="3368718030"/>
    <nd ref="3368718028"/>
    <nd ref="3368718027"/>
    <nd ref="3368718024"/>
    <nd ref="3368718025"/>
    <nd ref="3368718026"/>
    <nd ref="3368718032"/>
    <nd ref="3368718035"/>
    <nd ref="3368718039"/>
    <nd ref="3368718041"/>
    <nd ref="3368718045"/>
    <nd ref="3368718051"/>
    <nd ref="3368718070"/>
    <nd ref="3368718078"/>
    <nd ref="3368718082"/>
    <nd ref="3368718084"/>
    <nd ref="3368718088"/>
    <nd ref="3368718091"/>
    <nd ref="3368718393"/>
    <nd ref="3368718395"/>
    <nd ref="3368718398"/>
    <nd ref="3368718403"/>
    <nd ref="3368718407"/>
    <nd ref="3368718415"/>
    <nd ref="3368718420"/>
    <nd ref="3368718428"/>
    <nd ref="3368718433"/>
    <nd ref="3368718435"/>
    <nd ref="3368718440"/>
    <nd ref="3368718443"/>
    <nd ref="3368718447"/>
    <nd ref="3368718449"/>
    <nd ref="3368718457"/>
    <nd ref="3368718464"/>
    <nd ref="3368718474"/>
    <nd ref="3368718484"/>
    <nd ref="3368718492"/>
    <nd ref="3368718694"/>
    <nd ref="3368718697"/>
    <nd ref="3368718700"/>
    <nd ref="3368718698"/>
    <nd ref="3368718696"/>
    <nd ref="3368718491"/>
    <nd ref="3368718487"/>
    <nd ref="3368718480"/>
    <nd ref="3368718475"/>
    <nd ref="3368718466"/>
    <nd ref="3368718459"/>
    <nd ref="3368718455"/>
    <nd ref="3368718450"/>
    <nd ref="3368718448"/>
    <nd ref="3368718446"/>
    <nd ref="3368718444"/>
    <nd ref="3368718441"/>
    <nd ref="3368718437"/>
    <nd ref="3368718438"/>
    <nd ref="3368718439"/>
    <nd ref="3368718436"/>
    <nd ref="3368718432"/>
    <nd ref="3368718427"/>
    <nd ref="3368718419"/>
    <nd ref="3368718417"/>
    <nd ref="3368718410"/>
    <nd ref="3368718402"/>
    <nd ref="3368718089"/>
    <nd ref="3368718085"/>
    <nd ref="3368718079"/>
    <nd ref="3368718075"/>
    <nd ref="3368718063"/>
    <nd ref="3368718055"/>
    <nd ref="3368718048"/>
    <nd ref="3368718044"/>
    <nd ref="3368718043"/>
    <nd ref="3368718038"/>
    <nd ref="3368718022"/>
    <nd ref="3368718016"/>
    <nd ref="3368718014"/>
    <nd ref="3368718012"/>
    <nd ref="3368718009"/>
    <nd ref="3368718006"/>
    <nd ref="3368718004"/>
    <nd ref="3368718001"/>
    <nd ref="3368717997"/>
    <nd ref="3368717994"/>
    <nd ref="3368717995"/>
    <nd ref="3368717996"/>
    <nd ref="3368717998"/>
    <nd ref="3368717999"/>
    <nd ref="3368718000"/>
    <nd ref="3368718002"/>
    <nd ref="3368718003"/>
    <nd ref="3368718005"/>
    <nd ref="3368718007"/>
    <nd ref="3368718008"/>
    <nd ref="3368718010"/>
    <nd ref="3368718011"/>
    <nd ref="3368718013"/>
    <nd ref="3368718015"/>
    <nd ref="3368718017"/>
    <nd ref="3368718018"/>
    <nd ref="3368718019"/>
    <nd ref="3368718020"/>
    <nd ref="3368718021"/>
    <nd ref="3368718023"/>
    <nd ref="3368718029"/>
    <nd ref="3368718037"/>
    <nd ref="3368718046"/>
    <nd ref="3368718053"/>
    <nd ref="3368718073"/>
    <nd ref="3368718081"/>
    <nd ref="3368718087"/>
    <nd ref="3368718090"/>
    <nd ref="3368718394"/>
    <nd ref="3368718396"/>
    <nd ref="3368718399"/>
    <nd ref="3368718400"/>
    <nd ref="3368718405"/>
    <nd ref="3368718401"/>
    <nd ref="3368718404"/>
    <nd ref="3368718409"/>
    <nd ref="3368718411"/>
    <nd ref="3368718414"/>
    <nd ref="3368718413"/>
    <nd ref="3368718412"/>
    <nd ref="3368718416"/>
    <nd ref="3368718421"/>
    <nd ref="3368718425"/>
    <nd ref="3368718426"/>
    <nd ref="3368718424"/>
    <nd ref="3368718423"/>
    <nd ref="8634786128"/>
    <nd ref="8634786127"/>
    <nd ref="3368718422"/>
    <nd ref="3368718430"/>
    <nd ref="3368718431"/>
    <nd ref="2480890328"/>
    <nd ref="2480890324"/>
    <tag k="name" v="Malin"/>
    <tag k="waterway" v="river"/>
  </way>
  <way id="532465982" version="5" timestamp="2023-11-22T06:26:22Z" changeset="144312174" uid="19795114" user="kunalchhapre">
    <nd ref="5166880637"/>
    <nd ref="5166880638"/>
    <nd ref="5166886640"/>
    <nd ref="5166886639"/>
    <nd ref="5166886637"/>
    <nd ref="5166886634"/>
    <nd ref="5166886633"/>
    <nd ref="5166886628"/>
    <nd ref="11367977923"/>
    <nd ref="5166886621"/>
    <nd ref="5166885220"/>
    <nd ref="11367977930"/>
    <nd ref="5910336578"/>
    <nd ref="11367980762"/>
    <nd ref="5910336577"/>
    <nd ref="11367989975"/>
    <nd ref="5910336576"/>
    <nd ref="5910336575"/>
    <nd ref="8321777796"/>
    <nd ref="5910336574"/>
    <nd ref="5910336573"/>
    <nd ref="11367989983"/>
    <nd ref="5910336572"/>
    <nd ref="5910336571"/>
    <nd ref="11367990011"/>
    <nd ref="5910336570"/>
    <tag k="highway" v="tertiary"/>
  </way>
  <way id="599336269" version="2" timestamp="2023-10-10T11:58:10Z" changeset="142390043" uid="19620700" user="jyotikatke">
    <nd ref="5702231386"/>
    <nd ref="5702231374"/>
    <nd ref="5702231372"/>
    <nd ref="5702231373"/>
    <tag k="highway" v="residential"/>
  </way>
  <way id="599336271" version="2" timestamp="2023-10-10T11:58:10Z" changeset="142390043" uid="19620700" user="jyotikatke">
    <nd ref="5702231379"/>
    <nd ref="5702231375"/>
    <nd ref="1336893566"/>
    <tag k="highway" v="residential"/>
  </way>
  <way id="599336272" version="2" timestamp="2023-10-10T11:58:10Z" changeset="142390043" uid="19620700" user="jyotikatke">
    <nd ref="1336893578"/>
    <nd ref="5702231388"/>
    <nd ref="5702231387"/>
    <nd ref="5702231386"/>
    <nd ref="5702231385"/>
    <nd ref="5702231384"/>
    <nd ref="5702231383"/>
    <nd ref="11252724301"/>
    <nd ref="5702231382"/>
    <nd ref="5702231381"/>
    <nd ref="5702231380"/>
    <nd ref="5702231379"/>
    <nd ref="11252724302"/>
    <nd ref="5702231378"/>
    <nd ref="11252724298"/>
    <nd ref="5702231377"/>
    <nd ref="11252724293"/>
    <nd ref="5702231376"/>
    <tag k="highway" v="residential"/>
  </way>
  <way id="599339598" version="5" timestamp="2023-11-22T06:34:38Z" changeset="144312372" uid="19795114" user="kunalchhapre">
    <nd ref="5702248946"/>
    <nd ref="11367951180"/>
    <nd ref="5702248945"/>
    <nd ref="11367951182"/>
    <nd ref="5702256374"/>
    <nd ref="5702248944"/>
    <nd ref="11367995935"/>
    <nd ref="5702256367"/>
    <nd ref="5702248943"/>
    <nd ref="11367995932"/>
    <nd ref="11367995929"/>
    <nd ref="5702248942"/>
    <nd ref="8321777782"/>
    <nd ref="11367995924"/>
    <nd ref="11367995921"/>
    <nd ref="5702248941"/>
    <nd ref="11367995917"/>
    <nd ref="5702248940"/>
    <nd ref="11367995914"/>
    <nd ref="1336893627"/>
    <tag k="highway" v="residential"/>
  </way>
  <way id="599340703" version="3" timestamp="2023-11-22T06:34:38Z" changeset="144312372" uid="19795114" user="kunalchhapre">
    <nd ref="5702256370"/>
    <nd ref="11367951181"/>
    <nd ref="5702256372"/>
    <nd ref="5702256369"/>
    <nd ref="5702256368"/>
    <nd ref="5702256367"/>
    <tag k="highway" v="residential"/>
  </way>
  <way id="599340704" version="2" timestamp="2023-11-22T06:31:25Z" changeset="144312288" uid="19795114" user="kunalchhapre">
    <nd ref="5702256374"/>
    <nd ref="5702256373"/>
    <nd ref="5702256372"/>
    <nd ref="5702256371"/>
    <nd ref="11367995936"/>
    <tag k="highway" v="residential"/>
  </way>
  <way id="599349061" version="3" timestamp="2023-11-22T06:39:51Z" changeset="144312493" uid="19795114" user="kunalchhapre">
    <nd ref="5702301198"/>
    <nd ref="5702301199"/>
    <nd ref="5702301200"/>
    <nd ref="5702301201"/>
    <nd ref="5702301202"/>
    <nd ref="11367968932"/>
    <nd ref="5702300296"/>
    <nd ref="5702300291"/>
    <nd ref="5702300290"/>
    <nd ref="5702300289"/>
    <nd ref="5702300288"/>
    <nd ref="5702300287"/>
    <nd ref="5702300286"/>
    <nd ref="5702300285"/>
    <nd ref="5702300284"/>
    <nd ref="5702300283"/>
    <nd ref="5702300282"/>
    <nd ref="5702300281"/>
    <nd ref="5702300280"/>
    <tag k="highway" v="unclassified"/>
  </way>
  <way id="599349064" version="2" timestamp="2023-11-22T06:39:51Z" changeset="144312493" uid="19795114" user="kunalchhapre">
    <nd ref="5702300306"/>
    <nd ref="5702300305"/>
    <nd ref="5702300304"/>
    <nd ref="5702300303"/>
    <nd ref="5702300280"/>
    <nd ref="5702300302"/>
    <nd ref="5702300301"/>
    <nd ref="11367968963"/>
    <nd ref="5702300300"/>
    <nd ref="5702300299"/>
    <nd ref="5702300298"/>
    <nd ref="5702300297"/>
    <nd ref="5702300296"/>
    <nd ref="11367968954"/>
    <nd ref="5702300295"/>
    <nd ref="5702300294"/>
    <nd ref="5702300293"/>
    <nd ref="5702300292"/>
    <tag k="highway" v="unclassified"/>
  </way>
  <way id="599349454" version="2" timestamp="2022-09-01T09:10:16Z" changeset="125645574" uid="12250792" user="mglsj">
    <nd ref="5702300286"/>
    <nd ref="5702301056"/>
    <nd ref="5702301055"/>
    <nd ref="5702301054"/>
    <nd ref="5702301053"/>
    <nd ref="5702301052"/>
    <nd ref="5702301051"/>
    <nd ref="9992375584"/>
    <tag k="highway" v="unclassified"/>
  </way>
  <way id="599349648" version="1" timestamp="2018-06-19T12:15:42Z" changeset="59976816" uid="8092228" user="Halloween123">
    <nd ref="5702301202"/>
    <nd ref="5702301197"/>
    <nd ref="5702301196"/>
    <nd ref="5702301195"/>
    <nd ref="5702301194"/>
    <tag k="highway" v="unclassified"/>
  </way>
  <way id="599350192" version="2" timestamp="2018-06-19T12:21:36Z" changeset="59977047" uid="8092228" user="Halloween123">
    <nd ref="5702300299"/>
    <nd ref="5702302154"/>
    <nd ref="5702302153"/>
    <nd ref="5702302152"/>
    <nd ref="5702323069"/>
    <nd ref="5702302151"/>
    <nd ref="5702302150"/>
    <nd ref="5702302149"/>
    <nd ref="1336893600"/>
    <tag k="highway" v="unclassified"/>
  </way>
  <way id="599354176" version="2" timestamp="2023-11-22T06:39:51Z" changeset="144312493" uid="19795114" user="kunalchhapre">
    <nd ref="5702323069"/>
    <nd ref="5702323068"/>
    <nd ref="11367968959"/>
    <nd ref="5702323067"/>
    <nd ref="1336893601"/>
    <tag k="highway" v="unclassified"/>
  </way>
  <way id="626024512" version="1" timestamp="2018-09-16T19:56:53Z" changeset="62645177" uid="7590183" user="lskdjf">
    <nd ref="5910336477"/>
    <nd ref="5910336403"/>
    <nd ref="5910336402"/>
    <nd ref="5910336401"/>
    <nd ref="5910336400"/>
    <nd ref="5910336399"/>
    <nd ref="5910336398"/>
    <nd ref="5910336397"/>
    <nd ref="5910336396"/>
    <nd ref="5910336395"/>
    <nd ref="5910336394"/>
    <tag k="highway" v="unclassified"/>
    <tag k="surface" v="unpaved"/>
  </way>
  <way id="626024542" version="2" timestamp="2021-01-14T16:56:59Z" changeset="97507299" uid="1306" user="PlaneMad">
    <nd ref="5910336507"/>
    <nd ref="5910336506"/>
    <nd ref="5910336505"/>
    <nd ref="5910336504"/>
    <nd ref="5910336503"/>
    <nd ref="5910336502"/>
    <nd ref="5910336501"/>
    <nd ref="5910336500"/>
    <nd ref="8321764860"/>
    <nd ref="5910336499"/>
    <nd ref="8321764859"/>
    <nd ref="5910336515"/>
    <nd ref="5910336514"/>
    <nd ref="5910336513"/>
    <nd ref="5910336512"/>
    <nd ref="5910336511"/>
    <nd ref="5910336510"/>
    <nd ref="5910336509"/>
    <nd ref="5910336508"/>
    <tag k="highway" v="unclassified"/>
  </way>
  <way id="638835997" version="1" timestamp="2018-10-28T20:18:54Z" changeset="63959365" uid="91490" user="Heinz_V">
    <nd ref="6020395741"/>
    <nd ref="1336893666"/>
    <nd ref="1210731832"/>
    <tag k="highway" v="trunk"/>
    <tag k="lanes" v="2"/>
    <tag k="ref" v="NH34"/>
    <tag k="ref:old" v="NH74"/>
    <tag k="surface" v="paved"/>
  </way>
  <way id="895269393" version="3" timestamp="2023-10-10T12:06:41Z" changeset="142390323" uid="19620700" user="jyotikatke">
    <nd ref="8321764895"/>
    <nd ref="8321764871"/>
    <nd ref="8321764870"/>
    <nd ref="8321764869"/>
    <nd ref="8321764868"/>
    <nd ref="11252691535"/>
    <nd ref="8321764867"/>
    <nd ref="8321764866"/>
    <nd ref="8321764865"/>
    <nd ref="8321764864"/>
    <nd ref="8321764863"/>
    <nd ref="8321764862"/>
    <nd ref="8321764861"/>
    <tag k="highway" v="residential"/>
  </way>
  <way id="895269396" version="1" timestamp="2021-01-14T16:56:55Z" changeset="97507299" uid="1306" user="PlaneMad">
    <nd ref="8321764873"/>
    <nd ref="1210119925"/>
    <nd ref="8321778023"/>
    <tag k="embankment" v="yes"/>
    <tag k="highway" v="trunk"/>
    <tag k="lanes" v="2"/>
    <tag k="maxspeed" v="50"/>
    <tag k="ref" v="NH534"/>
    <tag k="ref:old" v="NH119"/>
  </way>
  <way id="895269397" version="2" timestamp="2022-09-01T09:10:16Z" changeset="125645574" uid="12250792" user="mglsj">
    <nd ref="1210119427"/>
    <nd ref="8321778019"/>
    <nd ref="1210121783"/>
    <tag k="highway" v="trunk"/>
    <tag k="lanes" v="2"/>
    <tag k="maxspeed" v="50"/>
    <tag k="ref" v="NH534"/>
    <tag k="ref:old" v="NH119"/>
  </way>
  <way id="895269398" version="2" timestamp="2022-09-01T09:10:16Z" changeset="125645574" uid="12250792" user="mglsj">
    <nd ref="8321778023"/>
    <nd ref="8321778024"/>
    <nd ref="1210125490"/>
    <nd ref="1210120153"/>
    <nd ref="1210122736"/>
    <nd ref="1210125045"/>
    <nd ref="8321778025"/>
    <nd ref="8321764875"/>
    <nd ref="1210121754"/>
    <nd ref="8321778021"/>
    <nd ref="5702301050"/>
    <nd ref="9992375583"/>
    <nd ref="1210119427"/>
    <tag k="bridge" v="yes"/>
    <tag k="highway" v="trunk"/>
    <tag k="lanes" v="2"/>
    <tag k="layer" v="1"/>
    <tag k="maxspeed" v="50"/>
    <tag k="ref" v="NH534"/>
    <tag k="ref:old" v="NH119"/>
  </way>
  <way id="895269400" version="2" timestamp="2022-09-01T09:45:23Z" changeset="125647203" uid="12250792" user="mglsj">
    <nd ref="8321778019"/>
    <nd ref="8321764892"/>
    <nd ref="8321764891"/>
    <nd ref="8321764890"/>
    <nd ref="8321764889"/>
    <nd ref="8321764884"/>
    <nd ref="8321764888"/>
    <nd ref="8321764887"/>
    <nd ref="9992423600"/>
    <nd ref="8321764886"/>
    <nd ref="8321764885"/>
    <tag k="highway" v="tertiary"/>
    <tag k="oneway" v="yes"/>
  </way>
  <way id="895269401" version="1" timestamp="2021-01-14T16:56:55Z" changeset="97507299" uid="1306" user="PlaneMad">
    <nd ref="1210127320"/>
    <nd ref="8321764916"/>
    <nd ref="8321764893"/>
    <tag k="bridge" v="yes"/>
    <tag k="highway" v="trunk"/>
    <tag k="lanes" v="2"/>
    <tag k="layer" v="1"/>
    <tag k="maxspeed" v="50"/>
    <tag k="ref" v="NH534;NH734"/>
    <tag k="ref:old" v="NH119;74"/>
  </way>
  <way id="895269402" version="4" timestamp="2022-09-23T18:51:40Z" changeset="126560208" uid="91490" user="Heinz_V">
    <nd ref="1210121783"/>
    <nd ref="9992423601"/>
    <nd ref="8321778017"/>
    <nd ref="8321764894"/>
    <nd ref="1210124755"/>
    <nd ref="9992375575"/>
    <nd ref="9992375570"/>
    <tag k="bridge" v="yes"/>
    <tag k="highway" v="trunk"/>
    <tag k="lanes" v="2"/>
    <tag k="layer" v="1"/>
    <tag k="maxspeed" v="50"/>
    <tag k="ref" v="NH534"/>
    <tag k="ref:old" v="NH119"/>
  </way>
  <way id="895269403" version="3" timestamp="2023-04-16T09:07:42Z" changeset="134966187" uid="12250792" user="mglsj">
    <nd ref="9992375556"/>
    <nd ref="10815928517"/>
    <nd ref="1210119235"/>
    <nd ref="9992375555"/>
    <nd ref="8321764914"/>
    <nd ref="9992375558"/>
    <nd ref="8321764897"/>
    <tag k="bridge" v="yes"/>
    <tag k="highway" v="trunk"/>
    <tag k="lanes" v="2"/>
    <tag k="layer" v="1"/>
    <tag k="oneway" v="yes"/>
    <tag k="ref" v="NH734"/>
    <tag k="ref:old" v="NH74"/>
    <tag k="surface" v="paved"/>
  </way>
  <way id="895269404" version="3" timestamp="2023-04-16T09:07:42Z" changeset="134966187" uid="12250792" user="mglsj">
    <nd ref="10815928517"/>
    <nd ref="9992375557"/>
    <nd ref="9992375573"/>
    <nd ref="8321764896"/>
    <tag k="bridge" v="yes"/>
    <tag k="highway" v="secondary"/>
    <tag k="layer" v="1"/>
  </way>
  <way id="895269405" version="2" timestamp="2022-09-01T09:10:16Z" changeset="125645574" uid="12250792" user="mglsj">
    <nd ref="8321764897"/>
    <nd ref="1210119455"/>
    <nd ref="9992375561"/>
    <nd ref="9992375560"/>
    <nd ref="9992375559"/>
    <nd ref="1210127320"/>
    <tag k="bridge" v="yes"/>
    <tag k="highway" v="trunk"/>
    <tag k="lanes" v="2"/>
    <tag k="layer" v="1"/>
    <tag k="oneway" v="yes"/>
    <tag k="ref" v="NH734"/>
    <tag k="ref:old" v="NH74"/>
    <tag k="surface" v="paved"/>
  </way>
  <way id="895269419" version="1" timestamp="2021-01-14T16:56:55Z" changeset="97507299" uid="1306" user="PlaneMad">
    <nd ref="8321778030"/>
    <nd ref="8321778029"/>
    <nd ref="8321778028"/>
    <nd ref="8321778027"/>
    <nd ref="8321778026"/>
    <tag k="highway" v="unclassified"/>
  </way>
  <way id="895269421" version="1" timestamp="2021-01-14T16:56:55Z" changeset="97507299" uid="1306" user="PlaneMad">
    <nd ref="5910336530"/>
    <nd ref="5910336529"/>
    <nd ref="5910336394"/>
    <nd ref="5910336528"/>
    <tag k="highway" v="unclassified"/>
  </way>
  <way id="895269422" version="1" timestamp="2021-01-14T16:56:55Z" changeset="97507299" uid="1306" user="PlaneMad">
    <nd ref="8321778040"/>
    <nd ref="1336893687"/>
    <tag k="bridge" v="yes"/>
    <tag k="highway" v="tertiary"/>
    <tag k="layer" v="1"/>
  </way>
  <way id="895269423" version="2" timestamp="2023-11-22T06:34:38Z" changeset="144312372" uid="19795114" user="kunalchhapre">
    <nd ref="1336893656"/>
    <nd ref="1336893655"/>
    <nd ref="1336893653"/>
    <nd ref="1336893651"/>
    <nd ref="1336893646"/>
    <nd ref="1336893645"/>
    <tag k="highway" v="residential"/>
  </way>
  <way id="895269424" version="2" timestamp="2023-11-22T06:34:38Z" changeset="144312372" uid="19795114" user="kunalchhapre">
    <nd ref="1336893656"/>
    <nd ref="8321777790"/>
    <nd ref="8321777789"/>
    <nd ref="8321777788"/>
    <nd ref="8321777787"/>
    <nd ref="8321777786"/>
    <nd ref="8321777785"/>
    <nd ref="8321777784"/>
    <nd ref="8321777782"/>
    <tag k="highway" v="residential"/>
  </way>
  <way id="895269425" version="3" timestamp="2023-11-22T06:34:38Z" changeset="144312372" uid="19795114" user="kunalchhapre">
    <nd ref="1336893669"/>
    <nd ref="11367989989"/>
    <nd ref="1336893661"/>
    <nd ref="11367990005"/>
    <nd ref="11367990013"/>
    <nd ref="1336893660"/>
    <nd ref="1336893659"/>
    <nd ref="1336893656"/>
    <tag k="highway" v="residential"/>
  </way>
  <way id="895269426" version="2" timestamp="2023-11-22T06:34:38Z" changeset="144312372" uid="19795114" user="kunalchhapre">
    <nd ref="8321777796"/>
    <nd ref="8321777795"/>
    <nd ref="8321777794"/>
    <nd ref="8321777793"/>
    <nd ref="8321777792"/>
    <nd ref="8321777791"/>
    <nd ref="1336893659"/>
    <tag k="highway" v="residential"/>
  </way>
  <way id="1090943854" version="2" timestamp="2023-04-16T09:07:42Z" changeset="134966187" uid="12250792" user="mglsj">
    <nd ref="9992375570"/>
    <nd ref="9992375569"/>
    <nd ref="9992375568"/>
    <nd ref="9992375567"/>
    <nd ref="9992375566"/>
    <nd ref="9992375565"/>
    <nd ref="9992375564"/>
    <nd ref="9992375563"/>
    <nd ref="9992375557"/>
    <nd ref="10815928516"/>
    <nd ref="9992375562"/>
    <tag k="bridge" v="yes"/>
    <tag k="highway" v="trunk"/>
    <tag k="layer" v="1"/>
    <tag k="oneway" v="yes"/>
  </way>
  <way id="1090943857" version="1" timestamp="2022-09-01T09:10:16Z" changeset="125645574" uid="12250792" user="mglsj">
    <nd ref="9992375575"/>
    <nd ref="9992375576"/>
    <nd ref="9992375577"/>
    <nd ref="9992375567"/>
    <tag k="bridge" v="yes"/>
    <tag k="highway" v="trunk_link"/>
    <tag k="layer" v="1"/>
    <tag k="oneway" v="yes"/>
  </way>
  <way id="1090943858" version="1" timestamp="2022-09-01T09:10:16Z" changeset="125645574" uid="12250792" user="mglsj">
    <nd ref="9992375578"/>
    <nd ref="9992375579"/>
    <nd ref="9992375580"/>
    <nd ref="9992375581"/>
    <nd ref="9992375582"/>
    <tag k="highway" v="trunk_link"/>
    <tag k="oneway" v="yes"/>
  </way>
  <way id="1090943859" version="2" timestamp="2022-09-01T09:45:23Z" changeset="125647203" uid="12250792" user="mglsj">
    <nd ref="1336893569"/>
    <nd ref="8321764876"/>
    <nd ref="8321764877"/>
    <nd ref="8321764878"/>
    <nd ref="8321764879"/>
    <nd ref="8321764880"/>
    <nd ref="8321764881"/>
    <nd ref="8321764882"/>
    <nd ref="8321778019"/>
    <tag k="highway" v="tertiary"/>
    <tag k="oneway" v="yes"/>
  </way>
  <way id="1090943860" version="2" timestamp="2023-11-22T06:44:06Z" changeset="144312606" uid="19795114" user="kunalchhapre">
    <nd ref="1210123708"/>
    <nd ref="1336893564"/>
    <nd ref="11368005966"/>
    <nd ref="9992375589"/>
    <nd ref="1336893557"/>
    <nd ref="9992375588"/>
    <nd ref="11368005950"/>
    <nd ref="9992375587"/>
    <tag k="highway" v="secondary"/>
  </way>
  <way id="1090951720" version="1" timestamp="2022-09-01T09:45:23Z" changeset="125647203" uid="12250792" user="mglsj">
    <nd ref="8321764858"/>
    <nd ref="9992423585"/>
    <nd ref="9992423586"/>
    <tag k="highway" v="trunk"/>
  </way>
  <way id="1090951721" version="1" timestamp="2022-09-01T09:45:23Z" changeset="125647203" uid="12250792" user="mglsj">
    <nd ref="8321778019"/>
    <nd ref="9992423587"/>
    <nd ref="9992423588"/>
    <nd ref="9992375584"/>
    <nd ref="9992423589"/>
    <nd ref="9992423590"/>
    <nd ref="9992423602"/>
    <nd ref="9992423591"/>
    <nd ref="8321764876"/>
    <tag k="highway" v="tertiary"/>
    <tag k="oneway" v="yes"/>
  </way>
  <way id="1090951722" version="1" timestamp="2022-09-01T09:45:23Z" changeset="125647203" uid="12250792" user="mglsj">
    <nd ref="8321764885"/>
    <nd ref="9992423599"/>
    <nd ref="9992423598"/>
    <nd ref="9992423597"/>
    <nd ref="9992423596"/>
    <nd ref="9992423595"/>
    <nd ref="9992423594"/>
    <nd ref="9992423593"/>
    <nd ref="9992423592"/>
    <nd ref="8321778019"/>
    <tag k="highway" v="tertiary"/>
    <tag k="oneway" v="yes"/>
  </way>
  <way id="1090951723" version="1" timestamp="2022-09-01T09:45:23Z" changeset="125647203" uid="12250792" user="mglsj">
    <nd ref="9992423602"/>
    <nd ref="1336893569"/>
    <tag k="highway" v="tertiary"/>
    <tag k="oneway" v="yes"/>
  </way>
  <way id="1097355586" version="1" timestamp="2022-09-23T18:51:40Z" changeset="126560208" uid="91490" user="Heinz_V">
    <nd ref="9992375570"/>
    <nd ref="1210127320"/>
    <tag k="bridge" v="yes"/>
    <tag k="highway" v="trunk"/>
    <tag k="lanes" v="2"/>
    <tag k="layer" v="1"/>
    <tag k="maxspeed" v="50"/>
    <tag k="ref" v="NH534"/>
    <tag k="ref:old" v="NH119"/>
  </way>
  <way id="1214523103" version="1" timestamp="2023-10-10T11:58:10Z" changeset="142390043" uid="19620700" user="jyotikatke">
    <nd ref="11252724293"/>
    <nd ref="11252724294"/>
    <nd ref="11252724295"/>
    <tag k="highway" v="residential"/>
    <tag k="source" v="maxar"/>
  </way>
  <way id="1214523104" version="1" timestamp="2023-10-10T11:58:10Z" changeset="142390043" uid="19620700" user="jyotikatke">
    <nd ref="11252724301"/>
    <nd ref="11252724300"/>
    <nd ref="11252724299"/>
    <nd ref="11252724296"/>
    <nd ref="11252724297"/>
    <nd ref="11252724298"/>
    <tag k="highway" v="residential"/>
    <tag k="source" v="maxar"/>
  </way>
  <way id="1214523105" version="1" timestamp="2023-10-10T11:58:10Z" changeset="142390043" uid="19620700" user="jyotikatke">
    <nd ref="11252724302"/>
    <nd ref="11252724303"/>
    <nd ref="11252724304"/>
    <tag k="highway" v="residential"/>
    <tag k="source" v="maxar"/>
  </way>
  <way id="1214523106" version="1" timestamp="2023-10-10T11:58:10Z" changeset="142390043" uid="19620700" user="jyotikatke">
    <nd ref="5702231374"/>
    <nd ref="11252724305"/>
    <tag k="highway" v="residential"/>
    <tag k="source" v="maxar"/>
  </way>
  <way id="1214524039" version="1" timestamp="2023-10-10T12:02:02Z" changeset="142390168" uid="19620700" user="jyotikatke">
    <nd ref="11252726005"/>
    <nd ref="11252726006"/>
    <nd ref="11252726007"/>
    <nd ref="11252726008"/>
    <nd ref="11252726009"/>
    <nd ref="11252726010"/>
    <tag k="highway" v="residential"/>
    <tag k="source" v="maxar"/>
  </way>
  <way id="1214524542" version="1" timestamp="2023-10-10T12:04:02Z" changeset="142390226" uid="19620700" user="jyotikatke">
    <nd ref="11252739026"/>
    <nd ref="11252739027"/>
    <tag k="highway" v="service"/>
    <tag k="source" v="maxar"/>
  </way>
  <way id="1214525270" version="1" timestamp="2023-10-10T12:06:41Z" changeset="142390323" uid="19620700" user="jyotikatke">
    <nd ref="11252691535"/>
    <nd ref="11252691536"/>
    <nd ref="8321764871"/>
    <tag k="highway" v="residential"/>
    <tag k="source" v="maxar"/>
  </way>
  <way id="1214525271" version="1" timestamp="2023-10-10T12:06:41Z" changeset="142390323" uid="19620700" user="jyotikatke">
    <nd ref="11252691536"/>
    <nd ref="11252755637"/>
    <tag k="highway" v="residential"/>
  </way>
  <way id="1214525671" version="1" timestamp="2023-10-10T12:09:10Z" changeset="142390419" uid="19620700" user="jyotikatke">
    <nd ref="1336893502"/>
    <nd ref="11252735664"/>
    <nd ref="11252735665"/>
    <tag k="highway" v="residential"/>
    <tag k="source" v="maxar"/>
  </way>
  <way id="1214527519" version="1" timestamp="2023-10-10T12:17:26Z" changeset="142390788" uid="19620700" user="jyotikatke">
    <nd ref="11252719713"/>
    <nd ref="11252719699"/>
    <nd ref="11252719706"/>
    <nd ref="11252719702"/>
    <tag k="highway" v="residential"/>
    <tag k="source" v="maxar"/>
  </way>
  <way id="1214527520" version="1" timestamp="2023-10-10T12:17:26Z" changeset="142390788" uid="19620700" user="jyotikatke">
    <nd ref="11252719702"/>
    <nd ref="11252719701"/>
    <nd ref="11252719704"/>
    <tag k="highway" v="residential"/>
    <tag k="source" v="maxar"/>
  </way>
  <way id="1214527521" version="1" timestamp="2023-10-10T12:17:26Z" changeset="142390788" uid="19620700" user="jyotikatke">
    <nd ref="11252719702"/>
    <nd ref="11252719703"/>
    <tag k="highway" v="residential"/>
    <tag k="source" v="maxar"/>
  </way>
  <way id="1214527523" version="1" timestamp="2023-10-10T12:17:26Z" changeset="142390788" uid="19620700" user="jyotikatke">
    <nd ref="11252719706"/>
    <nd ref="11252719707"/>
    <tag k="highway" v="residential"/>
  </way>
  <way id="1214527524" version="1" timestamp="2023-10-10T12:17:26Z" changeset="142390788" uid="19620700" user="jyotikatke">
    <nd ref="11252719713"/>
    <nd ref="11252719708"/>
    <nd ref="11252719709"/>
    <nd ref="11252719710"/>
    <tag k="highway" v="residential"/>
    <tag k="source" v="maxar"/>
  </way>
  <way id="1214527526" version="1" timestamp="2023-10-10T12:17:26Z" changeset="142390788" uid="19620700" user="jyotikatke">
    <nd ref="11252719714"/>
    <nd ref="11252719715"/>
    <tag k="highway" v="residential"/>
    <tag k="source" v="maxar"/>
  </way>
  <way id="1214527529" version="1" timestamp="2023-10-10T12:17:26Z" changeset="142390788" uid="19620700" user="jyotikatke">
    <nd ref="11252719711"/>
    <nd ref="11252719724"/>
    <tag k="highway" v="residential"/>
    <tag k="source" v="maxar"/>
  </way>
  <way id="1214528633" version="2" timestamp="2023-10-11T05:45:37Z" changeset="142419396" uid="16275544" user="nileshbarawkar">
    <nd ref="11252778893"/>
    <nd ref="11252778903"/>
    <nd ref="11252778895"/>
    <tag k="highway" v="residential"/>
    <tag k="source" v="maxar"/>
  </way>
  <way id="1214528634" version="2" timestamp="2023-10-11T05:45:37Z" changeset="142419396" uid="16275544" user="nileshbarawkar">
    <nd ref="11252778893"/>
    <nd ref="11252778896"/>
    <nd ref="11252778898"/>
    <nd ref="11252778899"/>
    <nd ref="11252778900"/>
    <nd ref="11252778901"/>
    <tag k="highway" v="residential"/>
    <tag k="source" v="maxar"/>
  </way>
  <way id="1214528635" version="2" timestamp="2023-10-11T05:45:37Z" changeset="142419396" uid="16275544" user="nileshbarawkar">
    <nd ref="11252778903"/>
    <nd ref="11252778904"/>
    <nd ref="11252778905"/>
    <nd ref="11252778906"/>
    <nd ref="11254414897"/>
    <nd ref="11252778908"/>
    <nd ref="11252778898"/>
    <nd ref="11252778911"/>
    <tag k="highway" v="residential"/>
    <tag k="source" v="maxar"/>
  </way>
  <way id="1214528636" version="1" timestamp="2023-10-10T12:21:46Z" changeset="142390955" uid="18812446" user="neharikas">
    <nd ref="11252778900"/>
    <nd ref="11252778912"/>
    <tag k="highway" v="residential"/>
    <tag k="source" v="maxar"/>
  </way>
  <way id="1214528637" version="2" timestamp="2023-10-11T05:45:37Z" changeset="142419396" uid="16275544" user="nileshbarawkar">
    <nd ref="11252778913"/>
    <nd ref="11252778916"/>
    <tag k="highway" v="residential"/>
    <tag k="source" v="maxar"/>
  </way>
  <way id="1214528638" version="1" timestamp="2023-10-10T12:21:46Z" changeset="142390955" uid="18812446" user="neharikas">
    <nd ref="11252778917"/>
    <nd ref="11252778918"/>
    <tag k="highway" v="residential"/>
    <tag k="source" v="maxar"/>
  </way>
  <way id="1214708477" version="1" timestamp="2023-10-11T05:04:23Z" changeset="142418419" uid="18812446" user="neharikas">
    <nd ref="11254396485"/>
    <nd ref="11254396486"/>
    <nd ref="11254396487"/>
    <nd ref="11254396488"/>
    <tag k="highway" v="residential"/>
    <tag k="source" v="maxar"/>
  </way>
  <way id="1214708480" version="1" timestamp="2023-10-11T05:04:23Z" changeset="142418419" uid="18812446" user="neharikas">
    <nd ref="11254396497"/>
    <nd ref="11254396498"/>
    <nd ref="11254396499"/>
    <nd ref="11254396500"/>
    <nd ref="11254396501"/>
    <nd ref="11254396502"/>
    <nd ref="11254396503"/>
    <nd ref="11254396492"/>
    <nd ref="11254396504"/>
    <nd ref="11254396505"/>
    <tag k="highway" v="residential"/>
    <tag k="source" v="maxar"/>
  </way>
  <way id="1214708481" version="1" timestamp="2023-10-11T05:04:23Z" changeset="142418419" uid="18812446" user="neharikas">
    <nd ref="11254396506"/>
    <nd ref="11254396507"/>
    <tag k="highway" v="residential"/>
    <tag k="source" v="maxar"/>
  </way>
  <way id="1214708482" version="1" timestamp="2023-10-11T05:04:23Z" changeset="142418419" uid="18812446" user="neharikas">
    <nd ref="11254396497"/>
    <nd ref="11254396508"/>
    <nd ref="11254396509"/>
    <nd ref="11254396510"/>
    <nd ref="11254396530"/>
    <tag k="highway" v="residential"/>
    <tag k="source" v="maxar"/>
  </way>
  <way id="1214708483" version="1" timestamp="2023-10-11T05:04:23Z" changeset="142418419" uid="18812446" user="neharikas">
    <nd ref="11254396511"/>
    <nd ref="11254396512"/>
    <nd ref="11254396513"/>
    <nd ref="11254396514"/>
    <tag k="highway" v="residential"/>
    <tag k="source" v="maxar"/>
  </way>
  <way id="1214708484" version="1" timestamp="2023-10-11T05:04:23Z" changeset="142418419" uid="18812446" user="neharikas">
    <nd ref="11254396515"/>
    <nd ref="11254396514"/>
    <tag k="highway" v="residential"/>
    <tag k="source" v="maxar"/>
  </way>
  <way id="1214708485" version="1" timestamp="2023-10-11T05:04:23Z" changeset="142418419" uid="18812446" user="neharikas">
    <nd ref="11254396516"/>
    <nd ref="11254396517"/>
    <nd ref="11254396518"/>
    <nd ref="11254396519"/>
    <nd ref="11254396513"/>
    <tag k="highway" v="residential"/>
    <tag k="source" v="maxar"/>
  </way>
  <way id="1214708486" version="1" timestamp="2023-10-11T05:04:23Z" changeset="142418419" uid="18812446" user="neharikas">
    <nd ref="11254396511"/>
    <nd ref="11254396520"/>
    <nd ref="11254396516"/>
    <nd ref="11254396521"/>
    <nd ref="11254396522"/>
    <tag k="highway" v="residential"/>
    <tag k="source" v="maxar"/>
  </way>
  <way id="1214708487" version="1" timestamp="2023-10-11T05:04:23Z" changeset="142418419" uid="18812446" user="neharikas">
    <nd ref="11254396511"/>
    <nd ref="11254396509"/>
    <tag k="highway" v="residential"/>
    <tag k="source" v="maxar"/>
  </way>
  <way id="1214708488" version="1" timestamp="2023-10-11T05:04:23Z" changeset="142418419" uid="18812446" user="neharikas">
    <nd ref="11254396511"/>
    <nd ref="11254396523"/>
    <nd ref="11254396524"/>
    <nd ref="11254396525"/>
    <tag k="highway" v="residential"/>
    <tag k="source" v="maxar"/>
  </way>
  <way id="1214708489" version="1" timestamp="2023-10-11T05:04:23Z" changeset="142418419" uid="18812446" user="neharikas">
    <nd ref="11254396520"/>
    <nd ref="11254396524"/>
    <tag k="highway" v="residential"/>
    <tag k="source" v="maxar"/>
  </way>
  <way id="1214708490" version="1" timestamp="2023-10-11T05:04:23Z" changeset="142418419" uid="18812446" user="neharikas">
    <nd ref="11254396510"/>
    <nd ref="11254396526"/>
    <nd ref="11254396527"/>
    <nd ref="11254396528"/>
    <tag k="highway" v="residential"/>
    <tag k="source" v="maxar"/>
  </way>
  <way id="1214708492" version="1" timestamp="2023-10-11T05:04:23Z" changeset="142418419" uid="18812446" user="neharikas">
    <nd ref="11254396497"/>
    <nd ref="11254396531"/>
    <nd ref="11254396532"/>
    <nd ref="11254396533"/>
    <nd ref="11254396506"/>
    <nd ref="11254396534"/>
    <nd ref="11254396535"/>
    <tag k="highway" v="residential"/>
    <tag k="source" v="maxar"/>
  </way>
  <way id="1214708493" version="1" timestamp="2023-10-11T05:04:23Z" changeset="142418419" uid="18812446" user="neharikas">
    <nd ref="11254396532"/>
    <nd ref="11254396536"/>
    <nd ref="11254408237"/>
    <tag k="highway" v="residential"/>
    <tag k="source" v="maxar"/>
  </way>
  <way id="1214708494" version="1" timestamp="2023-10-11T05:04:23Z" changeset="142418419" uid="18812446" user="neharikas">
    <nd ref="11254396533"/>
    <nd ref="11254408238"/>
    <tag k="highway" v="residential"/>
    <tag k="source" v="maxar"/>
  </way>
  <way id="1214708495" version="1" timestamp="2023-10-11T05:04:23Z" changeset="142418419" uid="18812446" user="neharikas">
    <nd ref="11254408239"/>
    <nd ref="11254408240"/>
    <nd ref="11254408241"/>
    <nd ref="11254408242"/>
    <nd ref="11254408243"/>
    <nd ref="11254408244"/>
    <nd ref="11254408245"/>
    <tag k="highway" v="residential"/>
    <tag k="source" v="maxar"/>
  </way>
  <way id="1214708497" version="1" timestamp="2023-10-11T05:04:23Z" changeset="142418419" uid="18812446" user="neharikas">
    <nd ref="11254408250"/>
    <nd ref="11254408251"/>
    <nd ref="11254408252"/>
    <nd ref="11254408253"/>
    <nd ref="11254408254"/>
    <nd ref="11254408255"/>
    <nd ref="11254408256"/>
    <nd ref="11254408257"/>
    <nd ref="11254408258"/>
    <nd ref="11254408259"/>
    <tag k="highway" v="residential"/>
    <tag k="source" v="maxar"/>
  </way>
  <way id="1214708498" version="1" timestamp="2023-10-11T05:04:23Z" changeset="142418419" uid="18812446" user="neharikas">
    <nd ref="11254408259"/>
    <nd ref="1336893665"/>
    <nd ref="1336893672"/>
    <nd ref="1336893674"/>
    <nd ref="1336893675"/>
    <nd ref="1336893673"/>
    <nd ref="1336893670"/>
    <nd ref="1336893666"/>
    <tag k="highway" v="secondary"/>
  </way>
  <way id="1214708499" version="1" timestamp="2023-10-11T05:04:23Z" changeset="142418419" uid="18812446" user="neharikas">
    <nd ref="11254408261"/>
    <nd ref="11254408260"/>
    <tag k="highway" v="residential"/>
    <tag k="source" v="maxar"/>
  </way>
  <way id="1214708500" version="1" timestamp="2023-10-11T05:04:23Z" changeset="142418419" uid="18812446" user="neharikas">
    <nd ref="11254408262"/>
    <nd ref="11254408263"/>
    <nd ref="11254408264"/>
    <nd ref="11254408265"/>
    <nd ref="11254408266"/>
    <nd ref="11254408267"/>
    <tag k="highway" v="residential"/>
    <tag k="source" v="maxar"/>
  </way>
  <way id="1214708501" version="1" timestamp="2023-10-11T05:04:23Z" changeset="142418419" uid="18812446" user="neharikas">
    <nd ref="11254408268"/>
    <nd ref="11254408269"/>
    <nd ref="11254408270"/>
    <nd ref="11254408271"/>
    <nd ref="11254408272"/>
    <tag k="highway" v="residential"/>
    <tag k="source" v="maxar"/>
  </way>
  <way id="1214708502" version="1" timestamp="2023-10-11T05:04:23Z" changeset="142418419" uid="18812446" user="neharikas">
    <nd ref="1336893610"/>
    <nd ref="11254408273"/>
    <nd ref="11254408274"/>
    <nd ref="11254408275"/>
    <nd ref="11254408276"/>
    <nd ref="11254408277"/>
    <nd ref="11254408278"/>
    <nd ref="11254408279"/>
    <tag k="highway" v="residential"/>
    <tag k="source" v="maxar"/>
  </way>
  <way id="1214708503" version="1" timestamp="2023-10-11T05:04:23Z" changeset="142418419" uid="18812446" user="neharikas">
    <nd ref="11254408279"/>
    <nd ref="11254408280"/>
    <nd ref="11254408281"/>
    <nd ref="11254408282"/>
    <tag k="highway" v="residential"/>
    <tag k="source" v="maxar"/>
  </way>
  <way id="1214708504" version="1" timestamp="2023-10-11T05:04:23Z" changeset="142418419" uid="18812446" user="neharikas">
    <nd ref="11254408279"/>
    <nd ref="11254408283"/>
    <nd ref="11254408284"/>
    <nd ref="11254408287"/>
    <tag k="highway" v="residential"/>
    <tag k="source" v="maxar"/>
  </way>
  <way id="1214708505" version="1" timestamp="2023-10-11T05:04:23Z" changeset="142418419" uid="18812446" user="neharikas">
    <nd ref="11254408285"/>
    <nd ref="11254408286"/>
    <nd ref="11254408287"/>
    <tag k="highway" v="residential"/>
    <tag k="source" v="maxar"/>
  </way>
  <way id="1214708506" version="1" timestamp="2023-10-11T05:04:23Z" changeset="142418419" uid="18812446" user="neharikas">
    <nd ref="11254408288"/>
    <nd ref="11254408289"/>
    <nd ref="11254408290"/>
    <nd ref="11254408291"/>
    <nd ref="11254408292"/>
    <nd ref="11254408293"/>
    <nd ref="11254408294"/>
    <nd ref="11254408295"/>
    <nd ref="11254408296"/>
    <nd ref="1210681647"/>
    <tag k="highway" v="residential"/>
    <tag k="source" v="maxar"/>
  </way>
  <way id="1214708507" version="1" timestamp="2023-10-11T05:04:23Z" changeset="142418419" uid="18812446" user="neharikas">
    <nd ref="11254408297"/>
    <nd ref="11254408314"/>
    <nd ref="11254408298"/>
    <nd ref="11254408299"/>
    <nd ref="11254408300"/>
    <tag k="highway" v="residential"/>
    <tag k="source" v="maxar"/>
  </way>
  <way id="1214708508" version="1" timestamp="2023-10-11T05:04:23Z" changeset="142418419" uid="18812446" user="neharikas">
    <nd ref="11254408297"/>
    <nd ref="11254408301"/>
    <nd ref="11254408302"/>
    <nd ref="11254408303"/>
    <nd ref="11254408304"/>
    <nd ref="11254408305"/>
    <nd ref="11254408306"/>
    <tag k="highway" v="residential"/>
    <tag k="source" v="maxar"/>
  </way>
  <way id="1214708509" version="1" timestamp="2023-10-11T05:04:23Z" changeset="142418419" uid="18812446" user="neharikas">
    <nd ref="11254408297"/>
    <nd ref="11254408307"/>
    <nd ref="11254408308"/>
    <nd ref="11254408309"/>
    <tag k="highway" v="residential"/>
    <tag k="source" v="maxar"/>
  </way>
  <way id="1214708510" version="1" timestamp="2023-10-11T05:04:23Z" changeset="142418419" uid="18812446" user="neharikas">
    <nd ref="11254408304"/>
    <nd ref="11254408310"/>
    <nd ref="11254408311"/>
    <tag k="highway" v="residential"/>
    <tag k="source" v="maxar"/>
  </way>
  <way id="1214708511" version="1" timestamp="2023-10-11T05:04:23Z" changeset="142418419" uid="18812446" user="neharikas">
    <nd ref="11254408312"/>
    <nd ref="11254408313"/>
    <nd ref="11254408314"/>
    <tag k="highway" v="residential"/>
    <tag k="source" v="maxar"/>
  </way>
  <way id="1214708512" version="2" timestamp="2023-10-30T08:24:03Z" changeset="143351139" uid="19620700" user="jyotikatke">
    <nd ref="11254408315"/>
    <nd ref="11299444027"/>
    <nd ref="11254408317"/>
    <nd ref="11254408318"/>
    <nd ref="11254408333"/>
    <tag k="highway" v="residential"/>
    <tag k="source" v="maxar"/>
  </way>
  <way id="1214708513" version="1" timestamp="2023-10-11T05:04:23Z" changeset="142418419" uid="18812446" user="neharikas">
    <nd ref="11254408323"/>
    <nd ref="11254408324"/>
    <nd ref="11254408325"/>
    <nd ref="11254408320"/>
    <tag k="highway" v="residential"/>
    <tag k="source" v="maxar"/>
  </way>
  <way id="1214708514" version="1" timestamp="2023-10-11T05:04:23Z" changeset="142418419" uid="18812446" user="neharikas">
    <nd ref="11254408325"/>
    <nd ref="11254408326"/>
    <tag k="highway" v="residential"/>
    <tag k="source" v="maxar"/>
  </way>
  <way id="1214708515" version="1" timestamp="2023-10-11T05:04:23Z" changeset="142418419" uid="18812446" user="neharikas">
    <nd ref="11254408325"/>
    <nd ref="11254408327"/>
    <nd ref="11254408328"/>
    <nd ref="11254408329"/>
    <tag k="highway" v="residential"/>
    <tag k="source" v="maxar"/>
  </way>
  <way id="1214708516" version="1" timestamp="2023-10-11T05:04:23Z" changeset="142418419" uid="18812446" user="neharikas">
    <nd ref="11254408321"/>
    <nd ref="11254408327"/>
    <nd ref="11254408330"/>
    <tag k="highway" v="residential"/>
    <tag k="source" v="maxar"/>
  </way>
  <way id="1214708517" version="1" timestamp="2023-10-11T05:04:23Z" changeset="142418419" uid="18812446" user="neharikas">
    <nd ref="1336893674"/>
    <nd ref="11254408322"/>
    <nd ref="11254408331"/>
    <nd ref="11254408329"/>
    <nd ref="11254408332"/>
    <tag k="highway" v="residential"/>
    <tag k="source" v="maxar"/>
  </way>
  <way id="1214708518" version="1" timestamp="2023-10-11T05:04:23Z" changeset="142418419" uid="18812446" user="neharikas">
    <nd ref="11254408319"/>
    <nd ref="11254408320"/>
    <nd ref="11254408321"/>
    <nd ref="11254408322"/>
    <tag k="highway" v="residential"/>
    <tag k="source" v="maxar"/>
  </way>
  <way id="1214708519" version="1" timestamp="2023-10-11T05:04:23Z" changeset="142418419" uid="18812446" user="neharikas">
    <nd ref="11254408333"/>
    <nd ref="11254408319"/>
    <tag k="bridge" v="yes"/>
    <tag k="highway" v="residential"/>
    <tag k="layer" v="1"/>
    <tag k="source" v="maxar"/>
  </way>
  <way id="1214714211" version="1" timestamp="2023-10-11T05:45:37Z" changeset="142419396" uid="16275544" user="nileshbarawkar">
    <nd ref="11252778893"/>
    <nd ref="11254414897"/>
    <tag k="highway" v="residential"/>
    <tag k="source" v="maxar"/>
  </way>
  <way id="1215933461" version="1" timestamp="2023-10-16T06:48:28Z" changeset="142648077" uid="18812448" user="rajanik">
    <nd ref="11266125376"/>
    <nd ref="11266125377"/>
    <tag k="highway" v="residential"/>
    <tag k="source" v="maxar"/>
  </way>
  <way id="1215933462" version="1" timestamp="2023-10-16T06:48:28Z" changeset="142648077" uid="18812448" user="rajanik">
    <nd ref="11266125378"/>
    <nd ref="11266125379"/>
    <nd ref="11266125380"/>
    <nd ref="11266125381"/>
    <nd ref="11266125376"/>
    <tag k="highway" v="residential"/>
    <tag k="source" v="maxar"/>
  </way>
  <way id="1215933463" version="1" timestamp="2023-10-16T06:48:28Z" changeset="142648077" uid="18812448" user="rajanik">
    <nd ref="11266125376"/>
    <nd ref="11266125382"/>
    <nd ref="11266125383"/>
    <nd ref="11266125384"/>
    <nd ref="11266125385"/>
    <tag k="highway" v="living_street"/>
    <tag k="source" v="maxar"/>
  </way>
  <way id="1215933464" version="1" timestamp="2023-10-16T06:48:28Z" changeset="142648077" uid="18812448" user="rajanik">
    <nd ref="11266125386"/>
    <nd ref="11266125385"/>
    <nd ref="11266125378"/>
    <nd ref="11266125387"/>
    <tag k="highway" v="living_street"/>
    <tag k="source" v="maxar"/>
  </way>
  <way id="1215933465" version="1" timestamp="2023-10-16T06:48:28Z" changeset="142648077" uid="18812448" user="rajanik">
    <nd ref="11266125392"/>
    <nd ref="11266125391"/>
    <nd ref="11266125388"/>
    <nd ref="11266125390"/>
    <nd ref="11266125389"/>
    <tag k="highway" v="residential"/>
    <tag k="source" v="maxar"/>
  </way>
  <way id="1215933466" version="1" timestamp="2023-10-16T06:48:28Z" changeset="142648077" uid="18812448" user="rajanik">
    <nd ref="11266125392"/>
    <nd ref="11266125393"/>
    <nd ref="11266125394"/>
    <nd ref="11266125395"/>
    <nd ref="11266125396"/>
    <nd ref="11266125397"/>
    <nd ref="11266125398"/>
    <nd ref="11266125399"/>
    <nd ref="11266125400"/>
    <tag k="highway" v="residential"/>
    <tag k="source" v="maxar"/>
  </way>
  <way id="1215933467" version="1" timestamp="2023-10-16T06:48:28Z" changeset="142648077" uid="18812448" user="rajanik">
    <nd ref="11266125401"/>
    <nd ref="11266125402"/>
    <nd ref="11266125403"/>
    <tag k="highway" v="living_street"/>
    <tag k="source" v="maxar"/>
  </way>
  <way id="1215933468" version="1" timestamp="2023-10-16T06:48:28Z" changeset="142648077" uid="18812448" user="rajanik">
    <nd ref="11266125403"/>
    <nd ref="11266125404"/>
    <nd ref="11266125405"/>
    <nd ref="11266125406"/>
    <nd ref="11266125407"/>
    <tag k="highway" v="living_street"/>
    <tag k="source" v="maxar"/>
  </way>
  <way id="1215933469" version="1" timestamp="2023-10-16T06:48:28Z" changeset="142648077" uid="18812448" user="rajanik">
    <nd ref="11266125408"/>
    <nd ref="11266125409"/>
    <nd ref="11266125410"/>
    <nd ref="8321778028"/>
    <tag k="highway" v="living_street"/>
    <tag k="source" v="maxar"/>
  </way>
  <way id="1219470018" version="1" timestamp="2023-10-30T08:24:03Z" changeset="143351139" uid="19620700" user="jyotikatke">
    <nd ref="11299444026"/>
    <nd ref="11254408315"/>
    <nd ref="1210668138"/>
    <tag k="highway" v="residential"/>
    <tag k="source" v="maxar"/>
  </way>
  <way id="1219470019" version="1" timestamp="2023-10-30T08:24:03Z" changeset="143351139" uid="19620700" user="jyotikatke">
    <nd ref="11299444027"/>
    <nd ref="11299444028"/>
    <tag k="highway" v="residential"/>
  </way>
  <way id="1225836430" version="1" timestamp="2023-11-22T06:17:45Z" changeset="144311935" uid="19795114" user="kunalchhapre">
    <nd ref="11367977925"/>
    <nd ref="11367977926"/>
    <nd ref="11367977927"/>
    <nd ref="11367977928"/>
    <nd ref="11367977929"/>
    <nd ref="11367977930"/>
    <tag k="highway" v="residential"/>
    <tag k="source" v="maxar"/>
  </way>
  <way id="1225836431" version="1" timestamp="2023-11-22T06:17:45Z" changeset="144311935" uid="19795114" user="kunalchhapre">
    <nd ref="11367977928"/>
    <nd ref="11367977931"/>
    <tag k="highway" v="residential"/>
    <tag k="source" v="maxar"/>
  </way>
  <way id="1225836750" version="1" timestamp="2023-11-22T06:22:48Z" changeset="144312074" uid="19795114" user="kunalchhapre">
    <nd ref="11367983314"/>
    <nd ref="11367983315"/>
    <nd ref="11367983336"/>
    <nd ref="11367983316"/>
    <nd ref="11367983317"/>
    <nd ref="11367983318"/>
    <nd ref="11367983319"/>
    <nd ref="11367983320"/>
    <tag k="highway" v="residential"/>
    <tag k="source" v="maxar"/>
  </way>
  <way id="1225836751" version="1" timestamp="2023-11-22T06:22:48Z" changeset="144312074" uid="19795114" user="kunalchhapre">
    <nd ref="11367983321"/>
    <nd ref="11367983322"/>
    <nd ref="11367983323"/>
    <nd ref="11367983324"/>
    <nd ref="11367983325"/>
    <nd ref="11367983326"/>
    <nd ref="11367983320"/>
    <nd ref="5166880674"/>
    <tag k="highway" v="residential"/>
    <tag k="source" v="maxar"/>
  </way>
  <way id="1225836752" version="1" timestamp="2023-11-22T06:22:48Z" changeset="144312074" uid="19795114" user="kunalchhapre">
    <nd ref="11367983325"/>
    <nd ref="11367983327"/>
    <nd ref="11367983334"/>
    <nd ref="11367983335"/>
    <nd ref="11367983336"/>
    <tag k="highway" v="residential"/>
    <tag k="source" v="maxar"/>
  </way>
  <way id="1225836754" version="1" timestamp="2023-11-22T06:22:48Z" changeset="144312074" uid="19795114" user="kunalchhapre">
    <nd ref="11367983337"/>
    <nd ref="11367983338"/>
    <nd ref="5166880676"/>
    <tag k="highway" v="residential"/>
    <tag k="source" v="maxar"/>
  </way>
  <way id="1225836755" version="1" timestamp="2023-11-22T06:22:48Z" changeset="144312074" uid="19795114" user="kunalchhapre">
    <nd ref="11367983339"/>
    <nd ref="11367983340"/>
    <nd ref="11367983341"/>
    <nd ref="11367983342"/>
    <nd ref="11367983343"/>
    <nd ref="11367983326"/>
    <tag k="highway" v="residential"/>
    <tag k="source" v="maxar"/>
  </way>
  <way id="1225836756" version="1" timestamp="2023-11-22T06:22:48Z" changeset="144312074" uid="19795114" user="kunalchhapre">
    <nd ref="11367983339"/>
    <nd ref="11367983344"/>
    <nd ref="1336893643"/>
    <tag k="highway" v="residential"/>
    <tag k="source" v="maxar"/>
  </way>
  <way id="1225836757" version="1" timestamp="2023-11-22T06:22:48Z" changeset="144312074" uid="19795114" user="kunalchhapre">
    <nd ref="11367983339"/>
    <nd ref="11367983345"/>
    <nd ref="11367983346"/>
    <nd ref="11367983347"/>
    <tag k="highway" v="residential"/>
    <tag k="source" v="maxar"/>
  </way>
  <way id="1225836758" version="1" timestamp="2023-11-22T06:22:48Z" changeset="144312074" uid="19795114" user="kunalchhapre">
    <nd ref="11367983348"/>
    <nd ref="11367983349"/>
    <nd ref="8321777791"/>
    <tag k="highway" v="residential"/>
    <tag k="source" v="maxar"/>
  </way>
  <way id="1225836760" version="1" timestamp="2023-11-22T06:22:48Z" changeset="144312074" uid="19795114" user="kunalchhapre">
    <nd ref="11367983353"/>
    <nd ref="11367983354"/>
    <nd ref="11367983355"/>
    <nd ref="11367983356"/>
    <nd ref="11367983357"/>
    <nd ref="11367983358"/>
    <tag k="highway" v="residential"/>
    <tag k="source" v="maxar"/>
  </way>
  <way id="1225836761" version="1" timestamp="2023-11-22T06:22:48Z" changeset="144312074" uid="19795114" user="kunalchhapre">
    <nd ref="1336893696"/>
    <nd ref="11367983688"/>
    <nd ref="11367983359"/>
    <nd ref="11367983360"/>
    <nd ref="11367983361"/>
    <nd ref="11367983362"/>
    <nd ref="11367983363"/>
    <nd ref="11367983364"/>
    <nd ref="11367983365"/>
    <nd ref="11367983366"/>
    <nd ref="11367983367"/>
    <tag k="highway" v="unclassified"/>
    <tag k="source" v="maxar"/>
  </way>
  <way id="1225836767" version="1" timestamp="2023-11-22T06:22:48Z" changeset="144312074" uid="19795114" user="kunalchhapre">
    <nd ref="11367983685"/>
    <nd ref="11367983686"/>
    <nd ref="11367983687"/>
    <nd ref="11367983688"/>
    <tag k="highway" v="residential"/>
    <tag k="source" v="maxar"/>
  </way>
  <way id="1225837010" version="1" timestamp="2023-11-22T06:26:22Z" changeset="144312174" uid="19795114" user="kunalchhapre">
    <nd ref="11367980732"/>
    <nd ref="11367980733"/>
    <nd ref="11367980734"/>
    <nd ref="11367980735"/>
    <nd ref="11367980736"/>
    <nd ref="11367980737"/>
    <nd ref="11367980738"/>
    <nd ref="11367983685"/>
    <tag k="highway" v="residential"/>
    <tag k="source" v="maxar"/>
  </way>
  <way id="1225837011" version="1" timestamp="2023-11-22T06:26:22Z" changeset="144312174" uid="19795114" user="kunalchhapre">
    <nd ref="11367980739"/>
    <nd ref="11367980740"/>
    <tag k="highway" v="residential"/>
    <tag k="source" v="maxar"/>
  </way>
  <way id="1225837012" version="1" timestamp="2023-11-22T06:26:22Z" changeset="144312174" uid="19795114" user="kunalchhapre">
    <nd ref="1336893691"/>
    <nd ref="11367980741"/>
    <nd ref="11367980742"/>
    <nd ref="11367980743"/>
    <nd ref="11367980744"/>
    <nd ref="11367980745"/>
    <nd ref="11367980746"/>
    <nd ref="11367980747"/>
    <nd ref="11367980748"/>
    <nd ref="11367980749"/>
    <nd ref="11367980750"/>
    <nd ref="11367980751"/>
    <nd ref="11367980761"/>
    <nd ref="11367980752"/>
    <nd ref="11367980753"/>
    <nd ref="11367980754"/>
    <nd ref="11367980755"/>
    <nd ref="11367980756"/>
    <nd ref="11367980757"/>
    <nd ref="11367980758"/>
    <nd ref="11367980759"/>
    <tag k="highway" v="residential"/>
    <tag k="source" v="maxar"/>
  </way>
  <way id="1225837013" version="1" timestamp="2023-11-22T06:26:22Z" changeset="144312174" uid="19795114" user="kunalchhapre">
    <nd ref="11367980749"/>
    <nd ref="11367980760"/>
    <nd ref="11367980761"/>
    <tag k="highway" v="residential"/>
    <tag k="source" v="maxar"/>
  </way>
  <way id="1225837014" version="1" timestamp="2023-11-22T06:26:22Z" changeset="144312174" uid="19795114" user="kunalchhapre">
    <nd ref="11367980762"/>
    <nd ref="11367980763"/>
    <nd ref="11367980764"/>
    <nd ref="11367980765"/>
    <nd ref="11367980766"/>
    <nd ref="11367980767"/>
    <nd ref="11367980768"/>
    <nd ref="11367989969"/>
    <nd ref="11367989970"/>
    <nd ref="11367989971"/>
    <nd ref="11367989972"/>
    <nd ref="11367989973"/>
    <nd ref="11367989974"/>
    <tag k="highway" v="residential"/>
    <tag k="source" v="maxar"/>
  </way>
  <way id="1225837015" version="1" timestamp="2023-11-22T06:26:22Z" changeset="144312174" uid="19795114" user="kunalchhapre">
    <nd ref="11367989975"/>
    <nd ref="11367989976"/>
    <nd ref="11367989977"/>
    <nd ref="11367989978"/>
    <nd ref="11367989979"/>
    <nd ref="11367980759"/>
    <tag k="highway" v="residential"/>
    <tag k="source" v="maxar"/>
  </way>
  <way id="1225837016" version="1" timestamp="2023-11-22T06:26:22Z" changeset="144312174" uid="19795114" user="kunalchhapre">
    <nd ref="11367989980"/>
    <nd ref="11367989981"/>
    <nd ref="11367989982"/>
    <nd ref="11367989983"/>
    <tag k="highway" v="residential"/>
    <tag k="source" v="maxar"/>
  </way>
  <way id="1225837017" version="1" timestamp="2023-11-22T06:26:22Z" changeset="144312174" uid="19795114" user="kunalchhapre">
    <nd ref="11367989984"/>
    <nd ref="11367989985"/>
    <nd ref="11367989986"/>
    <nd ref="11367989987"/>
    <nd ref="11367989988"/>
    <tag k="highway" v="residential"/>
    <tag k="source" v="maxar"/>
  </way>
  <way id="1225837018" version="1" timestamp="2023-11-22T06:26:22Z" changeset="144312174" uid="19795114" user="kunalchhapre">
    <nd ref="11367989989"/>
    <nd ref="11367989990"/>
    <nd ref="11367989991"/>
    <nd ref="11367989992"/>
    <nd ref="11367989993"/>
    <nd ref="11367989994"/>
    <nd ref="11367989995"/>
    <nd ref="11367989996"/>
    <nd ref="11367989997"/>
    <nd ref="11367989998"/>
    <nd ref="11367989999"/>
    <tag k="highway" v="residential"/>
    <tag k="source" v="maxar"/>
  </way>
  <way id="1225837019" version="1" timestamp="2023-11-22T06:26:22Z" changeset="144312174" uid="19795114" user="kunalchhapre">
    <nd ref="11367990000"/>
    <nd ref="11367990001"/>
    <nd ref="11367990002"/>
    <nd ref="11367990003"/>
    <nd ref="11367990004"/>
    <nd ref="11367990005"/>
    <nd ref="11367990006"/>
    <nd ref="11367990007"/>
    <nd ref="11367990008"/>
    <nd ref="11367990009"/>
    <nd ref="11367990010"/>
    <nd ref="11367990011"/>
    <tag k="highway" v="residential"/>
    <tag k="source" v="maxar"/>
  </way>
  <way id="1225837020" version="1" timestamp="2023-11-22T06:26:22Z" changeset="144312174" uid="19795114" user="kunalchhapre">
    <nd ref="11367990010"/>
    <nd ref="11367990012"/>
    <nd ref="11367990013"/>
    <tag k="highway" v="residential"/>
    <tag k="source" v="maxar"/>
  </way>
  <way id="1225837021" version="1" timestamp="2023-11-22T06:26:22Z" changeset="144312174" uid="19795114" user="kunalchhapre">
    <nd ref="1336893625"/>
    <nd ref="11367990015"/>
    <tag k="highway" v="residential"/>
    <tag k="source" v="maxar"/>
  </way>
  <way id="1225837451" version="1" timestamp="2023-11-22T06:31:25Z" changeset="144312288" uid="19795114" user="kunalchhapre">
    <nd ref="11367995912"/>
    <nd ref="11367995913"/>
    <nd ref="11367995914"/>
    <tag k="highway" v="residential"/>
    <tag k="source" v="maxar"/>
  </way>
  <way id="1225837452" version="1" timestamp="2023-11-22T06:31:25Z" changeset="144312288" uid="19795114" user="kunalchhapre">
    <nd ref="11367995915"/>
    <nd ref="11367995916"/>
    <nd ref="11367995917"/>
    <tag k="highway" v="residential"/>
    <tag k="source" v="maxar"/>
  </way>
  <way id="1225837453" version="1" timestamp="2023-11-22T06:31:25Z" changeset="144312288" uid="19795114" user="kunalchhapre">
    <nd ref="11367995918"/>
    <nd ref="11367995919"/>
    <nd ref="11367995920"/>
    <nd ref="11367995921"/>
    <nd ref="11367995922"/>
    <nd ref="11367995923"/>
    <tag k="highway" v="residential"/>
    <tag k="source" v="maxar"/>
  </way>
  <way id="1225837454" version="1" timestamp="2023-11-22T06:31:25Z" changeset="144312288" uid="19795114" user="kunalchhapre">
    <nd ref="11367995924"/>
    <nd ref="11367995928"/>
    <tag k="highway" v="residential"/>
    <tag k="source" v="maxar"/>
  </way>
  <way id="1225837455" version="1" timestamp="2023-11-22T06:31:25Z" changeset="144312288" uid="19795114" user="kunalchhapre">
    <nd ref="11367995925"/>
    <nd ref="11367995926"/>
    <nd ref="11367995927"/>
    <nd ref="11367995928"/>
    <tag k="highway" v="residential"/>
    <tag k="source" v="maxar"/>
  </way>
  <way id="1225837456" version="1" timestamp="2023-11-22T06:31:25Z" changeset="144312288" uid="19795114" user="kunalchhapre">
    <nd ref="11367995925"/>
    <nd ref="11367995929"/>
    <tag k="highway" v="residential"/>
    <tag k="source" v="maxar"/>
  </way>
  <way id="1225837457" version="1" timestamp="2023-11-22T06:31:25Z" changeset="144312288" uid="19795114" user="kunalchhapre">
    <nd ref="11367995925"/>
    <nd ref="11367995930"/>
    <nd ref="11367995931"/>
    <nd ref="11367995932"/>
    <tag k="highway" v="residential"/>
    <tag k="source" v="maxar"/>
  </way>
  <way id="1225837458" version="1" timestamp="2023-11-22T06:31:25Z" changeset="144312288" uid="19795114" user="kunalchhapre">
    <nd ref="5702256368"/>
    <nd ref="11367995933"/>
    <nd ref="11367995934"/>
    <tag k="highway" v="residential"/>
    <tag k="source" v="maxar"/>
  </way>
  <way id="1225837459" version="1" timestamp="2023-11-22T06:31:25Z" changeset="144312288" uid="19795114" user="kunalchhapre">
    <nd ref="11367995935"/>
    <nd ref="5702256369"/>
    <nd ref="11367995936"/>
    <nd ref="11367995934"/>
    <nd ref="11367995930"/>
    <tag k="highway" v="residential"/>
    <tag k="source" v="maxar"/>
  </way>
  <way id="1225837686" version="1" timestamp="2023-11-22T06:34:38Z" changeset="144312372" uid="19795114" user="kunalchhapre">
    <nd ref="11367951180"/>
    <nd ref="11367951181"/>
    <tag k="highway" v="residential"/>
    <tag k="source" v="maxar"/>
  </way>
  <way id="1225837687" version="1" timestamp="2023-11-22T06:34:38Z" changeset="144312372" uid="19795114" user="kunalchhapre">
    <nd ref="11367951182"/>
    <nd ref="11367951183"/>
    <nd ref="11367951184"/>
    <tag k="highway" v="residential"/>
    <tag k="source" v="maxar"/>
  </way>
  <way id="1225837688" version="1" timestamp="2023-11-22T06:34:38Z" changeset="144312372" uid="19795114" user="kunalchhapre">
    <nd ref="11367951185"/>
    <nd ref="11367951186"/>
    <nd ref="11367995920"/>
    <tag k="highway" v="residential"/>
    <tag k="source" v="maxar"/>
  </way>
  <way id="1225837689" version="1" timestamp="2023-11-22T06:34:38Z" changeset="144312372" uid="19795114" user="kunalchhapre">
    <nd ref="11367951185"/>
    <nd ref="11367951187"/>
    <nd ref="11367951188"/>
    <nd ref="11367951189"/>
    <tag k="highway" v="residential"/>
    <tag k="source" v="maxar"/>
  </way>
  <way id="1225837690" version="1" timestamp="2023-11-22T06:34:38Z" changeset="144312372" uid="19795114" user="kunalchhapre">
    <nd ref="8321777784"/>
    <nd ref="11367951190"/>
    <nd ref="11367951188"/>
    <nd ref="11367995918"/>
    <tag k="highway" v="residential"/>
    <tag k="source" v="maxar"/>
  </way>
  <way id="1225837691" version="1" timestamp="2023-11-22T06:34:38Z" changeset="144312372" uid="19795114" user="kunalchhapre">
    <nd ref="11367951191"/>
    <nd ref="11367951192"/>
    <nd ref="11367951193"/>
    <nd ref="11367951194"/>
    <nd ref="11367951195"/>
    <nd ref="11367951196"/>
    <nd ref="11367951197"/>
    <nd ref="8321777787"/>
    <tag k="highway" v="residential"/>
    <tag k="source" v="maxar"/>
  </way>
  <way id="1225837692" version="1" timestamp="2023-11-22T06:34:38Z" changeset="144312372" uid="19795114" user="kunalchhapre">
    <nd ref="11367951198"/>
    <nd ref="11367951199"/>
    <nd ref="11367951200"/>
    <tag k="highway" v="residential"/>
    <tag k="source" v="maxar"/>
  </way>
  <way id="1225837693" version="1" timestamp="2023-11-22T06:34:38Z" changeset="144312372" uid="19795114" user="kunalchhapre">
    <nd ref="11367951201"/>
    <nd ref="11367951202"/>
    <nd ref="11367951203"/>
    <tag k="highway" v="residential"/>
    <tag k="source" v="maxar"/>
  </way>
  <way id="1225838047" version="1" timestamp="2023-11-22T06:39:51Z" changeset="144312493" uid="19795114" user="kunalchhapre">
    <nd ref="5702301195"/>
    <nd ref="11367968928"/>
    <nd ref="11367968929"/>
    <tag k="highway" v="residential"/>
    <tag k="source" v="maxar"/>
  </way>
  <way id="1225838048" version="1" timestamp="2023-11-22T06:39:51Z" changeset="144312493" uid="19795114" user="kunalchhapre">
    <nd ref="11367968930"/>
    <nd ref="11367968931"/>
    <tag k="highway" v="residential"/>
    <tag k="source" v="maxar"/>
  </way>
  <way id="1225838049" version="1" timestamp="2023-11-22T06:39:51Z" changeset="144312493" uid="19795114" user="kunalchhapre">
    <nd ref="11367968932"/>
    <nd ref="11367968933"/>
    <nd ref="11367968934"/>
    <tag k="highway" v="residential"/>
    <tag k="source" v="maxar"/>
  </way>
  <way id="1225838050" version="1" timestamp="2023-11-22T06:39:51Z" changeset="144312493" uid="19795114" user="kunalchhapre">
    <nd ref="11367968935"/>
    <nd ref="11367968936"/>
    <nd ref="11367968937"/>
    <nd ref="11367968938"/>
    <nd ref="11367968939"/>
    <nd ref="11367968940"/>
    <nd ref="11367968943"/>
    <tag k="highway" v="residential"/>
    <tag k="source" v="maxar"/>
  </way>
  <way id="1225838051" version="1" timestamp="2023-11-22T06:39:51Z" changeset="144312493" uid="19795114" user="kunalchhapre">
    <nd ref="11367968941"/>
    <nd ref="11367968942"/>
    <nd ref="11367968943"/>
    <tag k="highway" v="residential"/>
    <tag k="source" v="maxar"/>
  </way>
  <way id="1225838052" version="1" timestamp="2023-11-22T06:39:51Z" changeset="144312493" uid="19795114" user="kunalchhapre">
    <nd ref="11367968935"/>
    <nd ref="11367968944"/>
    <nd ref="11367968945"/>
    <tag k="highway" v="residential"/>
    <tag k="source" v="maxar"/>
  </way>
  <way id="1225838053" version="1" timestamp="2023-11-22T06:39:51Z" changeset="144312493" uid="19795114" user="kunalchhapre">
    <nd ref="11367968937"/>
    <nd ref="11367968946"/>
    <nd ref="11367968947"/>
    <nd ref="11367968948"/>
    <nd ref="11367968949"/>
    <tag k="highway" v="residential"/>
    <tag k="source" v="maxar"/>
  </way>
  <way id="1225838054" version="1" timestamp="2023-11-22T06:39:51Z" changeset="144312493" uid="19795114" user="kunalchhapre">
    <nd ref="11367968948"/>
    <nd ref="11367968950"/>
    <nd ref="11367968951"/>
    <nd ref="11367968952"/>
    <nd ref="11367968953"/>
    <tag k="highway" v="residential"/>
    <tag k="source" v="maxar"/>
  </way>
  <way id="1225838055" version="1" timestamp="2023-11-22T06:39:51Z" changeset="144312493" uid="19795114" user="kunalchhapre">
    <nd ref="11367968954"/>
    <nd ref="11367968955"/>
    <nd ref="11367968956"/>
    <nd ref="11367968957"/>
    <nd ref="11367968958"/>
    <nd ref="11367968959"/>
    <tag k="highway" v="residential"/>
    <tag k="source" v="maxar"/>
  </way>
  <way id="1225838056" version="1" timestamp="2023-11-22T06:39:51Z" changeset="144312493" uid="19795114" user="kunalchhapre">
    <nd ref="11367968960"/>
    <nd ref="11367968961"/>
    <nd ref="5702300284"/>
    <tag k="highway" v="residential"/>
    <tag k="source" v="maxar"/>
  </way>
  <way id="1225838057" version="1" timestamp="2023-11-22T06:39:51Z" changeset="144312493" uid="19795114" user="kunalchhapre">
    <nd ref="5702300283"/>
    <nd ref="11367968962"/>
    <nd ref="11367968963"/>
    <tag k="highway" v="residential"/>
    <tag k="source" v="maxar"/>
  </way>
  <way id="1225838915" version="1" timestamp="2023-11-22T06:44:06Z" changeset="144312606" uid="19795114" user="kunalchhapre">
    <nd ref="11368005932"/>
    <nd ref="11368005933"/>
    <nd ref="11368005934"/>
    <nd ref="11368005935"/>
    <nd ref="11368005936"/>
    <nd ref="11368005937"/>
    <tag k="highway" v="residential"/>
    <tag k="source" v="maxar"/>
  </way>
  <way id="1225838916" version="1" timestamp="2023-11-22T06:44:06Z" changeset="144312606" uid="19795114" user="kunalchhapre">
    <nd ref="11368005932"/>
    <nd ref="11368005938"/>
    <nd ref="11368005939"/>
    <nd ref="11368005940"/>
    <nd ref="11368005941"/>
    <nd ref="11368005942"/>
    <nd ref="11368005943"/>
    <nd ref="11368005944"/>
    <nd ref="11368005945"/>
    <nd ref="11368009570"/>
    <tag k="highway" v="residential"/>
    <tag k="source" v="maxar"/>
  </way>
  <way id="1225838918" version="1" timestamp="2023-11-22T06:44:06Z" changeset="144312606" uid="19795114" user="kunalchhapre">
    <nd ref="11368005941"/>
    <nd ref="11368005949"/>
    <nd ref="11368005948"/>
    <tag k="highway" v="residential"/>
    <tag k="source" v="maxar"/>
  </way>
  <way id="1225838919" version="1" timestamp="2023-11-22T06:44:06Z" changeset="144312606" uid="19795114" user="kunalchhapre">
    <nd ref="11368005941"/>
    <nd ref="11368005951"/>
    <tag k="highway" v="residential"/>
    <tag k="source" v="maxar"/>
  </way>
  <way id="1225838926" version="1" timestamp="2023-11-22T06:44:06Z" changeset="144312606" uid="19795114" user="kunalchhapre">
    <nd ref="11368005952"/>
    <nd ref="11368005943"/>
    <nd ref="11368005960"/>
    <nd ref="11368005961"/>
    <nd ref="11368005962"/>
    <nd ref="11368005951"/>
    <nd ref="11368005963"/>
    <nd ref="11368005964"/>
    <nd ref="11368005965"/>
    <nd ref="11368005966"/>
    <tag k="highway" v="residential"/>
    <tag k="source" v="maxar"/>
  </way>
  <way id="1225839725" version="1" timestamp="2023-11-22T06:48:38Z" changeset="144312727" uid="19795114" user="kunalchhapre">
    <nd ref="11367975739"/>
    <nd ref="11367975740"/>
    <nd ref="11367975741"/>
    <nd ref="11367975742"/>
    <tag k="highway" v="service"/>
    <tag k="source" v="maxar"/>
  </way>
  <way id="1225839726" version="1" timestamp="2023-11-22T06:48:38Z" changeset="144312727" uid="19795114" user="kunalchhapre">
    <nd ref="11367975739"/>
    <nd ref="11367975743"/>
    <nd ref="11367975744"/>
    <nd ref="11367975745"/>
    <nd ref="11367975746"/>
    <nd ref="11367975747"/>
    <nd ref="11367975751"/>
    <tag k="highway" v="service"/>
    <tag k="source" v="maxar"/>
  </way>
  <way id="1225839727" version="1" timestamp="2023-11-22T06:48:38Z" changeset="144312727" uid="19795114" user="kunalchhapre">
    <nd ref="11367975739"/>
    <nd ref="11367975748"/>
    <nd ref="11367975749"/>
    <nd ref="11367975750"/>
    <nd ref="11367975751"/>
    <tag k="highway" v="service"/>
    <tag k="source" v="maxar"/>
  </way>
  <way id="1225839728" version="1" timestamp="2023-11-22T06:48:38Z" changeset="144312727" uid="19795114" user="kunalchhapre">
    <nd ref="11367975751"/>
    <nd ref="11367975752"/>
    <nd ref="11367975753"/>
    <nd ref="11367975754"/>
    <nd ref="11367975755"/>
    <nd ref="11367975756"/>
    <nd ref="11367975757"/>
    <nd ref="11367975749"/>
    <tag k="highway" v="service"/>
    <tag k="source" v="maxar"/>
  </way>
  <way id="1225839729" version="1" timestamp="2023-11-22T06:48:38Z" changeset="144312727" uid="19795114" user="kunalchhapre">
    <nd ref="11367975758"/>
    <nd ref="11367975759"/>
    <nd ref="11367975760"/>
    <tag k="highway" v="residential"/>
    <tag k="source" v="maxar"/>
  </way>
  <way id="1225839730" version="1" timestamp="2023-11-22T06:48:38Z" changeset="144312727" uid="19795114" user="kunalchhapre">
    <nd ref="11367975761"/>
    <nd ref="11367975762"/>
    <tag k="highway" v="residential"/>
    <tag k="source" v="maxar"/>
  </way>
  <way id="1225839731" version="1" timestamp="2023-11-22T06:48:38Z" changeset="144312727" uid="19795114" user="kunalchhapre">
    <nd ref="11367975763"/>
    <nd ref="11367975764"/>
    <tag k="highway" v="residential"/>
    <tag k="source" v="maxar"/>
  </way>
  <way id="1225839732" version="1" timestamp="2023-11-22T06:48:38Z" changeset="144312727" uid="19795114" user="kunalchhapre">
    <nd ref="11367975761"/>
    <nd ref="11367975765"/>
    <nd ref="11367975766"/>
    <nd ref="11367975767"/>
    <tag k="highway" v="residential"/>
    <tag k="source" v="maxar"/>
  </way>
  <way id="1225839733" version="1" timestamp="2023-11-22T06:48:38Z" changeset="144312727" uid="19795114" user="kunalchhapre">
    <nd ref="11367975761"/>
    <nd ref="11367975768"/>
    <nd ref="11368020569"/>
    <nd ref="11368020570"/>
    <tag k="highway" v="residential"/>
    <tag k="source" v="maxar"/>
  </way>
  <way id="1225839734" version="1" timestamp="2023-11-22T06:48:38Z" changeset="144312727" uid="19795114" user="kunalchhapre">
    <nd ref="11367975763"/>
    <nd ref="11368020571"/>
    <nd ref="11368020572"/>
    <nd ref="11368020570"/>
    <tag k="highway" v="residential"/>
    <tag k="source" v="maxar"/>
  </way>
  <way id="1225839735" version="1" timestamp="2023-11-22T06:48:38Z" changeset="144312727" uid="19795114" user="kunalchhapre">
    <nd ref="11367975763"/>
    <nd ref="11368020573"/>
    <nd ref="11368020574"/>
    <nd ref="11368020575"/>
    <nd ref="11368020576"/>
    <tag k="highway" v="residential"/>
    <tag k="source" v="maxar"/>
  </way>
  <way id="1225839736" version="1" timestamp="2023-11-22T06:48:38Z" changeset="144312727" uid="19795114" user="kunalchhapre">
    <nd ref="11367975768"/>
    <nd ref="11368020577"/>
    <nd ref="11368020578"/>
    <nd ref="11368020579"/>
    <nd ref="11368020580"/>
    <nd ref="11368020581"/>
    <nd ref="11368020582"/>
    <nd ref="11368020583"/>
    <nd ref="11368020584"/>
    <nd ref="11368020585"/>
    <nd ref="11368020586"/>
    <nd ref="11368020570"/>
    <tag k="highway" v="residential"/>
    <tag k="source" v="maxar"/>
  </way>
  <way id="1225839737" version="1" timestamp="2023-11-22T06:48:38Z" changeset="144312727" uid="19795114" user="kunalchhapre">
    <nd ref="11367975761"/>
    <nd ref="11368020587"/>
    <nd ref="11368020582"/>
    <nd ref="11368020585"/>
    <tag k="highway" v="residential"/>
    <tag k="source" v="maxar"/>
  </way>
  <way id="1225839738" version="1" timestamp="2023-11-22T06:48:38Z" changeset="144312727" uid="19795114" user="kunalchhapre">
    <nd ref="11368020587"/>
    <nd ref="11368020588"/>
    <nd ref="11368020589"/>
    <nd ref="11368020590"/>
    <nd ref="11368020591"/>
    <nd ref="11368020592"/>
    <nd ref="11368020593"/>
    <nd ref="11368020594"/>
    <nd ref="11368020595"/>
    <nd ref="11368020596"/>
    <nd ref="11368020597"/>
    <nd ref="11368020598"/>
    <nd ref="11368020599"/>
    <nd ref="11368020600"/>
    <tag k="highway" v="residential"/>
    <tag k="source" v="maxar"/>
  </way>
  <way id="1225839926" version="1" timestamp="2023-11-22T06:52:22Z" changeset="144312830" uid="19795114" user="kunalchhapre">
    <nd ref="11368020593"/>
    <nd ref="11368017232"/>
    <nd ref="11368017233"/>
    <nd ref="11368017234"/>
    <nd ref="11368017235"/>
    <nd ref="11368017236"/>
    <nd ref="11368017237"/>
    <nd ref="11368017238"/>
    <tag k="highway" v="residential"/>
    <tag k="source" v="maxar"/>
  </way>
  <way id="1353627470" version="1" timestamp="2025-01-23T09:34:26Z" changeset="161666372" uid="21810426" user="rumanola">
    <nd ref="5910336507"/>
    <nd ref="12526003963"/>
    <nd ref="12526003952"/>
    <tag k="highway" v="residential"/>
  </way>
  <way id="1353627471" version="1" timestamp="2025-01-23T09:34:26Z" changeset="161666372" uid="21810426" user="rumanola">
    <nd ref="12526003952"/>
    <nd ref="12526003953"/>
    <nd ref="12526003954"/>
    <nd ref="12526003955"/>
    <nd ref="12526003956"/>
    <nd ref="12526003957"/>
    <nd ref="12526003958"/>
    <nd ref="12526003959"/>
    <nd ref="12526003960"/>
    <nd ref="12526003961"/>
    <nd ref="12526003962"/>
    <tag k="highway" v="residential"/>
    <tag k="surface" v="unpaved"/>
  </way>
  <way id="1353627472" version="1" timestamp="2025-01-23T09:34:26Z" changeset="161666372" uid="21810426" user="rumanola">
    <nd ref="12526003963"/>
    <nd ref="12526003964"/>
    <nd ref="12526003965"/>
    <nd ref="12526003966"/>
    <tag k="access" v="private"/>
    <tag k="highway" v="service"/>
  </way>

</osm>
